Start (ns),Duration (ns),CorrId,GrdX,GrdY,GrdZ,BlkX,BlkY,BlkZ,Reg/Trd,StcSMem (MB),DymSMem (MB),Bytes (MB),Throughput (MB/s),SrcMemKd,DstMemKd,Device,Ctx,GreenCtx,Strm,Name
14020039,4256,7,576,1,1,128,1,1,32,0.000,0.000,,,,,NVIDIA H100 80GB HBM3 (0),1,,7,"void at::native::unrolled_elementwise_kernel<at::native::direct_copy_kernel_cuda(at::TensorIteratorBase &)::[lambda() (instance 3)]::operator ()() const::[lambda() (instance 7)]::operator ()() const::[lambda(float) (instance 1)], std::array<char *, (unsigned long)2>, (int)4, TrivialOffsetCalculator<(int)1, unsigned int>, TrivialOffsetCalculator<(int)1, unsigned int>, at::native::memory::LoadWithCast<(int)1>, at::native::memory::StoreWithCast<(int)1>>(int, T1, T2, T4, T5, T6, T7)"
14024679,3648,7,768,1,1,32,4,1,39,0.000,0.000,,,,,NVIDIA H100 80GB HBM3 (0),1,,7,"void at::native::<unnamed>::vectorized_layer_norm_kernel<float, float, (bool)0>(int, T2, const T1 *, const T1 *, const T1 *, T2 *, T2 *, T1 *)"
14028743,1664,7,288,1,1,128,1,1,32,0.000,0.000,,,,,NVIDIA H100 80GB HBM3 (0),1,,7,"void at::native::vectorized_elementwise_kernel<(int)8, at::native::bfloat16_copy_kernel_cuda(at::TensorIteratorBase &)::[lambda(float) (instance 1)], std::array<char *, (unsigned long)2>>(int, T2, T3)"
14030567,82977,7,1,1,132,384,1,1,168,0.000,0.231,,,,,NVIDIA H100 80GB HBM3 (0),1,,7,kernel_cutlass_kernel_quackgemm_actGemmActSm90_object_at__TiledMMA_ThrLayoutVMNK1281111000_PermutationMNK____MMAAtom_ThrID1281_ShapeMNK6419216_TVLayoutA12864160164_TVLayoutB1281921601192__0
14111432,42848,7,1,1,132,384,1,1,168,0.000,0.231,,,,,NVIDIA H100 80GB HBM3 (0),1,,7,kernel_cutlass_kernel_quackgemm_actGemmActSm90_object_at__TiledMMA_ThrLayoutVMNK1281111000_PermutationMNK____MMAAtom_ThrID1281_ShapeMNK6419216_TVLayoutA12864160164_TVLayoutB1281921601192__0
14154536,11424,7,5760,1,1,128,1,1,32,0.000,0.000,,,,,NVIDIA H100 80GB HBM3 (0),1,,7,"void at::native::unrolled_elementwise_kernel<at::native::direct_copy_kernel_cuda(at::TensorIteratorBase &)::[lambda() (instance 3)]::operator ()() const::[lambda() (instance 7)]::operator ()() const::[lambda(float) (instance 1)], std::array<char *, (unsigned long)2>, (int)4, TrivialOffsetCalculator<(int)1, unsigned int>, TrivialOffsetCalculator<(int)1, unsigned int>, at::native::memory::LoadWithCast<(int)1>, at::native::memory::StoreWithCast<(int)1>>(int, T1, T2, T4, T5, T6, T7)"
14166376,7584,7,3840,1,1,128,1,1,32,0.000,0.000,,,,,NVIDIA H100 80GB HBM3 (0),1,,7,_adaln_rows_kernel
14174184,27872,7,1,1,132,384,1,1,168,0.000,0.231,,,,,NVIDIA H100 80GB HBM3 (0),1,,7,kernel_cutlass_kernel_quackgemm_actGemmActSm90_object_at__TiledMMA_ThrLayoutVMNK1281111000_PermutationMNK____MMAAtom_ThrID1281_ShapeMNK6419216_TVLayoutA12864160164_TVLayoutB1281921601192__0
14198760,42240,7,480,1,1,288,1,1,94,0.000,0.100,,,,,NVIDIA H100 80GB HBM3 (0),1,,7,"void attn_kernel<(int)1>(CUtensorMap_st, CUtensorMap_st, CUtensorMap_st, __nv_bfloat16 *, int, int, int, int, int, float *)"
14240168,9888,7,1,2,66,384,1,1,168,0.000,0.230,,,,,NVIDIA H100 80GB HBM3 (0),1,,7,kernel_cutlass_kernel_quackgemm_actGemmActSm90_object_at__TiledMMA_ThrLayoutVMNK1281111000_PermutationMNK____MMAAtom_ThrID1281_ShapeMNK6419216_TVLayoutA12864160164_TVLayoutB1281921601192__0
14248360,14048,7,3840,1,1,128,1,1,32,0.000,0.004,,,,,NVIDIA H100 80GB HBM3 (0),1,,7,_resgate_adaln_rows_kernel
14262472,28672,7,1,1,132,384,1,1,168,0.000,0.232,,,,,NVIDIA H100 80GB HBM3 (0),1,,7,kernel_cutlass_kernel_quackgemm_actGemmGatedSm90_object_at__TiledMMA_ThrLayoutVMNK1281111000_PermutationMNK____MMAAtom_ThrID1281_ShapeMNK6419216_TVLayoutA12864160164_TVLayoutB128192160119_0
14288040,17280,7,1,2,60,384,1,1,168,0.000,0.230,,,,,NVIDIA H100 80GB HBM3 (0),1,,7,kernel_cutlass_kernel_quackgemm_actGemmActSm90_object_at__TiledMMA_ThrLayoutVMNK128211112800_PermutationMNK____MMAAtom_ThrID1281_ShapeMNK6419216_TVLayoutA12864160164_TVLayoutB128192160119_0
14305288,12672,7,3840,1,1,128,1,1,32,0.000,0.004,,,,,NVIDIA H100 80GB HBM3 (0),1,,7,_resgate_adaln_rows_kernel
14318088,29920,7,1,1,132,384,1,1,168,0.000,0.231,,,,,NVIDIA H100 80GB HBM3 (0),1,,7,kernel_cutlass_kernel_quackgemm_actGemmActSm90_object_at__TiledMMA_ThrLayoutVMNK1281111000_PermutationMNK____MMAAtom_ThrID1281_ShapeMNK6419216_TVLayoutA12864160164_TVLayoutB1281921601192__0
14345064,41536,7,480,1,1,288,1,1,94,0.000,0.100,,,,,NVIDIA H100 80GB HBM3 (0),1,,7,"void attn_kernel<(int)1>(CUtensorMap_st, CUtensorMap_st, CUtensorMap_st, __nv_bfloat16 *, int, int, int, int, int, float *)"
14385928,9920,7,1,2,66,384,1,1,168,0.000,0.230,,,,,NVIDIA H100 80GB HBM3 (0),1,,7,kernel_cutlass_kernel_quackgemm_actGemmActSm90_object_at__TiledMMA_ThrLayoutVMNK1281111000_PermutationMNK____MMAAtom_ThrID1281_ShapeMNK6419216_TVLayoutA12864160164_TVLayoutB1281921601192__0
14394344,13920,7,3840,1,1,128,1,1,32,0.000,0.004,,,,,NVIDIA H100 80GB HBM3 (0),1,,7,_resgate_adaln_rows_kernel
14408265,29440,7,1,1,132,384,1,1,168,0.000,0.232,,,,,NVIDIA H100 80GB HBM3 (0),1,,7,kernel_cutlass_kernel_quackgemm_actGemmGatedSm90_object_at__TiledMMA_ThrLayoutVMNK1281111000_PermutationMNK____MMAAtom_ThrID1281_ShapeMNK6419216_TVLayoutA12864160164_TVLayoutB128192160119_0
14434249,17568,7,1,2,60,384,1,1,168,0.000,0.230,,,,,NVIDIA H100 80GB HBM3 (0),1,,7,kernel_cutlass_kernel_quackgemm_actGemmActSm90_object_at__TiledMMA_ThrLayoutVMNK128211112800_PermutationMNK____MMAAtom_ThrID1281_ShapeMNK6419216_TVLayoutA12864160164_TVLayoutB128192160119_0
14451721,12800,7,3840,1,1,128,1,1,32,0.000,0.004,,,,,NVIDIA H100 80GB HBM3 (0),1,,7,_resgate_adaln_rows_kernel
14464425,28608,7,1,1,132,384,1,1,168,0.000,0.231,,,,,NVIDIA H100 80GB HBM3 (0),1,,7,kernel_cutlass_kernel_quackgemm_actGemmActSm90_object_at__TiledMMA_ThrLayoutVMNK1281111000_PermutationMNK____MMAAtom_ThrID1281_ShapeMNK6419216_TVLayoutA12864160164_TVLayoutB1281921601192__0
14489897,41856,7,480,1,1,288,1,1,94,0.000,0.100,,,,,NVIDIA H100 80GB HBM3 (0),1,,7,"void attn_kernel<(int)1>(CUtensorMap_st, CUtensorMap_st, CUtensorMap_st, __nv_bfloat16 *, int, int, int, int, int, float *)"
14531113,9728,7,1,2,66,384,1,1,168,0.000,0.230,,,,,NVIDIA H100 80GB HBM3 (0),1,,7,kernel_cutlass_kernel_quackgemm_actGemmActSm90_object_at__TiledMMA_ThrLayoutVMNK1281111000_PermutationMNK____MMAAtom_ThrID1281_ShapeMNK6419216_TVLayoutA12864160164_TVLayoutB1281921601192__0
14539273,14176,7,3840,1,1,128,1,1,32,0.000,0.004,,,,,NVIDIA H100 80GB HBM3 (0),1,,7,_resgate_adaln_rows_kernel
14553705,29472,7,1,1,132,384,1,1,168,0.000,0.232,,,,,NVIDIA H100 80GB HBM3 (0),1,,7,kernel_cutlass_kernel_quackgemm_actGemmGatedSm90_object_at__TiledMMA_ThrLayoutVMNK1281111000_PermutationMNK____MMAAtom_ThrID1281_ShapeMNK6419216_TVLayoutA12864160164_TVLayoutB128192160119_0
14580169,17280,7,1,2,60,384,1,1,168,0.000,0.230,,,,,NVIDIA H100 80GB HBM3 (0),1,,7,kernel_cutlass_kernel_quackgemm_actGemmActSm90_object_at__TiledMMA_ThrLayoutVMNK128211112800_PermutationMNK____MMAAtom_ThrID1281_ShapeMNK6419216_TVLayoutA12864160164_TVLayoutB128192160119_0
14597225,12768,7,3840,1,1,128,1,1,32,0.000,0.004,,,,,NVIDIA H100 80GB HBM3 (0),1,,7,_resgate_adaln_rows_kernel
14610057,29248,7,1,1,132,384,1,1,168,0.000,0.231,,,,,NVIDIA H100 80GB HBM3 (0),1,,7,kernel_cutlass_kernel_quackgemm_actGemmActSm90_object_at__TiledMMA_ThrLayoutVMNK1281111000_PermutationMNK____MMAAtom_ThrID1281_ShapeMNK6419216_TVLayoutA12864160164_TVLayoutB1281921601192__0
14635945,41664,7,480,1,1,288,1,1,94,0.000,0.100,,,,,NVIDIA H100 80GB HBM3 (0),1,,7,"void attn_kernel<(int)1>(CUtensorMap_st, CUtensorMap_st, CUtensorMap_st, __nv_bfloat16 *, int, int, int, int, int, float *)"
14676777,9952,7,1,2,66,384,1,1,168,0.000,0.230,,,,,NVIDIA H100 80GB HBM3 (0),1,,7,kernel_cutlass_kernel_quackgemm_actGemmActSm90_object_at__TiledMMA_ThrLayoutVMNK1281111000_PermutationMNK____MMAAtom_ThrID1281_ShapeMNK6419216_TVLayoutA12864160164_TVLayoutB1281921601192__0
14684873,14367,7,3840,1,1,128,1,1,32,0.000,0.004,,,,,NVIDIA H100 80GB HBM3 (0),1,,7,_resgate_adaln_rows_kernel
14699241,29217,7,1,1,132,384,1,1,168,0.000,0.232,,,,,NVIDIA H100 80GB HBM3 (0),1,,7,kernel_cutlass_kernel_quackgemm_actGemmGatedSm90_object_at__TiledMMA_ThrLayoutVMNK1281111000_PermutationMNK____MMAAtom_ThrID1281_ShapeMNK6419216_TVLayoutA12864160164_TVLayoutB128192160119_0
14725514,17120,7,1,2,60,384,1,1,168,0.000,0.230,,,,,NVIDIA H100 80GB HBM3 (0),1,,7,kernel_cutlass_kernel_quackgemm_actGemmActSm90_object_at__TiledMMA_ThrLayoutVMNK128211112800_PermutationMNK____MMAAtom_ThrID1281_ShapeMNK6419216_TVLayoutA12864160164_TVLayoutB128192160119_0
14742442,12448,7,3840,1,1,128,1,1,32,0.000,0.004,,,,,NVIDIA H100 80GB HBM3 (0),1,,7,_resgate_adaln_rows_kernel
14754986,29120,7,1,1,132,384,1,1,168,0.000,0.231,,,,,NVIDIA H100 80GB HBM3 (0),1,,7,kernel_cutlass_kernel_quackgemm_actGemmActSm90_object_at__TiledMMA_ThrLayoutVMNK1281111000_PermutationMNK____MMAAtom_ThrID1281_ShapeMNK6419216_TVLayoutA12864160164_TVLayoutB1281921601192__0
14781194,41472,7,480,1,1,288,1,1,94,0.000,0.100,,,,,NVIDIA H100 80GB HBM3 (0),1,,7,"void attn_kernel<(int)1>(CUtensorMap_st, CUtensorMap_st, CUtensorMap_st, __nv_bfloat16 *, int, int, int, int, int, float *)"
14821898,9632,7,1,2,66,384,1,1,168,0.000,0.230,,,,,NVIDIA H100 80GB HBM3 (0),1,,7,kernel_cutlass_kernel_quackgemm_actGemmActSm90_object_at__TiledMMA_ThrLayoutVMNK1281111000_PermutationMNK____MMAAtom_ThrID1281_ShapeMNK6419216_TVLayoutA12864160164_TVLayoutB1281921601192__0
14829866,13984,7,3840,1,1,128,1,1,32,0.000,0.004,,,,,NVIDIA H100 80GB HBM3 (0),1,,7,_resgate_adaln_rows_kernel
14843946,28800,7,1,1,132,384,1,1,168,0.000,0.232,,,,,NVIDIA H100 80GB HBM3 (0),1,,7,kernel_cutlass_kernel_quackgemm_actGemmGatedSm90_object_at__TiledMMA_ThrLayoutVMNK1281111000_PermutationMNK____MMAAtom_ThrID1281_ShapeMNK6419216_TVLayoutA12864160164_TVLayoutB128192160119_0
14869578,17312,7,1,2,60,384,1,1,168,0.000,0.230,,,,,NVIDIA H100 80GB HBM3 (0),1,,7,kernel_cutlass_kernel_quackgemm_actGemmActSm90_object_at__TiledMMA_ThrLayoutVMNK128211112800_PermutationMNK____MMAAtom_ThrID1281_ShapeMNK6419216_TVLayoutA12864160164_TVLayoutB128192160119_0
14886730,12576,7,3840,1,1,128,1,1,32,0.000,0.004,,,,,NVIDIA H100 80GB HBM3 (0),1,,7,_resgate_adaln_rows_kernel
14899370,29664,7,1,1,132,384,1,1,168,0.000,0.231,,,,,NVIDIA H100 80GB HBM3 (0),1,,7,kernel_cutlass_kernel_quackgemm_actGemmActSm90_object_at__TiledMMA_ThrLayoutVMNK1281111000_PermutationMNK____MMAAtom_ThrID1281_ShapeMNK6419216_TVLayoutA12864160164_TVLayoutB1281921601192__0
14925674,41600,7,480,1,1,288,1,1,94,0.000,0.100,,,,,NVIDIA H100 80GB HBM3 (0),1,,7,"void attn_kernel<(int)1>(CUtensorMap_st, CUtensorMap_st, CUtensorMap_st, __nv_bfloat16 *, int, int, int, int, int, float *)"
14966506,9824,7,1,2,66,384,1,1,168,0.000,0.230,,,,,NVIDIA H100 80GB HBM3 (0),1,,7,kernel_cutlass_kernel_quackgemm_actGemmActSm90_object_at__TiledMMA_ThrLayoutVMNK1281111000_PermutationMNK____MMAAtom_ThrID1281_ShapeMNK6419216_TVLayoutA12864160164_TVLayoutB1281921601192__0
14974666,13952,7,3840,1,1,128,1,1,32,0.000,0.004,,,,,NVIDIA H100 80GB HBM3 (0),1,,7,_resgate_adaln_rows_kernel
14988746,29248,7,1,1,132,384,1,1,168,0.000,0.232,,,,,NVIDIA H100 80GB HBM3 (0),1,,7,kernel_cutlass_kernel_quackgemm_actGemmGatedSm90_object_at__TiledMMA_ThrLayoutVMNK1281111000_PermutationMNK____MMAAtom_ThrID1281_ShapeMNK6419216_TVLayoutA12864160164_TVLayoutB128192160119_0
15014922,17344,7,1,2,60,384,1,1,168,0.000,0.230,,,,,NVIDIA H100 80GB HBM3 (0),1,,7,kernel_cutlass_kernel_quackgemm_actGemmActSm90_object_at__TiledMMA_ThrLayoutVMNK128211112800_PermutationMNK____MMAAtom_ThrID1281_ShapeMNK6419216_TVLayoutA12864160164_TVLayoutB128192160119_0
15031914,12705,7,3840,1,1,128,1,1,32,0.000,0.004,,,,,NVIDIA H100 80GB HBM3 (0),1,,7,_resgate_adaln_rows_kernel
15044747,28320,7,1,1,132,384,1,1,168,0.000,0.231,,,,,NVIDIA H100 80GB HBM3 (0),1,,7,kernel_cutlass_kernel_quackgemm_actGemmActSm90_object_at__TiledMMA_ThrLayoutVMNK1281111000_PermutationMNK____MMAAtom_ThrID1281_ShapeMNK6419216_TVLayoutA12864160164_TVLayoutB1281921601192__0
15069963,41824,7,480,1,1,288,1,1,94,0.000,0.100,,,,,NVIDIA H100 80GB HBM3 (0),1,,7,"void attn_kernel<(int)1>(CUtensorMap_st, CUtensorMap_st, CUtensorMap_st, __nv_bfloat16 *, int, int, int, int, int, float *)"
15111083,10016,7,1,2,66,384,1,1,168,0.000,0.230,,,,,NVIDIA H100 80GB HBM3 (0),1,,7,kernel_cutlass_kernel_quackgemm_actGemmActSm90_object_at__TiledMMA_ThrLayoutVMNK1281111000_PermutationMNK____MMAAtom_ThrID1281_ShapeMNK6419216_TVLayoutA12864160164_TVLayoutB1281921601192__0
15119115,14880,7,3840,1,1,128,1,1,32,0.000,0.004,,,,,NVIDIA H100 80GB HBM3 (0),1,,7,_resgate_adaln_rows_kernel
15134091,28960,7,1,1,132,384,1,1,168,0.000,0.232,,,,,NVIDIA H100 80GB HBM3 (0),1,,7,kernel_cutlass_kernel_quackgemm_actGemmGatedSm90_object_at__TiledMMA_ThrLayoutVMNK1281111000_PermutationMNK____MMAAtom_ThrID1281_ShapeMNK6419216_TVLayoutA12864160164_TVLayoutB128192160119_0
15160235,17024,7,1,2,60,384,1,1,168,0.000,0.230,,,,,NVIDIA H100 80GB HBM3 (0),1,,7,kernel_cutlass_kernel_quackgemm_actGemmActSm90_object_at__TiledMMA_ThrLayoutVMNK128211112800_PermutationMNK____MMAAtom_ThrID1281_ShapeMNK6419216_TVLayoutA12864160164_TVLayoutB128192160119_0
15177035,12672,7,3840,1,1,128,1,1,32,0.000,0.004,,,,,NVIDIA H100 80GB HBM3 (0),1,,7,_resgate_adaln_rows_kernel
15189963,28576,7,1,1,132,384,1,1,168,0.000,0.231,,,,,NVIDIA H100 80GB HBM3 (0),1,,7,kernel_cutlass_kernel_quackgemm_actGemmActSm90_object_at__TiledMMA_ThrLayoutVMNK1281111000_PermutationMNK____MMAAtom_ThrID1281_ShapeMNK6419216_TVLayoutA12864160164_TVLayoutB1281921601192__0
15215371,42752,7,480,1,1,288,1,1,94,0.000,0.100,,,,,NVIDIA H100 80GB HBM3 (0),1,,7,"void attn_kernel<(int)1>(CUtensorMap_st, CUtensorMap_st, CUtensorMap_st, __nv_bfloat16 *, int, int, int, int, int, float *)"
15257387,9536,7,1,2,66,384,1,1,168,0.000,0.230,,,,,NVIDIA H100 80GB HBM3 (0),1,,7,kernel_cutlass_kernel_quackgemm_actGemmActSm90_object_at__TiledMMA_ThrLayoutVMNK1281111000_PermutationMNK____MMAAtom_ThrID1281_ShapeMNK6419216_TVLayoutA12864160164_TVLayoutB1281921601192__0
15265291,14176,7,3840,1,1,128,1,1,32,0.000,0.004,,,,,NVIDIA H100 80GB HBM3 (0),1,,7,_resgate_adaln_rows_kernel
15279563,29312,7,1,1,132,384,1,1,168,0.000,0.232,,,,,NVIDIA H100 80GB HBM3 (0),1,,7,kernel_cutlass_kernel_quackgemm_actGemmGatedSm90_object_at__TiledMMA_ThrLayoutVMNK1281111000_PermutationMNK____MMAAtom_ThrID1281_ShapeMNK6419216_TVLayoutA12864160164_TVLayoutB128192160119_0
15305835,17216,7,1,2,60,384,1,1,168,0.000,0.230,,,,,NVIDIA H100 80GB HBM3 (0),1,,7,kernel_cutlass_kernel_quackgemm_actGemmActSm90_object_at__TiledMMA_ThrLayoutVMNK128211112800_PermutationMNK____MMAAtom_ThrID1281_ShapeMNK6419216_TVLayoutA12864160164_TVLayoutB128192160119_0
15322763,12863,7,3840,1,1,128,1,1,32,0.000,0.004,,,,,NVIDIA H100 80GB HBM3 (0),1,,7,_resgate_adaln_rows_kernel
15335627,29217,7,1,1,132,384,1,1,168,0.000,0.231,,,,,NVIDIA H100 80GB HBM3 (0),1,,7,kernel_cutlass_kernel_quackgemm_actGemmActSm90_object_at__TiledMMA_ThrLayoutVMNK1281111000_PermutationMNK____MMAAtom_ThrID1281_ShapeMNK6419216_TVLayoutA12864160164_TVLayoutB1281921601192__0
15361931,40513,7,480,1,1,288,1,1,94,0.000,0.100,,,,,NVIDIA H100 80GB HBM3 (0),1,,7,"void attn_kernel<(int)1>(CUtensorMap_st, CUtensorMap_st, CUtensorMap_st, __nv_bfloat16 *, int, int, int, int, int, float *)"
15401804,9632,7,1,2,66,384,1,1,168,0.000,0.230,,,,,NVIDIA H100 80GB HBM3 (0),1,,7,kernel_cutlass_kernel_quackgemm_actGemmActSm90_object_at__TiledMMA_ThrLayoutVMNK1281111000_PermutationMNK____MMAAtom_ThrID1281_ShapeMNK6419216_TVLayoutA12864160164_TVLayoutB1281921601192__0
15409836,13792,7,3840,1,1,128,1,1,32,0.000,0.004,,,,,NVIDIA H100 80GB HBM3 (0),1,,7,_resgate_adaln_rows_kernel
15423660,29280,7,1,1,132,384,1,1,168,0.000,0.232,,,,,NVIDIA H100 80GB HBM3 (0),1,,7,kernel_cutlass_kernel_quackgemm_actGemmGatedSm90_object_at__TiledMMA_ThrLayoutVMNK1281111000_PermutationMNK____MMAAtom_ThrID1281_ShapeMNK6419216_TVLayoutA12864160164_TVLayoutB128192160119_0
15449612,17472,7,1,2,60,384,1,1,168,0.000,0.230,,,,,NVIDIA H100 80GB HBM3 (0),1,,7,kernel_cutlass_kernel_quackgemm_actGemmActSm90_object_at__TiledMMA_ThrLayoutVMNK128211112800_PermutationMNK____MMAAtom_ThrID1281_ShapeMNK6419216_TVLayoutA12864160164_TVLayoutB128192160119_0
15466572,12736,7,3840,1,1,128,1,1,32,0.000,0.004,,,,,NVIDIA H100 80GB HBM3 (0),1,,7,_resgate_adaln_rows_kernel
15479404,28736,7,1,1,132,384,1,1,168,0.000,0.231,,,,,NVIDIA H100 80GB HBM3 (0),1,,7,kernel_cutlass_kernel_quackgemm_actGemmActSm90_object_at__TiledMMA_ThrLayoutVMNK1281111000_PermutationMNK____MMAAtom_ThrID1281_ShapeMNK6419216_TVLayoutA12864160164_TVLayoutB1281921601192__0
15504908,42816,7,480,1,1,288,1,1,94,0.000,0.100,,,,,NVIDIA H100 80GB HBM3 (0),1,,7,"void attn_kernel<(int)1>(CUtensorMap_st, CUtensorMap_st, CUtensorMap_st, __nv_bfloat16 *, int, int, int, int, int, float *)"
15547084,10176,7,1,2,66,384,1,1,168,0.000,0.230,,,,,NVIDIA H100 80GB HBM3 (0),1,,7,kernel_cutlass_kernel_quackgemm_actGemmActSm90_object_at__TiledMMA_ThrLayoutVMNK1281111000_PermutationMNK____MMAAtom_ThrID1281_ShapeMNK6419216_TVLayoutA12864160164_TVLayoutB1281921601192__0
15555468,14335,7,3840,1,1,128,1,1,32,0.000,0.004,,,,,NVIDIA H100 80GB HBM3 (0),1,,7,_resgate_adaln_rows_kernel
15569804,28608,7,1,1,132,384,1,1,168,0.000,0.232,,,,,NVIDIA H100 80GB HBM3 (0),1,,7,kernel_cutlass_kernel_quackgemm_actGemmGatedSm90_object_at__TiledMMA_ThrLayoutVMNK1281111000_PermutationMNK____MMAAtom_ThrID1281_ShapeMNK6419216_TVLayoutA12864160164_TVLayoutB128192160119_0
15594924,17568,7,1,2,60,384,1,1,168,0.000,0.230,,,,,NVIDIA H100 80GB HBM3 (0),1,,7,kernel_cutlass_kernel_quackgemm_actGemmActSm90_object_at__TiledMMA_ThrLayoutVMNK128211112800_PermutationMNK____MMAAtom_ThrID1281_ShapeMNK6419216_TVLayoutA12864160164_TVLayoutB128192160119_0
15612236,12992,7,3840,1,1,128,1,1,32,0.000,0.004,,,,,NVIDIA H100 80GB HBM3 (0),1,,7,_resgate_adaln_rows_kernel
15625164,29408,7,1,1,132,384,1,1,168,0.000,0.231,,,,,NVIDIA H100 80GB HBM3 (0),1,,7,kernel_cutlass_kernel_quackgemm_actGemmActSm90_object_at__TiledMMA_ThrLayoutVMNK1281111000_PermutationMNK____MMAAtom_ThrID1281_ShapeMNK6419216_TVLayoutA12864160164_TVLayoutB1281921601192__0
15651660,41729,7,480,1,1,288,1,1,94,0.000,0.100,,,,,NVIDIA H100 80GB HBM3 (0),1,,7,"void attn_kernel<(int)1>(CUtensorMap_st, CUtensorMap_st, CUtensorMap_st, __nv_bfloat16 *, int, int, int, int, int, float *)"
15692589,9664,7,1,2,66,384,1,1,168,0.000,0.230,,,,,NVIDIA H100 80GB HBM3 (0),1,,7,kernel_cutlass_kernel_quackgemm_actGemmActSm90_object_at__TiledMMA_ThrLayoutVMNK1281111000_PermutationMNK____MMAAtom_ThrID1281_ShapeMNK6419216_TVLayoutA12864160164_TVLayoutB1281921601192__0
15700781,13984,7,3840,1,1,128,1,1,32,0.000,0.004,,,,,NVIDIA H100 80GB HBM3 (0),1,,7,_resgate_adaln_rows_kernel
15714829,28672,7,1,1,132,384,1,1,168,0.000,0.232,,,,,NVIDIA H100 80GB HBM3 (0),1,,7,kernel_cutlass_kernel_quackgemm_actGemmGatedSm90_object_at__TiledMMA_ThrLayoutVMNK1281111000_PermutationMNK____MMAAtom_ThrID1281_ShapeMNK6419216_TVLayoutA12864160164_TVLayoutB128192160119_0
15740205,17472,7,1,2,60,384,1,1,168,0.000,0.230,,,,,NVIDIA H100 80GB HBM3 (0),1,,7,kernel_cutlass_kernel_quackgemm_actGemmActSm90_object_at__TiledMMA_ThrLayoutVMNK128211112800_PermutationMNK____MMAAtom_ThrID1281_ShapeMNK6419216_TVLayoutA12864160164_TVLayoutB128192160119_0
15757485,12640,7,3840,1,1,128,1,1,32,0.000,0.004,,,,,NVIDIA H100 80GB HBM3 (0),1,,7,_resgate_adaln_rows_kernel
15770157,29408,7,1,1,132,384,1,1,168,0.000,0.231,,,,,NVIDIA H100 80GB HBM3 (0),1,,7,kernel_cutlass_kernel_quackgemm_actGemmActSm90_object_at__TiledMMA_ThrLayoutVMNK1281111000_PermutationMNK____MMAAtom_ThrID1281_ShapeMNK6419216_TVLayoutA12864160164_TVLayoutB1281921601192__0
15796205,42080,7,480,1,1,288,1,1,94,0.000,0.100,,,,,NVIDIA H100 80GB HBM3 (0),1,,7,"void attn_kernel<(int)1>(CUtensorMap_st, CUtensorMap_st, CUtensorMap_st, __nv_bfloat16 *, int, int, int, int, int, float *)"
15837453,9632,7,1,2,66,384,1,1,168,0.000,0.230,,,,,NVIDIA H100 80GB HBM3 (0),1,,7,kernel_cutlass_kernel_quackgemm_actGemmActSm90_object_at__TiledMMA_ThrLayoutVMNK1281111000_PermutationMNK____MMAAtom_ThrID1281_ShapeMNK6419216_TVLayoutA12864160164_TVLayoutB1281921601192__0
15845453,14176,7,3840,1,1,128,1,1,32,0.000,0.004,,,,,NVIDIA H100 80GB HBM3 (0),1,,7,_resgate_adaln_rows_kernel
15859725,29408,7,1,1,132,384,1,1,168,0.000,0.232,,,,,NVIDIA H100 80GB HBM3 (0),1,,7,kernel_cutlass_kernel_quackgemm_actGemmGatedSm90_object_at__TiledMMA_ThrLayoutVMNK1281111000_PermutationMNK____MMAAtom_ThrID1281_ShapeMNK6419216_TVLayoutA12864160164_TVLayoutB128192160119_0
15886317,16992,7,1,2,60,384,1,1,168,0.000,0.230,,,,,NVIDIA H100 80GB HBM3 (0),1,,7,kernel_cutlass_kernel_quackgemm_actGemmActSm90_object_at__TiledMMA_ThrLayoutVMNK128211112800_PermutationMNK____MMAAtom_ThrID1281_ShapeMNK6419216_TVLayoutA12864160164_TVLayoutB128192160119_0
15903053,12768,7,3840,1,1,128,1,1,32,0.000,0.004,,,,,NVIDIA H100 80GB HBM3 (0),1,,7,_resgate_adaln_rows_kernel
15915757,30080,7,1,1,132,384,1,1,168,0.000,0.231,,,,,NVIDIA H100 80GB HBM3 (0),1,,7,kernel_cutlass_kernel_quackgemm_actGemmActSm90_object_at__TiledMMA_ThrLayoutVMNK1281111000_PermutationMNK____MMAAtom_ThrID1281_ShapeMNK6419216_TVLayoutA12864160164_TVLayoutB1281921601192__0
15942765,42080,7,480,1,1,288,1,1,94,0.000,0.100,,,,,NVIDIA H100 80GB HBM3 (0),1,,7,"void attn_kernel<(int)1>(CUtensorMap_st, CUtensorMap_st, CUtensorMap_st, __nv_bfloat16 *, int, int, int, int, int, float *)"
15984077,9760,7,1,2,66,384,1,1,168,0.000,0.230,,,,,NVIDIA H100 80GB HBM3 (0),1,,7,kernel_cutlass_kernel_quackgemm_actGemmActSm90_object_at__TiledMMA_ThrLayoutVMNK1281111000_PermutationMNK____MMAAtom_ThrID1281_ShapeMNK6419216_TVLayoutA12864160164_TVLayoutB1281921601192__0
15992429,13568,7,3840,1,1,128,1,1,32,0.000,0.004,,,,,NVIDIA H100 80GB HBM3 (0),1,,7,_resgate_adaln_rows_kernel
16006125,29569,7,1,1,132,384,1,1,168,0.000,0.232,,,,,NVIDIA H100 80GB HBM3 (0),1,,7,kernel_cutlass_kernel_quackgemm_actGemmGatedSm90_object_at__TiledMMA_ThrLayoutVMNK1281111000_PermutationMNK____MMAAtom_ThrID1281_ShapeMNK6419216_TVLayoutA12864160164_TVLayoutB128192160119_0
16032654,17216,7,1,2,60,384,1,1,168,0.000,0.230,,,,,NVIDIA H100 80GB HBM3 (0),1,,7,kernel_cutlass_kernel_quackgemm_actGemmActSm90_object_at__TiledMMA_ThrLayoutVMNK128211112800_PermutationMNK____MMAAtom_ThrID1281_ShapeMNK6419216_TVLayoutA12864160164_TVLayoutB128192160119_0
16049550,12736,7,3840,1,1,128,1,1,32,0.000,0.004,,,,,NVIDIA H100 80GB HBM3 (0),1,,7,_resgate_adaln_rows_kernel
16062222,28736,7,1,1,132,384,1,1,168,0.000,0.231,,,,,NVIDIA H100 80GB HBM3 (0),1,,7,kernel_cutlass_kernel_quackgemm_actGemmActSm90_object_at__TiledMMA_ThrLayoutVMNK1281111000_PermutationMNK____MMAAtom_ThrID1281_ShapeMNK6419216_TVLayoutA12864160164_TVLayoutB1281921601192__0
16087598,41280,7,480,1,1,288,1,1,94,0.000,0.100,,,,,NVIDIA H100 80GB HBM3 (0),1,,7,"void attn_kernel<(int)1>(CUtensorMap_st, CUtensorMap_st, CUtensorMap_st, __nv_bfloat16 *, int, int, int, int, int, float *)"
16128270,10016,7,1,2,66,384,1,1,168,0.000,0.230,,,,,NVIDIA H100 80GB HBM3 (0),1,,7,kernel_cutlass_kernel_quackgemm_actGemmActSm90_object_at__TiledMMA_ThrLayoutVMNK1281111000_PermutationMNK____MMAAtom_ThrID1281_ShapeMNK6419216_TVLayoutA12864160164_TVLayoutB1281921601192__0
16136846,13952,7,3840,1,1,128,1,1,32,0.000,0.004,,,,,NVIDIA H100 80GB HBM3 (0),1,,7,_resgate_adaln_rows_kernel
16150926,29120,7,1,1,132,384,1,1,168,0.000,0.232,,,,,NVIDIA H100 80GB HBM3 (0),1,,7,kernel_cutlass_kernel_quackgemm_actGemmGatedSm90_object_at__TiledMMA_ThrLayoutVMNK1281111000_PermutationMNK____MMAAtom_ThrID1281_ShapeMNK6419216_TVLayoutA12864160164_TVLayoutB128192160119_0
16177102,17088,7,1,2,60,384,1,1,168,0.000,0.230,,,,,NVIDIA H100 80GB HBM3 (0),1,,7,kernel_cutlass_kernel_quackgemm_actGemmActSm90_object_at__TiledMMA_ThrLayoutVMNK128211112800_PermutationMNK____MMAAtom_ThrID1281_ShapeMNK6419216_TVLayoutA12864160164_TVLayoutB128192160119_0
16193934,12640,7,3840,1,1,128,1,1,32,0.000,0.004,,,,,NVIDIA H100 80GB HBM3 (0),1,,7,_resgate_adaln_rows_kernel
16206510,28992,7,1,1,132,384,1,1,168,0.000,0.231,,,,,NVIDIA H100 80GB HBM3 (0),1,,7,kernel_cutlass_kernel_quackgemm_actGemmActSm90_object_at__TiledMMA_ThrLayoutVMNK1281111000_PermutationMNK____MMAAtom_ThrID1281_ShapeMNK6419216_TVLayoutA12864160164_TVLayoutB1281921601192__0
16232302,42784,7,480,1,1,288,1,1,94,0.000,0.100,,,,,NVIDIA H100 80GB HBM3 (0),1,,7,"void attn_kernel<(int)1>(CUtensorMap_st, CUtensorMap_st, CUtensorMap_st, __nv_bfloat16 *, int, int, int, int, int, float *)"
16274318,9888,7,1,2,66,384,1,1,168,0.000,0.230,,,,,NVIDIA H100 80GB HBM3 (0),1,,7,kernel_cutlass_kernel_quackgemm_actGemmActSm90_object_at__TiledMMA_ThrLayoutVMNK1281111000_PermutationMNK____MMAAtom_ThrID1281_ShapeMNK6419216_TVLayoutA12864160164_TVLayoutB1281921601192__0
16282414,14336,7,3840,1,1,128,1,1,32,0.000,0.004,,,,,NVIDIA H100 80GB HBM3 (0),1,,7,_resgate_adaln_rows_kernel
16297070,29344,7,1,1,132,384,1,1,168,0.000,0.232,,,,,NVIDIA H100 80GB HBM3 (0),1,,7,kernel_cutlass_kernel_quackgemm_actGemmGatedSm90_object_at__TiledMMA_ThrLayoutVMNK1281111000_PermutationMNK____MMAAtom_ThrID1281_ShapeMNK6419216_TVLayoutA12864160164_TVLayoutB128192160119_0
16323054,17697,7,1,2,60,384,1,1,168,0.000,0.230,,,,,NVIDIA H100 80GB HBM3 (0),1,,7,kernel_cutlass_kernel_quackgemm_actGemmActSm90_object_at__TiledMMA_ThrLayoutVMNK128211112800_PermutationMNK____MMAAtom_ThrID1281_ShapeMNK6419216_TVLayoutA12864160164_TVLayoutB128192160119_0
16340495,13024,7,3840,1,1,128,1,1,32,0.000,0.004,,,,,NVIDIA H100 80GB HBM3 (0),1,,7,_resgate_adaln_rows_kernel
16353455,28704,7,1,1,132,384,1,1,168,0.000,0.231,,,,,NVIDIA H100 80GB HBM3 (0),1,,7,kernel_cutlass_kernel_quackgemm_actGemmActSm90_object_at__TiledMMA_ThrLayoutVMNK1281111000_PermutationMNK____MMAAtom_ThrID1281_ShapeMNK6419216_TVLayoutA12864160164_TVLayoutB1281921601192__0
16379215,41376,7,480,1,1,288,1,1,94,0.000,0.100,,,,,NVIDIA H100 80GB HBM3 (0),1,,7,"void attn_kernel<(int)1>(CUtensorMap_st, CUtensorMap_st, CUtensorMap_st, __nv_bfloat16 *, int, int, int, int, int, float *)"
16419919,9632,7,1,2,66,384,1,1,168,0.000,0.230,,,,,NVIDIA H100 80GB HBM3 (0),1,,7,kernel_cutlass_kernel_quackgemm_actGemmActSm90_object_at__TiledMMA_ThrLayoutVMNK1281111000_PermutationMNK____MMAAtom_ThrID1281_ShapeMNK6419216_TVLayoutA12864160164_TVLayoutB1281921601192__0
16428079,14784,7,3840,1,1,128,1,1,32,0.000,0.004,,,,,NVIDIA H100 80GB HBM3 (0),1,,7,_resgate_adaln_rows_kernel
16442991,29600,7,1,1,132,384,1,1,168,0.000,0.232,,,,,NVIDIA H100 80GB HBM3 (0),1,,7,kernel_cutlass_kernel_quackgemm_actGemmGatedSm90_object_at__TiledMMA_ThrLayoutVMNK1281111000_PermutationMNK____MMAAtom_ThrID1281_ShapeMNK6419216_TVLayoutA12864160164_TVLayoutB128192160119_0
16469519,17184,7,1,2,60,384,1,1,168,0.000,0.230,,,,,NVIDIA H100 80GB HBM3 (0),1,,7,kernel_cutlass_kernel_quackgemm_actGemmActSm90_object_at__TiledMMA_ThrLayoutVMNK128211112800_PermutationMNK____MMAAtom_ThrID1281_ShapeMNK6419216_TVLayoutA12864160164_TVLayoutB128192160119_0
16486447,12896,7,3840,1,1,128,1,1,32,0.000,0.004,,,,,NVIDIA H100 80GB HBM3 (0),1,,7,_resgate_adaln_rows_kernel
16499119,29952,7,1,1,132,384,1,1,168,0.000,0.231,,,,,NVIDIA H100 80GB HBM3 (0),1,,7,kernel_cutlass_kernel_quackgemm_actGemmActSm90_object_at__TiledMMA_ThrLayoutVMNK1281111000_PermutationMNK____MMAAtom_ThrID1281_ShapeMNK6419216_TVLayoutA12864160164_TVLayoutB1281921601192__0
16526415,40640,7,480,1,1,288,1,1,94,0.000,0.100,,,,,NVIDIA H100 80GB HBM3 (0),1,,7,"void attn_kernel<(int)1>(CUtensorMap_st, CUtensorMap_st, CUtensorMap_st, __nv_bfloat16 *, int, int, int, int, int, float *)"
16566383,10208,7,1,2,66,384,1,1,168,0.000,0.230,,,,,NVIDIA H100 80GB HBM3 (0),1,,7,kernel_cutlass_kernel_quackgemm_actGemmActSm90_object_at__TiledMMA_ThrLayoutVMNK1281111000_PermutationMNK____MMAAtom_ThrID1281_ShapeMNK6419216_TVLayoutA12864160164_TVLayoutB1281921601192__0
16574927,13920,7,3840,1,1,128,1,1,32,0.000,0.004,,,,,NVIDIA H100 80GB HBM3 (0),1,,7,_resgate_adaln_rows_kernel
16588911,29152,7,1,1,132,384,1,1,168,0.000,0.232,,,,,NVIDIA H100 80GB HBM3 (0),1,,7,kernel_cutlass_kernel_quackgemm_actGemmGatedSm90_object_at__TiledMMA_ThrLayoutVMNK1281111000_PermutationMNK____MMAAtom_ThrID1281_ShapeMNK6419216_TVLayoutA12864160164_TVLayoutB128192160119_0
16615087,17184,7,1,2,60,384,1,1,168,0.000,0.230,,,,,NVIDIA H100 80GB HBM3 (0),1,,7,kernel_cutlass_kernel_quackgemm_actGemmActSm90_object_at__TiledMMA_ThrLayoutVMNK128211112800_PermutationMNK____MMAAtom_ThrID1281_ShapeMNK6419216_TVLayoutA12864160164_TVLayoutB128192160119_0
16632207,12544,7,3840,1,1,128,1,1,32,0.000,0.004,,,,,NVIDIA H100 80GB HBM3 (0),1,,7,_resgate_adaln_rows_kernel
16644783,28897,7,1,1,132,384,1,1,168,0.000,0.231,,,,,NVIDIA H100 80GB HBM3 (0),1,,7,kernel_cutlass_kernel_quackgemm_actGemmActSm90_object_at__TiledMMA_ThrLayoutVMNK1281111000_PermutationMNK____MMAAtom_ThrID1281_ShapeMNK6419216_TVLayoutA12864160164_TVLayoutB1281921601192__0
16671024,41344,7,480,1,1,288,1,1,94,0.000,0.100,,,,,NVIDIA H100 80GB HBM3 (0),1,,7,"void attn_kernel<(int)1>(CUtensorMap_st, CUtensorMap_st, CUtensorMap_st, __nv_bfloat16 *, int, int, int, int, int, float *)"
16711536,9856,7,1,2,66,384,1,1,168,0.000,0.230,,,,,NVIDIA H100 80GB HBM3 (0),1,,7,kernel_cutlass_kernel_quackgemm_actGemmActSm90_object_at__TiledMMA_ThrLayoutVMNK1281111000_PermutationMNK____MMAAtom_ThrID1281_ShapeMNK6419216_TVLayoutA12864160164_TVLayoutB1281921601192__0
16719728,14624,7,3840,1,1,128,1,1,32,0.000,0.004,,,,,NVIDIA H100 80GB HBM3 (0),1,,7,_resgate_adaln_rows_kernel
16734448,29248,7,1,1,132,384,1,1,168,0.000,0.232,,,,,NVIDIA H100 80GB HBM3 (0),1,,7,kernel_cutlass_kernel_quackgemm_actGemmGatedSm90_object_at__TiledMMA_ThrLayoutVMNK1281111000_PermutationMNK____MMAAtom_ThrID1281_ShapeMNK6419216_TVLayoutA12864160164_TVLayoutB128192160119_0
16760688,17184,7,1,2,60,384,1,1,168,0.000,0.230,,,,,NVIDIA H100 80GB HBM3 (0),1,,7,kernel_cutlass_kernel_quackgemm_actGemmActSm90_object_at__TiledMMA_ThrLayoutVMNK128211112800_PermutationMNK____MMAAtom_ThrID1281_ShapeMNK6419216_TVLayoutA12864160164_TVLayoutB128192160119_0
16777232,12576,7,3840,1,1,128,1,1,32,0.000,0.004,,,,,NVIDIA H100 80GB HBM3 (0),1,,7,_resgate_adaln_rows_kernel
16789840,29568,7,1,1,132,384,1,1,168,0.000,0.231,,,,,NVIDIA H100 80GB HBM3 (0),1,,7,kernel_cutlass_kernel_quackgemm_actGemmActSm90_object_at__TiledMMA_ThrLayoutVMNK1281111000_PermutationMNK____MMAAtom_ThrID1281_ShapeMNK6419216_TVLayoutA12864160164_TVLayoutB1281921601192__0
16816048,41664,7,480,1,1,288,1,1,94,0.000,0.100,,,,,NVIDIA H100 80GB HBM3 (0),1,,7,"void attn_kernel<(int)1>(CUtensorMap_st, CUtensorMap_st, CUtensorMap_st, __nv_bfloat16 *, int, int, int, int, int, float *)"
16857168,9856,7,1,2,66,384,1,1,168,0.000,0.230,,,,,NVIDIA H100 80GB HBM3 (0),1,,7,kernel_cutlass_kernel_quackgemm_actGemmActSm90_object_at__TiledMMA_ThrLayoutVMNK1281111000_PermutationMNK____MMAAtom_ThrID1281_ShapeMNK6419216_TVLayoutA12864160164_TVLayoutB1281921601192__0
16865424,13984,7,3840,1,1,128,1,1,32,0.000,0.004,,,,,NVIDIA H100 80GB HBM3 (0),1,,7,_resgate_adaln_rows_kernel
16879440,29664,7,1,1,132,384,1,1,168,0.000,0.232,,,,,NVIDIA H100 80GB HBM3 (0),1,,7,kernel_cutlass_kernel_quackgemm_actGemmGatedSm90_object_at__TiledMMA_ThrLayoutVMNK1281111000_PermutationMNK____MMAAtom_ThrID1281_ShapeMNK6419216_TVLayoutA12864160164_TVLayoutB128192160119_0
16906000,17344,7,1,2,60,384,1,1,168,0.000,0.230,,,,,NVIDIA H100 80GB HBM3 (0),1,,7,kernel_cutlass_kernel_quackgemm_actGemmActSm90_object_at__TiledMMA_ThrLayoutVMNK128211112800_PermutationMNK____MMAAtom_ThrID1281_ShapeMNK6419216_TVLayoutA12864160164_TVLayoutB128192160119_0
16923216,13792,7,3840,1,1,128,1,1,32,0.000,0.004,,,,,NVIDIA H100 80GB HBM3 (0),1,,7,_resgate_adaln_rows_kernel
16936816,28800,7,1,1,132,384,1,1,168,0.000,0.231,,,,,NVIDIA H100 80GB HBM3 (0),1,,7,kernel_cutlass_kernel_quackgemm_actGemmActSm90_object_at__TiledMMA_ThrLayoutVMNK1281111000_PermutationMNK____MMAAtom_ThrID1281_ShapeMNK6419216_TVLayoutA12864160164_TVLayoutB1281921601192__0
16962832,41313,7,480,1,1,288,1,1,94,0.000,0.100,,,,,NVIDIA H100 80GB HBM3 (0),1,,7,"void attn_kernel<(int)1>(CUtensorMap_st, CUtensorMap_st, CUtensorMap_st, __nv_bfloat16 *, int, int, int, int, int, float *)"
17003505,9760,7,1,2,66,384,1,1,168,0.000,0.230,,,,,NVIDIA H100 80GB HBM3 (0),1,,7,kernel_cutlass_kernel_quackgemm_actGemmActSm90_object_at__TiledMMA_ThrLayoutVMNK1281111000_PermutationMNK____MMAAtom_ThrID1281_ShapeMNK6419216_TVLayoutA12864160164_TVLayoutB1281921601192__0
17011857,13664,7,3840,1,1,128,1,1,32,0.000,0.004,,,,,NVIDIA H100 80GB HBM3 (0),1,,7,_resgate_adaln_rows_kernel
17025617,29280,7,1,1,132,384,1,1,168,0.000,0.232,,,,,NVIDIA H100 80GB HBM3 (0),1,,7,kernel_cutlass_kernel_quackgemm_actGemmGatedSm90_object_at__TiledMMA_ThrLayoutVMNK1281111000_PermutationMNK____MMAAtom_ThrID1281_ShapeMNK6419216_TVLayoutA12864160164_TVLayoutB128192160119_0
17051921,17184,7,1,2,60,384,1,1,168,0.000,0.230,,,,,NVIDIA H100 80GB HBM3 (0),1,,7,kernel_cutlass_kernel_quackgemm_actGemmActSm90_object_at__TiledMMA_ThrLayoutVMNK128211112800_PermutationMNK____MMAAtom_ThrID1281_ShapeMNK6419216_TVLayoutA12864160164_TVLayoutB128192160119_0
17068657,12864,7,3840,1,1,128,1,1,32,0.000,0.004,,,,,NVIDIA H100 80GB HBM3 (0),1,,7,_resgate_adaln_rows_kernel
17081489,28448,7,1,1,132,384,1,1,168,0.000,0.231,,,,,NVIDIA H100 80GB HBM3 (0),1,,7,kernel_cutlass_kernel_quackgemm_actGemmActSm90_object_at__TiledMMA_ThrLayoutVMNK1281111000_PermutationMNK____MMAAtom_ThrID1281_ShapeMNK6419216_TVLayoutA12864160164_TVLayoutB1281921601192__0
17106801,41952,7,480,1,1,288,1,1,94,0.000,0.100,,,,,NVIDIA H100 80GB HBM3 (0),1,,7,"void attn_kernel<(int)1>(CUtensorMap_st, CUtensorMap_st, CUtensorMap_st, __nv_bfloat16 *, int, int, int, int, int, float *)"
17148081,9824,7,1,2,66,384,1,1,168,0.000,0.230,,,,,NVIDIA H100 80GB HBM3 (0),1,,7,kernel_cutlass_kernel_quackgemm_actGemmActSm90_object_at__TiledMMA_ThrLayoutVMNK1281111000_PermutationMNK____MMAAtom_ThrID1281_ShapeMNK6419216_TVLayoutA12864160164_TVLayoutB1281921601192__0
17156305,14144,7,3840,1,1,128,1,1,32,0.000,0.004,,,,,NVIDIA H100 80GB HBM3 (0),1,,7,_resgate_adaln_rows_kernel
17170801,29440,7,1,1,132,384,1,1,168,0.000,0.232,,,,,NVIDIA H100 80GB HBM3 (0),1,,7,kernel_cutlass_kernel_quackgemm_actGemmGatedSm90_object_at__TiledMMA_ThrLayoutVMNK1281111000_PermutationMNK____MMAAtom_ThrID1281_ShapeMNK6419216_TVLayoutA12864160164_TVLayoutB128192160119_0
17197169,17344,7,1,2,60,384,1,1,168,0.000,0.230,,,,,NVIDIA H100 80GB HBM3 (0),1,,7,kernel_cutlass_kernel_quackgemm_actGemmActSm90_object_at__TiledMMA_ThrLayoutVMNK128211112800_PermutationMNK____MMAAtom_ThrID1281_ShapeMNK6419216_TVLayoutA12864160164_TVLayoutB128192160119_0
17214385,12576,7,3840,1,1,128,1,1,32,0.000,0.004,,,,,NVIDIA H100 80GB HBM3 (0),1,,7,_resgate_adaln_rows_kernel
17226865,29120,7,1,1,132,384,1,1,168,0.000,0.231,,,,,NVIDIA H100 80GB HBM3 (0),1,,7,kernel_cutlass_kernel_quackgemm_actGemmActSm90_object_at__TiledMMA_ThrLayoutVMNK1281111000_PermutationMNK____MMAAtom_ThrID1281_ShapeMNK6419216_TVLayoutA12864160164_TVLayoutB1281921601192__0
17252849,41632,7,480,1,1,288,1,1,94,0.000,0.100,,,,,NVIDIA H100 80GB HBM3 (0),1,,7,"void attn_kernel<(int)1>(CUtensorMap_st, CUtensorMap_st, CUtensorMap_st, __nv_bfloat16 *, int, int, int, int, int, float *)"
17293745,10049,7,1,2,66,384,1,1,168,0.000,0.230,,,,,NVIDIA H100 80GB HBM3 (0),1,,7,kernel_cutlass_kernel_quackgemm_actGemmActSm90_object_at__TiledMMA_ThrLayoutVMNK1281111000_PermutationMNK____MMAAtom_ThrID1281_ShapeMNK6419216_TVLayoutA12864160164_TVLayoutB1281921601192__0
17302034,14496,7,3840,1,1,128,1,1,32,0.000,0.004,,,,,NVIDIA H100 80GB HBM3 (0),1,,7,_resgate_adaln_rows_kernel
17316402,29440,7,1,1,132,384,1,1,168,0.000,0.232,,,,,NVIDIA H100 80GB HBM3 (0),1,,7,kernel_cutlass_kernel_quackgemm_actGemmGatedSm90_object_at__TiledMMA_ThrLayoutVMNK1281111000_PermutationMNK____MMAAtom_ThrID1281_ShapeMNK6419216_TVLayoutA12864160164_TVLayoutB128192160119_0
17342738,17280,7,1,2,60,384,1,1,168,0.000,0.230,,,,,NVIDIA H100 80GB HBM3 (0),1,,7,kernel_cutlass_kernel_quackgemm_actGemmActSm90_object_at__TiledMMA_ThrLayoutVMNK128211112800_PermutationMNK____MMAAtom_ThrID1281_ShapeMNK6419216_TVLayoutA12864160164_TVLayoutB128192160119_0
17359858,12736,7,3840,1,1,128,1,1,32,0.000,0.004,,,,,NVIDIA H100 80GB HBM3 (0),1,,7,_resgate_adaln_rows_kernel
17372626,29376,7,1,1,132,384,1,1,168,0.000,0.231,,,,,NVIDIA H100 80GB HBM3 (0),1,,7,kernel_cutlass_kernel_quackgemm_actGemmActSm90_object_at__TiledMMA_ThrLayoutVMNK1281111000_PermutationMNK____MMAAtom_ThrID1281_ShapeMNK6419216_TVLayoutA12864160164_TVLayoutB1281921601192__0
17399090,41664,7,480,1,1,288,1,1,94,0.000,0.100,,,,,NVIDIA H100 80GB HBM3 (0),1,,7,"void attn_kernel<(int)1>(CUtensorMap_st, CUtensorMap_st, CUtensorMap_st, __nv_bfloat16 *, int, int, int, int, int, float *)"
17440050,9824,7,1,2,66,384,1,1,168,0.000,0.230,,,,,NVIDIA H100 80GB HBM3 (0),1,,7,kernel_cutlass_kernel_quackgemm_actGemmActSm90_object_at__TiledMMA_ThrLayoutVMNK1281111000_PermutationMNK____MMAAtom_ThrID1281_ShapeMNK6419216_TVLayoutA12864160164_TVLayoutB1281921601192__0
17448274,14432,7,3840,1,1,128,1,1,32,0.000,0.004,,,,,NVIDIA H100 80GB HBM3 (0),1,,7,_resgate_adaln_rows_kernel
17462642,29504,7,1,1,132,384,1,1,168,0.000,0.232,,,,,NVIDIA H100 80GB HBM3 (0),1,,7,kernel_cutlass_kernel_quackgemm_actGemmGatedSm90_object_at__TiledMMA_ThrLayoutVMNK1281111000_PermutationMNK____MMAAtom_ThrID1281_ShapeMNK6419216_TVLayoutA12864160164_TVLayoutB128192160119_0
17489074,17280,7,1,2,60,384,1,1,168,0.000,0.230,,,,,NVIDIA H100 80GB HBM3 (0),1,,7,kernel_cutlass_kernel_quackgemm_actGemmActSm90_object_at__TiledMMA_ThrLayoutVMNK128211112800_PermutationMNK____MMAAtom_ThrID1281_ShapeMNK6419216_TVLayoutA12864160164_TVLayoutB128192160119_0
17506034,12832,7,3840,1,1,128,1,1,32,0.000,0.004,,,,,NVIDIA H100 80GB HBM3 (0),1,,7,_resgate_adaln_rows_kernel
17518930,29504,7,1,1,132,384,1,1,168,0.000,0.231,,,,,NVIDIA H100 80GB HBM3 (0),1,,7,kernel_cutlass_kernel_quackgemm_actGemmActSm90_object_at__TiledMMA_ThrLayoutVMNK1281111000_PermutationMNK____MMAAtom_ThrID1281_ShapeMNK6419216_TVLayoutA12864160164_TVLayoutB1281921601192__0
17545586,41152,7,480,1,1,288,1,1,94,0.000,0.100,,,,,NVIDIA H100 80GB HBM3 (0),1,,7,"void attn_kernel<(int)1>(CUtensorMap_st, CUtensorMap_st, CUtensorMap_st, __nv_bfloat16 *, int, int, int, int, int, float *)"
17586002,9600,7,1,2,66,384,1,1,168,0.000,0.230,,,,,NVIDIA H100 80GB HBM3 (0),1,,7,kernel_cutlass_kernel_quackgemm_actGemmActSm90_object_at__TiledMMA_ThrLayoutVMNK1281111000_PermutationMNK____MMAAtom_ThrID1281_ShapeMNK6419216_TVLayoutA12864160164_TVLayoutB1281921601192__0
17594002,14592,7,3840,1,1,128,1,1,32,0.000,0.004,,,,,NVIDIA H100 80GB HBM3 (0),1,,7,_resgate_adaln_rows_kernel
17608466,28705,7,1,1,132,384,1,1,168,0.000,0.232,,,,,NVIDIA H100 80GB HBM3 (0),1,,7,kernel_cutlass_kernel_quackgemm_actGemmGatedSm90_object_at__TiledMMA_ThrLayoutVMNK1281111000_PermutationMNK____MMAAtom_ThrID1281_ShapeMNK6419216_TVLayoutA12864160164_TVLayoutB128192160119_0
17634163,17120,7,1,2,60,384,1,1,168,0.000,0.230,,,,,NVIDIA H100 80GB HBM3 (0),1,,7,kernel_cutlass_kernel_quackgemm_actGemmActSm90_object_at__TiledMMA_ThrLayoutVMNK128211112800_PermutationMNK____MMAAtom_ThrID1281_ShapeMNK6419216_TVLayoutA12864160164_TVLayoutB128192160119_0
17651507,8864,7,1920,1,1,256,1,1,32,0.000,0.008,,,,,NVIDIA H100 80GB HBM3 (0),1,,7,_resgate_adaln_rows_kernel
17660787,4352,7,2880,1,1,128,1,1,32,0.000,0.000,,,,,NVIDIA H100 80GB HBM3 (0),1,,7,"void at::native::vectorized_elementwise_kernel<(int)8, at::native::bfloat16_copy_kernel_cuda(at::TensorIteratorBase &)::[lambda(float) (instance 1)], std::array<char *, (unsigned long)2>>(int, T2, T3)"
17669651,4192,17,576,1,1,128,1,1,32,0.000,0.000,,,,,NVIDIA H100 80GB HBM3 (0),1,,7,"void at::native::unrolled_elementwise_kernel<at::native::direct_copy_kernel_cuda(at::TensorIteratorBase &)::[lambda() (instance 3)]::operator ()() const::[lambda() (instance 7)]::operator ()() const::[lambda(float) (instance 1)], std::array<char *, (unsigned long)2>, (int)4, TrivialOffsetCalculator<(int)1, unsigned int>, TrivialOffsetCalculator<(int)1, unsigned int>, at::native::memory::LoadWithCast<(int)1>, at::native::memory::StoreWithCast<(int)1>>(int, T1, T2, T4, T5, T6, T7)"
17674323,3616,17,768,1,1,32,4,1,39,0.000,0.000,,,,,NVIDIA H100 80GB HBM3 (0),1,,7,"void at::native::<unnamed>::vectorized_layer_norm_kernel<float, float, (bool)0>(int, T2, const T1 *, const T1 *, const T1 *, T2 *, T2 *, T1 *)"
17678355,1696,17,288,1,1,128,1,1,32,0.000,0.000,,,,,NVIDIA H100 80GB HBM3 (0),1,,7,"void at::native::vectorized_elementwise_kernel<(int)8, at::native::bfloat16_copy_kernel_cuda(at::TensorIteratorBase &)::[lambda(float) (instance 1)], std::array<char *, (unsigned long)2>>(int, T2, T3)"
17680243,81248,17,1,1,132,384,1,1,168,0.000,0.231,,,,,NVIDIA H100 80GB HBM3 (0),1,,7,kernel_cutlass_kernel_quackgemm_actGemmActSm90_object_at__TiledMMA_ThrLayoutVMNK1281111000_PermutationMNK____MMAAtom_ThrID1281_ShapeMNK6419216_TVLayoutA12864160164_TVLayoutB1281921601192__0
17759955,41600,17,1,1,132,384,1,1,168,0.000,0.231,,,,,NVIDIA H100 80GB HBM3 (0),1,,7,kernel_cutlass_kernel_quackgemm_actGemmActSm90_object_at__TiledMMA_ThrLayoutVMNK1281111000_PermutationMNK____MMAAtom_ThrID1281_ShapeMNK6419216_TVLayoutA12864160164_TVLayoutB1281921601192__0
17801843,11584,17,5760,1,1,128,1,1,32,0.000,0.000,,,,,NVIDIA H100 80GB HBM3 (0),1,,7,"void at::native::unrolled_elementwise_kernel<at::native::direct_copy_kernel_cuda(at::TensorIteratorBase &)::[lambda() (instance 3)]::operator ()() const::[lambda() (instance 7)]::operator ()() const::[lambda(float) (instance 1)], std::array<char *, (unsigned long)2>, (int)4, TrivialOffsetCalculator<(int)1, unsigned int>, TrivialOffsetCalculator<(int)1, unsigned int>, at::native::memory::LoadWithCast<(int)1>, at::native::memory::StoreWithCast<(int)1>>(int, T1, T2, T4, T5, T6, T7)"
17813843,7552,17,3840,1,1,128,1,1,32,0.000,0.000,,,,,NVIDIA H100 80GB HBM3 (0),1,,7,_adaln_rows_kernel
17821619,29472,17,1,1,132,384,1,1,168,0.000,0.231,,,,,NVIDIA H100 80GB HBM3 (0),1,,7,kernel_cutlass_kernel_quackgemm_actGemmActSm90_object_at__TiledMMA_ThrLayoutVMNK1281111000_PermutationMNK____MMAAtom_ThrID1281_ShapeMNK6419216_TVLayoutA12864160164_TVLayoutB1281921601192__0
17847571,42208,17,480,1,1,288,1,1,94,0.000,0.100,,,,,NVIDIA H100 80GB HBM3 (0),1,,7,"void attn_kernel<(int)1>(CUtensorMap_st, CUtensorMap_st, CUtensorMap_st, __nv_bfloat16 *, int, int, int, int, int, float *)"
17889011,9856,17,1,2,66,384,1,1,168,0.000,0.230,,,,,NVIDIA H100 80GB HBM3 (0),1,,7,kernel_cutlass_kernel_quackgemm_actGemmActSm90_object_at__TiledMMA_ThrLayoutVMNK1281111000_PermutationMNK____MMAAtom_ThrID1281_ShapeMNK6419216_TVLayoutA12864160164_TVLayoutB1281921601192__0
17897203,14336,17,3840,1,1,128,1,1,32,0.000,0.004,,,,,NVIDIA H100 80GB HBM3 (0),1,,7,_resgate_adaln_rows_kernel
17911507,28448,17,1,1,132,384,1,1,168,0.000,0.232,,,,,NVIDIA H100 80GB HBM3 (0),1,,7,kernel_cutlass_kernel_quackgemm_actGemmGatedSm90_object_at__TiledMMA_ThrLayoutVMNK1281111000_PermutationMNK____MMAAtom_ThrID1281_ShapeMNK6419216_TVLayoutA12864160164_TVLayoutB128192160119_0
17936883,17185,17,1,2,60,384,1,1,168,0.000,0.230,,,,,NVIDIA H100 80GB HBM3 (0),1,,7,kernel_cutlass_kernel_quackgemm_actGemmActSm90_object_at__TiledMMA_ThrLayoutVMNK128211112800_PermutationMNK____MMAAtom_ThrID1281_ShapeMNK6419216_TVLayoutA12864160164_TVLayoutB128192160119_0
17953844,12544,17,3840,1,1,128,1,1,32,0.000,0.004,,,,,NVIDIA H100 80GB HBM3 (0),1,,7,_resgate_adaln_rows_kernel
17966516,29408,17,1,1,132,384,1,1,168,0.000,0.231,,,,,NVIDIA H100 80GB HBM3 (0),1,,7,kernel_cutlass_kernel_quackgemm_actGemmActSm90_object_at__TiledMMA_ThrLayoutVMNK1281111000_PermutationMNK____MMAAtom_ThrID1281_ShapeMNK6419216_TVLayoutA12864160164_TVLayoutB1281921601192__0
17993108,40992,17,480,1,1,288,1,1,94,0.000,0.100,,,,,NVIDIA H100 80GB HBM3 (0),1,,7,"void attn_kernel<(int)1>(CUtensorMap_st, CUtensorMap_st, CUtensorMap_st, __nv_bfloat16 *, int, int, int, int, int, float *)"
18033428,10464,17,1,2,66,384,1,1,168,0.000,0.230,,,,,NVIDIA H100 80GB HBM3 (0),1,,7,kernel_cutlass_kernel_quackgemm_actGemmActSm90_object_at__TiledMMA_ThrLayoutVMNK1281111000_PermutationMNK____MMAAtom_ThrID1281_ShapeMNK6419216_TVLayoutA12864160164_TVLayoutB1281921601192__0
18042196,14656,17,3840,1,1,128,1,1,32,0.000,0.004,,,,,NVIDIA H100 80GB HBM3 (0),1,,7,_resgate_adaln_rows_kernel
18057044,28736,17,1,1,132,384,1,1,168,0.000,0.232,,,,,NVIDIA H100 80GB HBM3 (0),1,,7,kernel_cutlass_kernel_quackgemm_actGemmGatedSm90_object_at__TiledMMA_ThrLayoutVMNK1281111000_PermutationMNK____MMAAtom_ThrID1281_ShapeMNK6419216_TVLayoutA12864160164_TVLayoutB128192160119_0
18082356,17568,17,1,2,60,384,1,1,168,0.000,0.230,,,,,NVIDIA H100 80GB HBM3 (0),1,,7,kernel_cutlass_kernel_quackgemm_actGemmActSm90_object_at__TiledMMA_ThrLayoutVMNK128211112800_PermutationMNK____MMAAtom_ThrID1281_ShapeMNK6419216_TVLayoutA12864160164_TVLayoutB128192160119_0
18099700,13024,17,3840,1,1,128,1,1,32,0.000,0.004,,,,,NVIDIA H100 80GB HBM3 (0),1,,7,_resgate_adaln_rows_kernel
18112692,29216,17,1,1,132,384,1,1,168,0.000,0.231,,,,,NVIDIA H100 80GB HBM3 (0),1,,7,kernel_cutlass_kernel_quackgemm_actGemmActSm90_object_at__TiledMMA_ThrLayoutVMNK1281111000_PermutationMNK____MMAAtom_ThrID1281_ShapeMNK6419216_TVLayoutA12864160164_TVLayoutB1281921601192__0
18138836,41216,17,480,1,1,288,1,1,94,0.000,0.100,,,,,NVIDIA H100 80GB HBM3 (0),1,,7,"void attn_kernel<(int)1>(CUtensorMap_st, CUtensorMap_st, CUtensorMap_st, __nv_bfloat16 *, int, int, int, int, int, float *)"
18179252,9856,17,1,2,66,384,1,1,168,0.000,0.230,,,,,NVIDIA H100 80GB HBM3 (0),1,,7,kernel_cutlass_kernel_quackgemm_actGemmActSm90_object_at__TiledMMA_ThrLayoutVMNK1281111000_PermutationMNK____MMAAtom_ThrID1281_ShapeMNK6419216_TVLayoutA12864160164_TVLayoutB1281921601192__0
18187476,14016,17,3840,1,1,128,1,1,32,0.000,0.004,,,,,NVIDIA H100 80GB HBM3 (0),1,,7,_resgate_adaln_rows_kernel
18201556,29280,17,1,1,132,384,1,1,168,0.000,0.232,,,,,NVIDIA H100 80GB HBM3 (0),1,,7,kernel_cutlass_kernel_quackgemm_actGemmGatedSm90_object_at__TiledMMA_ThrLayoutVMNK1281111000_PermutationMNK____MMAAtom_ThrID1281_ShapeMNK6419216_TVLayoutA12864160164_TVLayoutB128192160119_0
18227796,17216,17,1,2,60,384,1,1,168,0.000,0.230,,,,,NVIDIA H100 80GB HBM3 (0),1,,7,kernel_cutlass_kernel_quackgemm_actGemmActSm90_object_at__TiledMMA_ThrLayoutVMNK128211112800_PermutationMNK____MMAAtom_ThrID1281_ShapeMNK6419216_TVLayoutA12864160164_TVLayoutB128192160119_0
18244756,12800,17,3840,1,1,128,1,1,32,0.000,0.004,,,,,NVIDIA H100 80GB HBM3 (0),1,,7,_resgate_adaln_rows_kernel
18257588,29857,17,1,1,132,384,1,1,168,0.000,0.231,,,,,NVIDIA H100 80GB HBM3 (0),1,,7,kernel_cutlass_kernel_quackgemm_actGemmActSm90_object_at__TiledMMA_ThrLayoutVMNK1281111000_PermutationMNK____MMAAtom_ThrID1281_ShapeMNK6419216_TVLayoutA12864160164_TVLayoutB1281921601192__0
18284533,42080,17,480,1,1,288,1,1,94,0.000,0.100,,,,,NVIDIA H100 80GB HBM3 (0),1,,7,"void attn_kernel<(int)1>(CUtensorMap_st, CUtensorMap_st, CUtensorMap_st, __nv_bfloat16 *, int, int, int, int, int, float *)"
18325781,9728,17,1,2,66,384,1,1,168,0.000,0.230,,,,,NVIDIA H100 80GB HBM3 (0),1,,7,kernel_cutlass_kernel_quackgemm_actGemmActSm90_object_at__TiledMMA_ThrLayoutVMNK1281111000_PermutationMNK____MMAAtom_ThrID1281_ShapeMNK6419216_TVLayoutA12864160164_TVLayoutB1281921601192__0
18333813,14048,17,3840,1,1,128,1,1,32,0.000,0.004,,,,,NVIDIA H100 80GB HBM3 (0),1,,7,_resgate_adaln_rows_kernel
18347765,29152,17,1,1,132,384,1,1,168,0.000,0.232,,,,,NVIDIA H100 80GB HBM3 (0),1,,7,kernel_cutlass_kernel_quackgemm_actGemmGatedSm90_object_at__TiledMMA_ThrLayoutVMNK1281111000_PermutationMNK____MMAAtom_ThrID1281_ShapeMNK6419216_TVLayoutA12864160164_TVLayoutB128192160119_0
18373877,17216,17,1,2,60,384,1,1,168,0.000,0.230,,,,,NVIDIA H100 80GB HBM3 (0),1,,7,kernel_cutlass_kernel_quackgemm_actGemmActSm90_object_at__TiledMMA_ThrLayoutVMNK128211112800_PermutationMNK____MMAAtom_ThrID1281_ShapeMNK6419216_TVLayoutA12864160164_TVLayoutB128192160119_0
18390965,12608,17,3840,1,1,128,1,1,32,0.000,0.004,,,,,NVIDIA H100 80GB HBM3 (0),1,,7,_resgate_adaln_rows_kernel
18403509,28832,17,1,1,132,384,1,1,168,0.000,0.231,,,,,NVIDIA H100 80GB HBM3 (0),1,,7,kernel_cutlass_kernel_quackgemm_actGemmActSm90_object_at__TiledMMA_ThrLayoutVMNK1281111000_PermutationMNK____MMAAtom_ThrID1281_ShapeMNK6419216_TVLayoutA12864160164_TVLayoutB1281921601192__0
18429109,42400,17,480,1,1,288,1,1,94,0.000,0.100,,,,,NVIDIA H100 80GB HBM3 (0),1,,7,"void attn_kernel<(int)1>(CUtensorMap_st, CUtensorMap_st, CUtensorMap_st, __nv_bfloat16 *, int, int, int, int, int, float *)"
18470613,10112,17,1,2,66,384,1,1,168,0.000,0.230,,,,,NVIDIA H100 80GB HBM3 (0),1,,7,kernel_cutlass_kernel_quackgemm_actGemmActSm90_object_at__TiledMMA_ThrLayoutVMNK1281111000_PermutationMNK____MMAAtom_ThrID1281_ShapeMNK6419216_TVLayoutA12864160164_TVLayoutB1281921601192__0
18478965,14208,17,3840,1,1,128,1,1,32,0.000,0.004,,,,,NVIDIA H100 80GB HBM3 (0),1,,7,_resgate_adaln_rows_kernel
18493237,29216,17,1,1,132,384,1,1,168,0.000,0.232,,,,,NVIDIA H100 80GB HBM3 (0),1,,7,kernel_cutlass_kernel_quackgemm_actGemmGatedSm90_object_at__TiledMMA_ThrLayoutVMNK1281111000_PermutationMNK____MMAAtom_ThrID1281_ShapeMNK6419216_TVLayoutA12864160164_TVLayoutB128192160119_0
18519509,17184,17,1,2,60,384,1,1,168,0.000,0.230,,,,,NVIDIA H100 80GB HBM3 (0),1,,7,kernel_cutlass_kernel_quackgemm_actGemmActSm90_object_at__TiledMMA_ThrLayoutVMNK128211112800_PermutationMNK____MMAAtom_ThrID1281_ShapeMNK6419216_TVLayoutA12864160164_TVLayoutB128192160119_0
18536341,12640,17,3840,1,1,128,1,1,32,0.000,0.004,,,,,NVIDIA H100 80GB HBM3 (0),1,,7,_resgate_adaln_rows_kernel
18549045,29184,17,1,1,132,384,1,1,168,0.000,0.231,,,,,NVIDIA H100 80GB HBM3 (0),1,,7,kernel_cutlass_kernel_quackgemm_actGemmActSm90_object_at__TiledMMA_ThrLayoutVMNK1281111000_PermutationMNK____MMAAtom_ThrID1281_ShapeMNK6419216_TVLayoutA12864160164_TVLayoutB1281921601192__0
18575509,41729,17,480,1,1,288,1,1,94,0.000,0.100,,,,,NVIDIA H100 80GB HBM3 (0),1,,7,"void attn_kernel<(int)1>(CUtensorMap_st, CUtensorMap_st, CUtensorMap_st, __nv_bfloat16 *, int, int, int, int, int, float *)"
18616598,9600,17,1,2,66,384,1,1,168,0.000,0.230,,,,,NVIDIA H100 80GB HBM3 (0),1,,7,kernel_cutlass_kernel_quackgemm_actGemmActSm90_object_at__TiledMMA_ThrLayoutVMNK1281111000_PermutationMNK____MMAAtom_ThrID1281_ShapeMNK6419216_TVLayoutA12864160164_TVLayoutB1281921601192__0
18624886,14304,17,3840,1,1,128,1,1,32,0.000,0.004,,,,,NVIDIA H100 80GB HBM3 (0),1,,7,_resgate_adaln_rows_kernel
18639286,28352,17,1,1,132,384,1,1,168,0.000,0.232,,,,,NVIDIA H100 80GB HBM3 (0),1,,7,kernel_cutlass_kernel_quackgemm_actGemmGatedSm90_object_at__TiledMMA_ThrLayoutVMNK1281111000_PermutationMNK____MMAAtom_ThrID1281_ShapeMNK6419216_TVLayoutA12864160164_TVLayoutB128192160119_0
18664598,17184,17,1,2,60,384,1,1,168,0.000,0.230,,,,,NVIDIA H100 80GB HBM3 (0),1,,7,kernel_cutlass_kernel_quackgemm_actGemmActSm90_object_at__TiledMMA_ThrLayoutVMNK128211112800_PermutationMNK____MMAAtom_ThrID1281_ShapeMNK6419216_TVLayoutA12864160164_TVLayoutB128192160119_0
18681430,12736,17,3840,1,1,128,1,1,32,0.000,0.004,,,,,NVIDIA H100 80GB HBM3 (0),1,,7,_resgate_adaln_rows_kernel
18694134,28416,17,1,1,132,384,1,1,168,0.000,0.231,,,,,NVIDIA H100 80GB HBM3 (0),1,,7,kernel_cutlass_kernel_quackgemm_actGemmActSm90_object_at__TiledMMA_ThrLayoutVMNK1281111000_PermutationMNK____MMAAtom_ThrID1281_ShapeMNK6419216_TVLayoutA12864160164_TVLayoutB1281921601192__0
18719510,41344,17,480,1,1,288,1,1,94,0.000,0.100,,,,,NVIDIA H100 80GB HBM3 (0),1,,7,"void attn_kernel<(int)1>(CUtensorMap_st, CUtensorMap_st, CUtensorMap_st, __nv_bfloat16 *, int, int, int, int, int, float *)"
18760278,9696,17,1,2,66,384,1,1,168,0.000,0.230,,,,,NVIDIA H100 80GB HBM3 (0),1,,7,kernel_cutlass_kernel_quackgemm_actGemmActSm90_object_at__TiledMMA_ThrLayoutVMNK1281111000_PermutationMNK____MMAAtom_ThrID1281_ShapeMNK6419216_TVLayoutA12864160164_TVLayoutB1281921601192__0
18768246,13856,17,3840,1,1,128,1,1,32,0.000,0.004,,,,,NVIDIA H100 80GB HBM3 (0),1,,7,_resgate_adaln_rows_kernel
18782198,28864,17,1,1,132,384,1,1,168,0.000,0.232,,,,,NVIDIA H100 80GB HBM3 (0),1,,7,kernel_cutlass_kernel_quackgemm_actGemmGatedSm90_object_at__TiledMMA_ThrLayoutVMNK1281111000_PermutationMNK____MMAAtom_ThrID1281_ShapeMNK6419216_TVLayoutA12864160164_TVLayoutB128192160119_0
18807958,17280,17,1,2,60,384,1,1,168,0.000,0.230,,,,,NVIDIA H100 80GB HBM3 (0),1,,7,kernel_cutlass_kernel_quackgemm_actGemmActSm90_object_at__TiledMMA_ThrLayoutVMNK128211112800_PermutationMNK____MMAAtom_ThrID1281_ShapeMNK6419216_TVLayoutA12864160164_TVLayoutB128192160119_0
18825014,13504,17,3840,1,1,128,1,1,32,0.000,0.004,,,,,NVIDIA H100 80GB HBM3 (0),1,,7,_resgate_adaln_rows_kernel
18838550,29184,17,1,1,132,384,1,1,168,0.000,0.231,,,,,NVIDIA H100 80GB HBM3 (0),1,,7,kernel_cutlass_kernel_quackgemm_actGemmActSm90_object_at__TiledMMA_ThrLayoutVMNK1281111000_PermutationMNK____MMAAtom_ThrID1281_ShapeMNK6419216_TVLayoutA12864160164_TVLayoutB1281921601192__0
18864374,41888,17,480,1,1,288,1,1,94,0.000,0.100,,,,,NVIDIA H100 80GB HBM3 (0),1,,7,"void attn_kernel<(int)1>(CUtensorMap_st, CUtensorMap_st, CUtensorMap_st, __nv_bfloat16 *, int, int, int, int, int, float *)"
18905334,10209,17,1,2,66,384,1,1,168,0.000,0.230,,,,,NVIDIA H100 80GB HBM3 (0),1,,7,kernel_cutlass_kernel_quackgemm_actGemmActSm90_object_at__TiledMMA_ThrLayoutVMNK1281111000_PermutationMNK____MMAAtom_ThrID1281_ShapeMNK6419216_TVLayoutA12864160164_TVLayoutB1281921601192__0
18913751,14144,17,3840,1,1,128,1,1,32,0.000,0.004,,,,,NVIDIA H100 80GB HBM3 (0),1,,7,_resgate_adaln_rows_kernel
18927959,28576,17,1,1,132,384,1,1,168,0.000,0.232,,,,,NVIDIA H100 80GB HBM3 (0),1,,7,kernel_cutlass_kernel_quackgemm_actGemmGatedSm90_object_at__TiledMMA_ThrLayoutVMNK1281111000_PermutationMNK____MMAAtom_ThrID1281_ShapeMNK6419216_TVLayoutA12864160164_TVLayoutB128192160119_0
18953495,17152,17,1,2,60,384,1,1,168,0.000,0.230,,,,,NVIDIA H100 80GB HBM3 (0),1,,7,kernel_cutlass_kernel_quackgemm_actGemmActSm90_object_at__TiledMMA_ThrLayoutVMNK128211112800_PermutationMNK____MMAAtom_ThrID1281_ShapeMNK6419216_TVLayoutA12864160164_TVLayoutB128192160119_0
18970455,13088,17,3840,1,1,128,1,1,32,0.000,0.004,,,,,NVIDIA H100 80GB HBM3 (0),1,,7,_resgate_adaln_rows_kernel
18983287,29024,17,1,1,132,384,1,1,168,0.000,0.231,,,,,NVIDIA H100 80GB HBM3 (0),1,,7,kernel_cutlass_kernel_quackgemm_actGemmActSm90_object_at__TiledMMA_ThrLayoutVMNK1281111000_PermutationMNK____MMAAtom_ThrID1281_ShapeMNK6419216_TVLayoutA12864160164_TVLayoutB1281921601192__0
19009623,41696,17,480,1,1,288,1,1,94,0.000,0.100,,,,,NVIDIA H100 80GB HBM3 (0),1,,7,"void attn_kernel<(int)1>(CUtensorMap_st, CUtensorMap_st, CUtensorMap_st, __nv_bfloat16 *, int, int, int, int, int, float *)"
19050519,9888,17,1,2,66,384,1,1,168,0.000,0.230,,,,,NVIDIA H100 80GB HBM3 (0),1,,7,kernel_cutlass_kernel_quackgemm_actGemmActSm90_object_at__TiledMMA_ThrLayoutVMNK1281111000_PermutationMNK____MMAAtom_ThrID1281_ShapeMNK6419216_TVLayoutA12864160164_TVLayoutB1281921601192__0
19058967,14304,17,3840,1,1,128,1,1,32,0.000,0.004,,,,,NVIDIA H100 80GB HBM3 (0),1,,7,_resgate_adaln_rows_kernel
19073303,29344,17,1,1,132,384,1,1,168,0.000,0.232,,,,,NVIDIA H100 80GB HBM3 (0),1,,7,kernel_cutlass_kernel_quackgemm_actGemmGatedSm90_object_at__TiledMMA_ThrLayoutVMNK1281111000_PermutationMNK____MMAAtom_ThrID1281_ShapeMNK6419216_TVLayoutA12864160164_TVLayoutB128192160119_0
19099607,17248,17,1,2,60,384,1,1,168,0.000,0.230,,,,,NVIDIA H100 80GB HBM3 (0),1,,7,kernel_cutlass_kernel_quackgemm_actGemmActSm90_object_at__TiledMMA_ThrLayoutVMNK128211112800_PermutationMNK____MMAAtom_ThrID1281_ShapeMNK6419216_TVLayoutA12864160164_TVLayoutB128192160119_0
19116343,12640,17,3840,1,1,128,1,1,32,0.000,0.004,,,,,NVIDIA H100 80GB HBM3 (0),1,,7,_resgate_adaln_rows_kernel
19128919,28576,17,1,1,132,384,1,1,168,0.000,0.231,,,,,NVIDIA H100 80GB HBM3 (0),1,,7,kernel_cutlass_kernel_quackgemm_actGemmActSm90_object_at__TiledMMA_ThrLayoutVMNK1281111000_PermutationMNK____MMAAtom_ThrID1281_ShapeMNK6419216_TVLayoutA12864160164_TVLayoutB1281921601192__0
19154295,41696,17,480,1,1,288,1,1,94,0.000,0.100,,,,,NVIDIA H100 80GB HBM3 (0),1,,7,"void attn_kernel<(int)1>(CUtensorMap_st, CUtensorMap_st, CUtensorMap_st, __nv_bfloat16 *, int, int, int, int, int, float *)"
19195319,9888,17,1,2,66,384,1,1,168,0.000,0.230,,,,,NVIDIA H100 80GB HBM3 (0),1,,7,kernel_cutlass_kernel_quackgemm_actGemmActSm90_object_at__TiledMMA_ThrLayoutVMNK1281111000_PermutationMNK____MMAAtom_ThrID1281_ShapeMNK6419216_TVLayoutA12864160164_TVLayoutB1281921601192__0
19203447,14656,17,3840,1,1,128,1,1,32,0.000,0.004,,,,,NVIDIA H100 80GB HBM3 (0),1,,7,_resgate_adaln_rows_kernel
19217815,28865,17,1,1,132,384,1,1,168,0.000,0.232,,,,,NVIDIA H100 80GB HBM3 (0),1,,7,kernel_cutlass_kernel_quackgemm_actGemmGatedSm90_object_at__TiledMMA_ThrLayoutVMNK1281111000_PermutationMNK____MMAAtom_ThrID1281_ShapeMNK6419216_TVLayoutA12864160164_TVLayoutB128192160119_0
19243704,17184,17,1,2,60,384,1,1,168,0.000,0.230,,,,,NVIDIA H100 80GB HBM3 (0),1,,7,kernel_cutlass_kernel_quackgemm_actGemmActSm90_object_at__TiledMMA_ThrLayoutVMNK128211112800_PermutationMNK____MMAAtom_ThrID1281_ShapeMNK6419216_TVLayoutA12864160164_TVLayoutB128192160119_0
19260792,12576,17,3840,1,1,128,1,1,32,0.000,0.004,,,,,NVIDIA H100 80GB HBM3 (0),1,,7,_resgate_adaln_rows_kernel
19273464,29408,17,1,1,132,384,1,1,168,0.000,0.231,,,,,NVIDIA H100 80GB HBM3 (0),1,,7,kernel_cutlass_kernel_quackgemm_actGemmActSm90_object_at__TiledMMA_ThrLayoutVMNK1281111000_PermutationMNK____MMAAtom_ThrID1281_ShapeMNK6419216_TVLayoutA12864160164_TVLayoutB1281921601192__0
19300152,41664,17,480,1,1,288,1,1,94,0.000,0.100,,,,,NVIDIA H100 80GB HBM3 (0),1,,7,"void attn_kernel<(int)1>(CUtensorMap_st, CUtensorMap_st, CUtensorMap_st, __nv_bfloat16 *, int, int, int, int, int, float *)"
19341112,9952,17,1,2,66,384,1,1,168,0.000,0.230,,,,,NVIDIA H100 80GB HBM3 (0),1,,7,kernel_cutlass_kernel_quackgemm_actGemmActSm90_object_at__TiledMMA_ThrLayoutVMNK1281111000_PermutationMNK____MMAAtom_ThrID1281_ShapeMNK6419216_TVLayoutA12864160164_TVLayoutB1281921601192__0
19349432,13984,17,3840,1,1,128,1,1,32,0.000,0.004,,,,,NVIDIA H100 80GB HBM3 (0),1,,7,_resgate_adaln_rows_kernel
19363384,28320,17,1,1,132,384,1,1,168,0.000,0.232,,,,,NVIDIA H100 80GB HBM3 (0),1,,7,kernel_cutlass_kernel_quackgemm_actGemmGatedSm90_object_at__TiledMMA_ThrLayoutVMNK1281111000_PermutationMNK____MMAAtom_ThrID1281_ShapeMNK6419216_TVLayoutA12864160164_TVLayoutB128192160119_0
19388696,17248,17,1,2,60,384,1,1,168,0.000,0.230,,,,,NVIDIA H100 80GB HBM3 (0),1,,7,kernel_cutlass_kernel_quackgemm_actGemmActSm90_object_at__TiledMMA_ThrLayoutVMNK128211112800_PermutationMNK____MMAAtom_ThrID1281_ShapeMNK6419216_TVLayoutA12864160164_TVLayoutB128192160119_0
19405656,12768,17,3840,1,1,128,1,1,32,0.000,0.004,,,,,NVIDIA H100 80GB HBM3 (0),1,,7,_resgate_adaln_rows_kernel
19418488,29344,17,1,1,132,384,1,1,168,0.000,0.231,,,,,NVIDIA H100 80GB HBM3 (0),1,,7,kernel_cutlass_kernel_quackgemm_actGemmActSm90_object_at__TiledMMA_ThrLayoutVMNK1281111000_PermutationMNK____MMAAtom_ThrID1281_ShapeMNK6419216_TVLayoutA12864160164_TVLayoutB1281921601192__0
19444664,41600,17,480,1,1,288,1,1,94,0.000,0.100,,,,,NVIDIA H100 80GB HBM3 (0),1,,7,"void attn_kernel<(int)1>(CUtensorMap_st, CUtensorMap_st, CUtensorMap_st, __nv_bfloat16 *, int, int, int, int, int, float *)"
19485592,9664,17,1,2,66,384,1,1,168,0.000,0.230,,,,,NVIDIA H100 80GB HBM3 (0),1,,7,kernel_cutlass_kernel_quackgemm_actGemmActSm90_object_at__TiledMMA_ThrLayoutVMNK1281111000_PermutationMNK____MMAAtom_ThrID1281_ShapeMNK6419216_TVLayoutA12864160164_TVLayoutB1281921601192__0
19493656,13952,17,3840,1,1,128,1,1,32,0.000,0.004,,,,,NVIDIA H100 80GB HBM3 (0),1,,7,_resgate_adaln_rows_kernel
19507640,28512,17,1,1,132,384,1,1,168,0.000,0.232,,,,,NVIDIA H100 80GB HBM3 (0),1,,7,kernel_cutlass_kernel_quackgemm_actGemmGatedSm90_object_at__TiledMMA_ThrLayoutVMNK1281111000_PermutationMNK____MMAAtom_ThrID1281_ShapeMNK6419216_TVLayoutA12864160164_TVLayoutB128192160119_0
19533208,17184,17,1,2,60,384,1,1,168,0.000,0.230,,,,,NVIDIA H100 80GB HBM3 (0),1,,7,kernel_cutlass_kernel_quackgemm_actGemmActSm90_object_at__TiledMMA_ThrLayoutVMNK128211112800_PermutationMNK____MMAAtom_ThrID1281_ShapeMNK6419216_TVLayoutA12864160164_TVLayoutB128192160119_0
19550168,12608,17,3840,1,1,128,1,1,32,0.000,0.004,,,,,NVIDIA H100 80GB HBM3 (0),1,,7,_resgate_adaln_rows_kernel
19562777,29088,17,1,1,132,384,1,1,168,0.000,0.231,,,,,NVIDIA H100 80GB HBM3 (0),1,,7,kernel_cutlass_kernel_quackgemm_actGemmActSm90_object_at__TiledMMA_ThrLayoutVMNK1281111000_PermutationMNK____MMAAtom_ThrID1281_ShapeMNK6419216_TVLayoutA12864160164_TVLayoutB1281921601192__0
19588825,41184,17,480,1,1,288,1,1,94,0.000,0.100,,,,,NVIDIA H100 80GB HBM3 (0),1,,7,"void attn_kernel<(int)1>(CUtensorMap_st, CUtensorMap_st, CUtensorMap_st, __nv_bfloat16 *, int, int, int, int, int, float *)"
19629401,9920,17,1,2,66,384,1,1,168,0.000,0.230,,,,,NVIDIA H100 80GB HBM3 (0),1,,7,kernel_cutlass_kernel_quackgemm_actGemmActSm90_object_at__TiledMMA_ThrLayoutVMNK1281111000_PermutationMNK____MMAAtom_ThrID1281_ShapeMNK6419216_TVLayoutA12864160164_TVLayoutB1281921601192__0
19637529,14080,17,3840,1,1,128,1,1,32,0.000,0.004,,,,,NVIDIA H100 80GB HBM3 (0),1,,7,_resgate_adaln_rows_kernel
19651769,28704,17,1,1,132,384,1,1,168,0.000,0.232,,,,,NVIDIA H100 80GB HBM3 (0),1,,7,kernel_cutlass_kernel_quackgemm_actGemmGatedSm90_object_at__TiledMMA_ThrLayoutVMNK1281111000_PermutationMNK____MMAAtom_ThrID1281_ShapeMNK6419216_TVLayoutA12864160164_TVLayoutB128192160119_0
19677497,17184,17,1,2,60,384,1,1,168,0.000,0.230,,,,,NVIDIA H100 80GB HBM3 (0),1,,7,kernel_cutlass_kernel_quackgemm_actGemmActSm90_object_at__TiledMMA_ThrLayoutVMNK128211112800_PermutationMNK____MMAAtom_ThrID1281_ShapeMNK6419216_TVLayoutA12864160164_TVLayoutB128192160119_0
19694393,12544,17,3840,1,1,128,1,1,32,0.000,0.004,,,,,NVIDIA H100 80GB HBM3 (0),1,,7,_resgate_adaln_rows_kernel
19706873,28992,17,1,1,132,384,1,1,168,0.000,0.231,,,,,NVIDIA H100 80GB HBM3 (0),1,,7,kernel_cutlass_kernel_quackgemm_actGemmActSm90_object_at__TiledMMA_ThrLayoutVMNK1281111000_PermutationMNK____MMAAtom_ThrID1281_ShapeMNK6419216_TVLayoutA12864160164_TVLayoutB1281921601192__0
19733273,40736,17,480,1,1,288,1,1,94,0.000,0.100,,,,,NVIDIA H100 80GB HBM3 (0),1,,7,"void attn_kernel<(int)1>(CUtensorMap_st, CUtensorMap_st, CUtensorMap_st, __nv_bfloat16 *, int, int, int, int, int, float *)"
19773273,9760,17,1,2,66,384,1,1,168,0.000,0.230,,,,,NVIDIA H100 80GB HBM3 (0),1,,7,kernel_cutlass_kernel_quackgemm_actGemmActSm90_object_at__TiledMMA_ThrLayoutVMNK1281111000_PermutationMNK____MMAAtom_ThrID1281_ShapeMNK6419216_TVLayoutA12864160164_TVLayoutB1281921601192__0
19781337,14688,17,3840,1,1,128,1,1,32,0.000,0.004,,,,,NVIDIA H100 80GB HBM3 (0),1,,7,_resgate_adaln_rows_kernel
19795961,29504,17,1,1,132,384,1,1,168,0.000,0.232,,,,,NVIDIA H100 80GB HBM3 (0),1,,7,kernel_cutlass_kernel_quackgemm_actGemmGatedSm90_object_at__TiledMMA_ThrLayoutVMNK1281111000_PermutationMNK____MMAAtom_ThrID1281_ShapeMNK6419216_TVLayoutA12864160164_TVLayoutB128192160119_0
19822425,17184,17,1,2,60,384,1,1,168,0.000,0.230,,,,,NVIDIA H100 80GB HBM3 (0),1,,7,kernel_cutlass_kernel_quackgemm_actGemmActSm90_object_at__TiledMMA_ThrLayoutVMNK128211112800_PermutationMNK____MMAAtom_ThrID1281_ShapeMNK6419216_TVLayoutA12864160164_TVLayoutB128192160119_0
19839481,12480,17,3840,1,1,128,1,1,32,0.000,0.004,,,,,NVIDIA H100 80GB HBM3 (0),1,,7,_resgate_adaln_rows_kernel
19852121,29185,17,1,1,132,384,1,1,168,0.000,0.231,,,,,NVIDIA H100 80GB HBM3 (0),1,,7,kernel_cutlass_kernel_quackgemm_actGemmActSm90_object_at__TiledMMA_ThrLayoutVMNK1281111000_PermutationMNK____MMAAtom_ThrID1281_ShapeMNK6419216_TVLayoutA12864160164_TVLayoutB1281921601192__0
19878266,41504,17,480,1,1,288,1,1,94,0.000,0.100,,,,,NVIDIA H100 80GB HBM3 (0),1,,7,"void attn_kernel<(int)1>(CUtensorMap_st, CUtensorMap_st, CUtensorMap_st, __nv_bfloat16 *, int, int, int, int, int, float *)"
19919290,9664,17,1,2,66,384,1,1,168,0.000,0.230,,,,,NVIDIA H100 80GB HBM3 (0),1,,7,kernel_cutlass_kernel_quackgemm_actGemmActSm90_object_at__TiledMMA_ThrLayoutVMNK1281111000_PermutationMNK____MMAAtom_ThrID1281_ShapeMNK6419216_TVLayoutA12864160164_TVLayoutB1281921601192__0
19927226,15008,17,3840,1,1,128,1,1,32,0.000,0.004,,,,,NVIDIA H100 80GB HBM3 (0),1,,7,_resgate_adaln_rows_kernel
19942394,28288,17,1,1,132,384,1,1,168,0.000,0.232,,,,,NVIDIA H100 80GB HBM3 (0),1,,7,kernel_cutlass_kernel_quackgemm_actGemmGatedSm90_object_at__TiledMMA_ThrLayoutVMNK1281111000_PermutationMNK____MMAAtom_ThrID1281_ShapeMNK6419216_TVLayoutA12864160164_TVLayoutB128192160119_0
19967546,17248,17,1,2,60,384,1,1,168,0.000,0.230,,,,,NVIDIA H100 80GB HBM3 (0),1,,7,kernel_cutlass_kernel_quackgemm_actGemmActSm90_object_at__TiledMMA_ThrLayoutVMNK128211112800_PermutationMNK____MMAAtom_ThrID1281_ShapeMNK6419216_TVLayoutA12864160164_TVLayoutB128192160119_0
19984602,12992,17,3840,1,1,128,1,1,32,0.000,0.004,,,,,NVIDIA H100 80GB HBM3 (0),1,,7,_resgate_adaln_rows_kernel
19997626,30368,17,1,1,132,384,1,1,168,0.000,0.231,,,,,NVIDIA H100 80GB HBM3 (0),1,,7,kernel_cutlass_kernel_quackgemm_actGemmActSm90_object_at__TiledMMA_ThrLayoutVMNK1281111000_PermutationMNK____MMAAtom_ThrID1281_ShapeMNK6419216_TVLayoutA12864160164_TVLayoutB1281921601192__0
20024538,42176,17,480,1,1,288,1,1,94,0.000,0.100,,,,,NVIDIA H100 80GB HBM3 (0),1,,7,"void attn_kernel<(int)1>(CUtensorMap_st, CUtensorMap_st, CUtensorMap_st, __nv_bfloat16 *, int, int, int, int, int, float *)"
20065978,10016,17,1,2,66,384,1,1,168,0.000,0.230,,,,,NVIDIA H100 80GB HBM3 (0),1,,7,kernel_cutlass_kernel_quackgemm_actGemmActSm90_object_at__TiledMMA_ThrLayoutVMNK1281111000_PermutationMNK____MMAAtom_ThrID1281_ShapeMNK6419216_TVLayoutA12864160164_TVLayoutB1281921601192__0
20074266,14016,17,3840,1,1,128,1,1,32,0.000,0.004,,,,,NVIDIA H100 80GB HBM3 (0),1,,7,_resgate_adaln_rows_kernel
20088410,29312,17,1,1,132,384,1,1,168,0.000,0.232,,,,,NVIDIA H100 80GB HBM3 (0),1,,7,kernel_cutlass_kernel_quackgemm_actGemmGatedSm90_object_at__TiledMMA_ThrLayoutVMNK1281111000_PermutationMNK____MMAAtom_ThrID1281_ShapeMNK6419216_TVLayoutA12864160164_TVLayoutB128192160119_0
20114714,17152,17,1,2,60,384,1,1,168,0.000,0.230,,,,,NVIDIA H100 80GB HBM3 (0),1,,7,kernel_cutlass_kernel_quackgemm_actGemmActSm90_object_at__TiledMMA_ThrLayoutVMNK128211112800_PermutationMNK____MMAAtom_ThrID1281_ShapeMNK6419216_TVLayoutA12864160164_TVLayoutB128192160119_0
20131738,12640,17,3840,1,1,128,1,1,32,0.000,0.004,,,,,NVIDIA H100 80GB HBM3 (0),1,,7,_resgate_adaln_rows_kernel
20144506,29184,17,1,1,132,384,1,1,168,0.000,0.231,,,,,NVIDIA H100 80GB HBM3 (0),1,,7,kernel_cutlass_kernel_quackgemm_actGemmActSm90_object_at__TiledMMA_ThrLayoutVMNK1281111000_PermutationMNK____MMAAtom_ThrID1281_ShapeMNK6419216_TVLayoutA12864160164_TVLayoutB1281921601192__0
20170554,41601,17,480,1,1,288,1,1,94,0.000,0.100,,,,,NVIDIA H100 80GB HBM3 (0),1,,7,"void attn_kernel<(int)1>(CUtensorMap_st, CUtensorMap_st, CUtensorMap_st, __nv_bfloat16 *, int, int, int, int, int, float *)"
20211515,9856,17,1,2,66,384,1,1,168,0.000,0.230,,,,,NVIDIA H100 80GB HBM3 (0),1,,7,kernel_cutlass_kernel_quackgemm_actGemmActSm90_object_at__TiledMMA_ThrLayoutVMNK1281111000_PermutationMNK____MMAAtom_ThrID1281_ShapeMNK6419216_TVLayoutA12864160164_TVLayoutB1281921601192__0
20219963,13728,17,3840,1,1,128,1,1,32,0.000,0.004,,,,,NVIDIA H100 80GB HBM3 (0),1,,7,_resgate_adaln_rows_kernel
20233659,28064,17,1,1,132,384,1,1,168,0.000,0.232,,,,,NVIDIA H100 80GB HBM3 (0),1,,7,kernel_cutlass_kernel_quackgemm_actGemmGatedSm90_object_at__TiledMMA_ThrLayoutVMNK1281111000_PermutationMNK____MMAAtom_ThrID1281_ShapeMNK6419216_TVLayoutA12864160164_TVLayoutB128192160119_0
20258459,17376,17,1,2,60,384,1,1,168,0.000,0.230,,,,,NVIDIA H100 80GB HBM3 (0),1,,7,kernel_cutlass_kernel_quackgemm_actGemmActSm90_object_at__TiledMMA_ThrLayoutVMNK128211112800_PermutationMNK____MMAAtom_ThrID1281_ShapeMNK6419216_TVLayoutA12864160164_TVLayoutB128192160119_0
20275579,12447,17,3840,1,1,128,1,1,32,0.000,0.004,,,,,NVIDIA H100 80GB HBM3 (0),1,,7,_resgate_adaln_rows_kernel
20288027,29152,17,1,1,132,384,1,1,168,0.000,0.231,,,,,NVIDIA H100 80GB HBM3 (0),1,,7,kernel_cutlass_kernel_quackgemm_actGemmActSm90_object_at__TiledMMA_ThrLayoutVMNK1281111000_PermutationMNK____MMAAtom_ThrID1281_ShapeMNK6419216_TVLayoutA12864160164_TVLayoutB1281921601192__0
20314139,41664,17,480,1,1,288,1,1,94,0.000,0.100,,,,,NVIDIA H100 80GB HBM3 (0),1,,7,"void attn_kernel<(int)1>(CUtensorMap_st, CUtensorMap_st, CUtensorMap_st, __nv_bfloat16 *, int, int, int, int, int, float *)"
20355131,9760,17,1,2,66,384,1,1,168,0.000,0.230,,,,,NVIDIA H100 80GB HBM3 (0),1,,7,kernel_cutlass_kernel_quackgemm_actGemmActSm90_object_at__TiledMMA_ThrLayoutVMNK1281111000_PermutationMNK____MMAAtom_ThrID1281_ShapeMNK6419216_TVLayoutA12864160164_TVLayoutB1281921601192__0
20363131,14048,17,3840,1,1,128,1,1,32,0.000,0.004,,,,,NVIDIA H100 80GB HBM3 (0),1,,7,_resgate_adaln_rows_kernel
20377307,29408,17,1,1,132,384,1,1,168,0.000,0.232,,,,,NVIDIA H100 80GB HBM3 (0),1,,7,kernel_cutlass_kernel_quackgemm_actGemmGatedSm90_object_at__TiledMMA_ThrLayoutVMNK1281111000_PermutationMNK____MMAAtom_ThrID1281_ShapeMNK6419216_TVLayoutA12864160164_TVLayoutB128192160119_0
20403323,17472,17,1,2,60,384,1,1,168,0.000,0.230,,,,,NVIDIA H100 80GB HBM3 (0),1,,7,kernel_cutlass_kernel_quackgemm_actGemmActSm90_object_at__TiledMMA_ThrLayoutVMNK128211112800_PermutationMNK____MMAAtom_ThrID1281_ShapeMNK6419216_TVLayoutA12864160164_TVLayoutB128192160119_0
20420347,12608,17,3840,1,1,128,1,1,32,0.000,0.004,,,,,NVIDIA H100 80GB HBM3 (0),1,,7,_resgate_adaln_rows_kernel
20432891,28224,17,1,1,132,384,1,1,168,0.000,0.231,,,,,NVIDIA H100 80GB HBM3 (0),1,,7,kernel_cutlass_kernel_quackgemm_actGemmActSm90_object_at__TiledMMA_ThrLayoutVMNK1281111000_PermutationMNK____MMAAtom_ThrID1281_ShapeMNK6419216_TVLayoutA12864160164_TVLayoutB1281921601192__0
20458011,41632,17,480,1,1,288,1,1,94,0.000,0.100,,,,,NVIDIA H100 80GB HBM3 (0),1,,7,"void attn_kernel<(int)1>(CUtensorMap_st, CUtensorMap_st, CUtensorMap_st, __nv_bfloat16 *, int, int, int, int, int, float *)"
20498747,9856,17,1,2,66,384,1,1,168,0.000,0.230,,,,,NVIDIA H100 80GB HBM3 (0),1,,7,kernel_cutlass_kernel_quackgemm_actGemmActSm90_object_at__TiledMMA_ThrLayoutVMNK1281111000_PermutationMNK____MMAAtom_ThrID1281_ShapeMNK6419216_TVLayoutA12864160164_TVLayoutB1281921601192__0
20506971,13921,17,3840,1,1,128,1,1,32,0.000,0.004,,,,,NVIDIA H100 80GB HBM3 (0),1,,7,_resgate_adaln_rows_kernel
20521116,29632,17,1,1,132,384,1,1,168,0.000,0.232,,,,,NVIDIA H100 80GB HBM3 (0),1,,7,kernel_cutlass_kernel_quackgemm_actGemmGatedSm90_object_at__TiledMMA_ThrLayoutVMNK1281111000_PermutationMNK____MMAAtom_ThrID1281_ShapeMNK6419216_TVLayoutA12864160164_TVLayoutB128192160119_0
20547388,17600,17,1,2,60,384,1,1,168,0.000,0.230,,,,,NVIDIA H100 80GB HBM3 (0),1,,7,kernel_cutlass_kernel_quackgemm_actGemmActSm90_object_at__TiledMMA_ThrLayoutVMNK128211112800_PermutationMNK____MMAAtom_ThrID1281_ShapeMNK6419216_TVLayoutA12864160164_TVLayoutB128192160119_0
20564668,12704,17,3840,1,1,128,1,1,32,0.000,0.004,,,,,NVIDIA H100 80GB HBM3 (0),1,,7,_resgate_adaln_rows_kernel
20577436,28512,17,1,1,132,384,1,1,168,0.000,0.231,,,,,NVIDIA H100 80GB HBM3 (0),1,,7,kernel_cutlass_kernel_quackgemm_actGemmActSm90_object_at__TiledMMA_ThrLayoutVMNK1281111000_PermutationMNK____MMAAtom_ThrID1281_ShapeMNK6419216_TVLayoutA12864160164_TVLayoutB1281921601192__0
20602716,42720,17,480,1,1,288,1,1,94,0.000,0.100,,,,,NVIDIA H100 80GB HBM3 (0),1,,7,"void attn_kernel<(int)1>(CUtensorMap_st, CUtensorMap_st, CUtensorMap_st, __nv_bfloat16 *, int, int, int, int, int, float *)"
20644732,9632,17,1,2,66,384,1,1,168,0.000,0.230,,,,,NVIDIA H100 80GB HBM3 (0),1,,7,kernel_cutlass_kernel_quackgemm_actGemmActSm90_object_at__TiledMMA_ThrLayoutVMNK1281111000_PermutationMNK____MMAAtom_ThrID1281_ShapeMNK6419216_TVLayoutA12864160164_TVLayoutB1281921601192__0
20652860,13760,17,3840,1,1,128,1,1,32,0.000,0.004,,,,,NVIDIA H100 80GB HBM3 (0),1,,7,_resgate_adaln_rows_kernel
20666684,29440,17,1,1,132,384,1,1,168,0.000,0.232,,,,,NVIDIA H100 80GB HBM3 (0),1,,7,kernel_cutlass_kernel_quackgemm_actGemmGatedSm90_object_at__TiledMMA_ThrLayoutVMNK1281111000_PermutationMNK____MMAAtom_ThrID1281_ShapeMNK6419216_TVLayoutA12864160164_TVLayoutB128192160119_0
20693148,17120,17,1,2,60,384,1,1,168,0.000,0.230,,,,,NVIDIA H100 80GB HBM3 (0),1,,7,kernel_cutlass_kernel_quackgemm_actGemmActSm90_object_at__TiledMMA_ThrLayoutVMNK128211112800_PermutationMNK____MMAAtom_ThrID1281_ShapeMNK6419216_TVLayoutA12864160164_TVLayoutB128192160119_0
20709980,12863,17,3840,1,1,128,1,1,32,0.000,0.004,,,,,NVIDIA H100 80GB HBM3 (0),1,,7,_resgate_adaln_rows_kernel
20722844,29120,17,1,1,132,384,1,1,168,0.000,0.231,,,,,NVIDIA H100 80GB HBM3 (0),1,,7,kernel_cutlass_kernel_quackgemm_actGemmActSm90_object_at__TiledMMA_ThrLayoutVMNK1281111000_PermutationMNK____MMAAtom_ThrID1281_ShapeMNK6419216_TVLayoutA12864160164_TVLayoutB1281921601192__0
20748572,41632,17,480,1,1,288,1,1,94,0.000,0.100,,,,,NVIDIA H100 80GB HBM3 (0),1,,7,"void attn_kernel<(int)1>(CUtensorMap_st, CUtensorMap_st, CUtensorMap_st, __nv_bfloat16 *, int, int, int, int, int, float *)"
20789340,9632,17,1,2,66,384,1,1,168,0.000,0.230,,,,,NVIDIA H100 80GB HBM3 (0),1,,7,kernel_cutlass_kernel_quackgemm_actGemmActSm90_object_at__TiledMMA_ThrLayoutVMNK1281111000_PermutationMNK____MMAAtom_ThrID1281_ShapeMNK6419216_TVLayoutA12864160164_TVLayoutB1281921601192__0
20797340,14464,17,3840,1,1,128,1,1,32,0.000,0.004,,,,,NVIDIA H100 80GB HBM3 (0),1,,7,_resgate_adaln_rows_kernel
20811836,29440,17,1,1,132,384,1,1,168,0.000,0.232,,,,,NVIDIA H100 80GB HBM3 (0),1,,7,kernel_cutlass_kernel_quackgemm_actGemmGatedSm90_object_at__TiledMMA_ThrLayoutVMNK1281111000_PermutationMNK____MMAAtom_ThrID1281_ShapeMNK6419216_TVLayoutA12864160164_TVLayoutB128192160119_0
20838780,16481,17,1,2,60,384,1,1,168,0.000,0.230,,,,,NVIDIA H100 80GB HBM3 (0),1,,7,kernel_cutlass_kernel_quackgemm_actGemmActSm90_object_at__TiledMMA_ThrLayoutVMNK128211112800_PermutationMNK____MMAAtom_ThrID1281_ShapeMNK6419216_TVLayoutA12864160164_TVLayoutB128192160119_0
20855101,12544,17,3840,1,1,128,1,1,32,0.000,0.004,,,,,NVIDIA H100 80GB HBM3 (0),1,,7,_resgate_adaln_rows_kernel
20867613,30240,17,1,1,132,384,1,1,168,0.000,0.231,,,,,NVIDIA H100 80GB HBM3 (0),1,,7,kernel_cutlass_kernel_quackgemm_actGemmActSm90_object_at__TiledMMA_ThrLayoutVMNK1281111000_PermutationMNK____MMAAtom_ThrID1281_ShapeMNK6419216_TVLayoutA12864160164_TVLayoutB1281921601192__0
20894877,41952,17,480,1,1,288,1,1,94,0.000,0.100,,,,,NVIDIA H100 80GB HBM3 (0),1,,7,"void attn_kernel<(int)1>(CUtensorMap_st, CUtensorMap_st, CUtensorMap_st, __nv_bfloat16 *, int, int, int, int, int, float *)"
20936221,10272,17,1,2,66,384,1,1,168,0.000,0.230,,,,,NVIDIA H100 80GB HBM3 (0),1,,7,kernel_cutlass_kernel_quackgemm_actGemmActSm90_object_at__TiledMMA_ThrLayoutVMNK1281111000_PermutationMNK____MMAAtom_ThrID1281_ShapeMNK6419216_TVLayoutA12864160164_TVLayoutB1281921601192__0
20944893,14175,17,3840,1,1,128,1,1,32,0.000,0.004,,,,,NVIDIA H100 80GB HBM3 (0),1,,7,_resgate_adaln_rows_kernel
20959069,28384,17,1,1,132,384,1,1,168,0.000,0.232,,,,,NVIDIA H100 80GB HBM3 (0),1,,7,kernel_cutlass_kernel_quackgemm_actGemmGatedSm90_object_at__TiledMMA_ThrLayoutVMNK1281111000_PermutationMNK____MMAAtom_ThrID1281_ShapeMNK6419216_TVLayoutA12864160164_TVLayoutB128192160119_0
20983837,17632,17,1,2,60,384,1,1,168,0.000,0.230,,,,,NVIDIA H100 80GB HBM3 (0),1,,7,kernel_cutlass_kernel_quackgemm_actGemmActSm90_object_at__TiledMMA_ThrLayoutVMNK128211112800_PermutationMNK____MMAAtom_ThrID1281_ShapeMNK6419216_TVLayoutA12864160164_TVLayoutB128192160119_0
21001149,12704,17,3840,1,1,128,1,1,32,0.000,0.004,,,,,NVIDIA H100 80GB HBM3 (0),1,,7,_resgate_adaln_rows_kernel
21013917,28960,17,1,1,132,384,1,1,168,0.000,0.231,,,,,NVIDIA H100 80GB HBM3 (0),1,,7,kernel_cutlass_kernel_quackgemm_actGemmActSm90_object_at__TiledMMA_ThrLayoutVMNK1281111000_PermutationMNK____MMAAtom_ThrID1281_ShapeMNK6419216_TVLayoutA12864160164_TVLayoutB1281921601192__0
21040285,41280,17,480,1,1,288,1,1,94,0.000,0.100,,,,,NVIDIA H100 80GB HBM3 (0),1,,7,"void attn_kernel<(int)1>(CUtensorMap_st, CUtensorMap_st, CUtensorMap_st, __nv_bfloat16 *, int, int, int, int, int, float *)"
21080733,10336,17,1,2,66,384,1,1,168,0.000,0.230,,,,,NVIDIA H100 80GB HBM3 (0),1,,7,kernel_cutlass_kernel_quackgemm_actGemmActSm90_object_at__TiledMMA_ThrLayoutVMNK1281111000_PermutationMNK____MMAAtom_ThrID1281_ShapeMNK6419216_TVLayoutA12864160164_TVLayoutB1281921601192__0
21089469,13824,17,3840,1,1,128,1,1,32,0.000,0.004,,,,,NVIDIA H100 80GB HBM3 (0),1,,7,_resgate_adaln_rows_kernel
21103229,29536,17,1,1,132,384,1,1,168,0.000,0.232,,,,,NVIDIA H100 80GB HBM3 (0),1,,7,kernel_cutlass_kernel_quackgemm_actGemmGatedSm90_object_at__TiledMMA_ThrLayoutVMNK1281111000_PermutationMNK____MMAAtom_ThrID1281_ShapeMNK6419216_TVLayoutA12864160164_TVLayoutB128192160119_0
21129693,17216,17,1,2,60,384,1,1,168,0.000,0.230,,,,,NVIDIA H100 80GB HBM3 (0),1,,7,kernel_cutlass_kernel_quackgemm_actGemmActSm90_object_at__TiledMMA_ThrLayoutVMNK128211112800_PermutationMNK____MMAAtom_ThrID1281_ShapeMNK6419216_TVLayoutA12864160164_TVLayoutB128192160119_0
21146429,13120,17,3840,1,1,128,1,1,32,0.000,0.004,,,,,NVIDIA H100 80GB HBM3 (0),1,,7,_resgate_adaln_rows_kernel
21159485,29153,17,1,1,132,384,1,1,168,0.000,0.231,,,,,NVIDIA H100 80GB HBM3 (0),1,,7,kernel_cutlass_kernel_quackgemm_actGemmActSm90_object_at__TiledMMA_ThrLayoutVMNK1281111000_PermutationMNK____MMAAtom_ThrID1281_ShapeMNK6419216_TVLayoutA12864160164_TVLayoutB1281921601192__0
21185758,41984,17,480,1,1,288,1,1,94,0.000,0.100,,,,,NVIDIA H100 80GB HBM3 (0),1,,7,"void attn_kernel<(int)1>(CUtensorMap_st, CUtensorMap_st, CUtensorMap_st, __nv_bfloat16 *, int, int, int, int, int, float *)"
21227230,9888,17,1,2,66,384,1,1,168,0.000,0.230,,,,,NVIDIA H100 80GB HBM3 (0),1,,7,kernel_cutlass_kernel_quackgemm_actGemmActSm90_object_at__TiledMMA_ThrLayoutVMNK1281111000_PermutationMNK____MMAAtom_ThrID1281_ShapeMNK6419216_TVLayoutA12864160164_TVLayoutB1281921601192__0
21235262,14592,17,3840,1,1,128,1,1,32,0.000,0.004,,,,,NVIDIA H100 80GB HBM3 (0),1,,7,_resgate_adaln_rows_kernel
21250142,28576,17,1,1,132,384,1,1,168,0.000,0.232,,,,,NVIDIA H100 80GB HBM3 (0),1,,7,kernel_cutlass_kernel_quackgemm_actGemmGatedSm90_object_at__TiledMMA_ThrLayoutVMNK1281111000_PermutationMNK____MMAAtom_ThrID1281_ShapeMNK6419216_TVLayoutA12864160164_TVLayoutB128192160119_0
21275710,17216,17,1,2,60,384,1,1,168,0.000,0.230,,,,,NVIDIA H100 80GB HBM3 (0),1,,7,kernel_cutlass_kernel_quackgemm_actGemmActSm90_object_at__TiledMMA_ThrLayoutVMNK128211112800_PermutationMNK____MMAAtom_ThrID1281_ShapeMNK6419216_TVLayoutA12864160164_TVLayoutB128192160119_0
21292958,8896,17,1920,1,1,256,1,1,32,0.000,0.008,,,,,NVIDIA H100 80GB HBM3 (0),1,,7,_resgate_adaln_rows_kernel
21302366,4288,17,2880,1,1,128,1,1,32,0.000,0.000,,,,,NVIDIA H100 80GB HBM3 (0),1,,7,"void at::native::vectorized_elementwise_kernel<(int)8, at::native::bfloat16_copy_kernel_cuda(at::TensorIteratorBase &)::[lambda(float) (instance 1)], std::array<char *, (unsigned long)2>>(int, T2, T3)"
21311102,4256,27,576,1,1,128,1,1,32,0.000,0.000,,,,,NVIDIA H100 80GB HBM3 (0),1,,7,"void at::native::unrolled_elementwise_kernel<at::native::direct_copy_kernel_cuda(at::TensorIteratorBase &)::[lambda() (instance 3)]::operator ()() const::[lambda() (instance 7)]::operator ()() const::[lambda(float) (instance 1)], std::array<char *, (unsigned long)2>, (int)4, TrivialOffsetCalculator<(int)1, unsigned int>, TrivialOffsetCalculator<(int)1, unsigned int>, at::native::memory::LoadWithCast<(int)1>, at::native::memory::StoreWithCast<(int)1>>(int, T1, T2, T4, T5, T6, T7)"
21315774,3680,27,768,1,1,32,4,1,39,0.000,0.000,,,,,NVIDIA H100 80GB HBM3 (0),1,,7,"void at::native::<unnamed>::vectorized_layer_norm_kernel<float, float, (bool)0>(int, T2, const T1 *, const T1 *, const T1 *, T2 *, T2 *, T1 *)"
21319966,1632,27,288,1,1,128,1,1,32,0.000,0.000,,,,,NVIDIA H100 80GB HBM3 (0),1,,7,"void at::native::vectorized_elementwise_kernel<(int)8, at::native::bfloat16_copy_kernel_cuda(at::TensorIteratorBase &)::[lambda(float) (instance 1)], std::array<char *, (unsigned long)2>>(int, T2, T3)"
21321822,81600,27,1,1,132,384,1,1,168,0.000,0.231,,,,,NVIDIA H100 80GB HBM3 (0),1,,7,kernel_cutlass_kernel_quackgemm_actGemmActSm90_object_at__TiledMMA_ThrLayoutVMNK1281111000_PermutationMNK____MMAAtom_ThrID1281_ShapeMNK6419216_TVLayoutA12864160164_TVLayoutB1281921601192__0
21401822,41888,27,1,1,132,384,1,1,168,0.000,0.231,,,,,NVIDIA H100 80GB HBM3 (0),1,,7,kernel_cutlass_kernel_quackgemm_actGemmActSm90_object_at__TiledMMA_ThrLayoutVMNK1281111000_PermutationMNK____MMAAtom_ThrID1281_ShapeMNK6419216_TVLayoutA12864160164_TVLayoutB1281921601192__0
21443998,11456,27,5760,1,1,128,1,1,32,0.000,0.000,,,,,NVIDIA H100 80GB HBM3 (0),1,,7,"void at::native::unrolled_elementwise_kernel<at::native::direct_copy_kernel_cuda(at::TensorIteratorBase &)::[lambda() (instance 3)]::operator ()() const::[lambda() (instance 7)]::operator ()() const::[lambda(float) (instance 1)], std::array<char *, (unsigned long)2>, (int)4, TrivialOffsetCalculator<(int)1, unsigned int>, TrivialOffsetCalculator<(int)1, unsigned int>, at::native::memory::LoadWithCast<(int)1>, at::native::memory::StoreWithCast<(int)1>>(int, T1, T2, T4, T5, T6, T7)"
21455870,7616,27,3840,1,1,128,1,1,32,0.000,0.000,,,,,NVIDIA H100 80GB HBM3 (0),1,,7,_adaln_rows_kernel
21463742,29281,27,1,1,132,384,1,1,168,0.000,0.231,,,,,NVIDIA H100 80GB HBM3 (0),1,,7,kernel_cutlass_kernel_quackgemm_actGemmActSm90_object_at__TiledMMA_ThrLayoutVMNK1281111000_PermutationMNK____MMAAtom_ThrID1281_ShapeMNK6419216_TVLayoutA12864160164_TVLayoutB1281921601192__0
21489759,42528,27,480,1,1,288,1,1,94,0.000,0.100,,,,,NVIDIA H100 80GB HBM3 (0),1,,7,"void attn_kernel<(int)1>(CUtensorMap_st, CUtensorMap_st, CUtensorMap_st, __nv_bfloat16 *, int, int, int, int, int, float *)"
21531647,9888,27,1,2,66,384,1,1,168,0.000,0.230,,,,,NVIDIA H100 80GB HBM3 (0),1,,7,kernel_cutlass_kernel_quackgemm_actGemmActSm90_object_at__TiledMMA_ThrLayoutVMNK1281111000_PermutationMNK____MMAAtom_ThrID1281_ShapeMNK6419216_TVLayoutA12864160164_TVLayoutB1281921601192__0
21539871,13728,27,3840,1,1,128,1,1,32,0.000,0.004,,,,,NVIDIA H100 80GB HBM3 (0),1,,7,_resgate_adaln_rows_kernel
21553631,29312,27,1,1,132,384,1,1,168,0.000,0.232,,,,,NVIDIA H100 80GB HBM3 (0),1,,7,kernel_cutlass_kernel_quackgemm_actGemmGatedSm90_object_at__TiledMMA_ThrLayoutVMNK1281111000_PermutationMNK____MMAAtom_ThrID1281_ShapeMNK6419216_TVLayoutA12864160164_TVLayoutB128192160119_0
21579871,17184,27,1,2,60,384,1,1,168,0.000,0.230,,,,,NVIDIA H100 80GB HBM3 (0),1,,7,kernel_cutlass_kernel_quackgemm_actGemmActSm90_object_at__TiledMMA_ThrLayoutVMNK128211112800_PermutationMNK____MMAAtom_ThrID1281_ShapeMNK6419216_TVLayoutA12864160164_TVLayoutB128192160119_0
21596543,12512,27,3840,1,1,128,1,1,32,0.000,0.004,,,,,NVIDIA H100 80GB HBM3 (0),1,,7,_resgate_adaln_rows_kernel
21609151,28544,27,1,1,132,384,1,1,168,0.000,0.231,,,,,NVIDIA H100 80GB HBM3 (0),1,,7,kernel_cutlass_kernel_quackgemm_actGemmActSm90_object_at__TiledMMA_ThrLayoutVMNK1281111000_PermutationMNK____MMAAtom_ThrID1281_ShapeMNK6419216_TVLayoutA12864160164_TVLayoutB1281921601192__0
21634975,41472,27,480,1,1,288,1,1,94,0.000,0.100,,,,,NVIDIA H100 80GB HBM3 (0),1,,7,"void attn_kernel<(int)1>(CUtensorMap_st, CUtensorMap_st, CUtensorMap_st, __nv_bfloat16 *, int, int, int, int, int, float *)"
21675615,9856,27,1,2,66,384,1,1,168,0.000,0.230,,,,,NVIDIA H100 80GB HBM3 (0),1,,7,kernel_cutlass_kernel_quackgemm_actGemmActSm90_object_at__TiledMMA_ThrLayoutVMNK1281111000_PermutationMNK____MMAAtom_ThrID1281_ShapeMNK6419216_TVLayoutA12864160164_TVLayoutB1281921601192__0
21683967,14016,27,3840,1,1,128,1,1,32,0.000,0.004,,,,,NVIDIA H100 80GB HBM3 (0),1,,7,_resgate_adaln_rows_kernel
21697951,28896,27,1,1,132,384,1,1,168,0.000,0.232,,,,,NVIDIA H100 80GB HBM3 (0),1,,7,kernel_cutlass_kernel_quackgemm_actGemmGatedSm90_object_at__TiledMMA_ThrLayoutVMNK1281111000_PermutationMNK____MMAAtom_ThrID1281_ShapeMNK6419216_TVLayoutA12864160164_TVLayoutB128192160119_0
21723839,17120,27,1,2,60,384,1,1,168,0.000,0.230,,,,,NVIDIA H100 80GB HBM3 (0),1,,7,kernel_cutlass_kernel_quackgemm_actGemmActSm90_object_at__TiledMMA_ThrLayoutVMNK128211112800_PermutationMNK____MMAAtom_ThrID1281_ShapeMNK6419216_TVLayoutA12864160164_TVLayoutB128192160119_0
21740703,12896,27,3840,1,1,128,1,1,32,0.000,0.004,,,,,NVIDIA H100 80GB HBM3 (0),1,,7,_resgate_adaln_rows_kernel
21753727,29248,27,1,1,132,384,1,1,168,0.000,0.231,,,,,NVIDIA H100 80GB HBM3 (0),1,,7,kernel_cutlass_kernel_quackgemm_actGemmActSm90_object_at__TiledMMA_ThrLayoutVMNK1281111000_PermutationMNK____MMAAtom_ThrID1281_ShapeMNK6419216_TVLayoutA12864160164_TVLayoutB1281921601192__0
21779679,41985,27,480,1,1,288,1,1,94,0.000,0.100,,,,,NVIDIA H100 80GB HBM3 (0),1,,7,"void attn_kernel<(int)1>(CUtensorMap_st, CUtensorMap_st, CUtensorMap_st, __nv_bfloat16 *, int, int, int, int, int, float *)"
21821056,9728,27,1,2,66,384,1,1,168,0.000,0.230,,,,,NVIDIA H100 80GB HBM3 (0),1,,7,kernel_cutlass_kernel_quackgemm_actGemmActSm90_object_at__TiledMMA_ThrLayoutVMNK1281111000_PermutationMNK____MMAAtom_ThrID1281_ShapeMNK6419216_TVLayoutA12864160164_TVLayoutB1281921601192__0
21829120,14207,27,3840,1,1,128,1,1,32,0.000,0.004,,,,,NVIDIA H100 80GB HBM3 (0),1,,7,_resgate_adaln_rows_kernel
21843328,28416,27,1,1,132,384,1,1,168,0.000,0.232,,,,,NVIDIA H100 80GB HBM3 (0),1,,7,kernel_cutlass_kernel_quackgemm_actGemmGatedSm90_object_at__TiledMMA_ThrLayoutVMNK1281111000_PermutationMNK____MMAAtom_ThrID1281_ShapeMNK6419216_TVLayoutA12864160164_TVLayoutB128192160119_0
21868640,17216,27,1,2,60,384,1,1,168,0.000,0.230,,,,,NVIDIA H100 80GB HBM3 (0),1,,7,kernel_cutlass_kernel_quackgemm_actGemmActSm90_object_at__TiledMMA_ThrLayoutVMNK128211112800_PermutationMNK____MMAAtom_ThrID1281_ShapeMNK6419216_TVLayoutA12864160164_TVLayoutB128192160119_0
21885696,12576,27,3840,1,1,128,1,1,32,0.000,0.004,,,,,NVIDIA H100 80GB HBM3 (0),1,,7,_resgate_adaln_rows_kernel
21898400,29664,27,1,1,132,384,1,1,168,0.000,0.231,,,,,NVIDIA H100 80GB HBM3 (0),1,,7,kernel_cutlass_kernel_quackgemm_actGemmActSm90_object_at__TiledMMA_ThrLayoutVMNK1281111000_PermutationMNK____MMAAtom_ThrID1281_ShapeMNK6419216_TVLayoutA12864160164_TVLayoutB1281921601192__0
21924480,42176,27,480,1,1,288,1,1,94,0.000,0.100,,,,,NVIDIA H100 80GB HBM3 (0),1,,7,"void attn_kernel<(int)1>(CUtensorMap_st, CUtensorMap_st, CUtensorMap_st, __nv_bfloat16 *, int, int, int, int, int, float *)"
21965792,9664,27,1,2,66,384,1,1,168,0.000,0.230,,,,,NVIDIA H100 80GB HBM3 (0),1,,7,kernel_cutlass_kernel_quackgemm_actGemmActSm90_object_at__TiledMMA_ThrLayoutVMNK1281111000_PermutationMNK____MMAAtom_ThrID1281_ShapeMNK6419216_TVLayoutA12864160164_TVLayoutB1281921601192__0
21973888,13824,27,3840,1,1,128,1,1,32,0.000,0.004,,,,,NVIDIA H100 80GB HBM3 (0),1,,7,_resgate_adaln_rows_kernel
21987808,29120,27,1,1,132,384,1,1,168,0.000,0.232,,,,,NVIDIA H100 80GB HBM3 (0),1,,7,kernel_cutlass_kernel_quackgemm_actGemmGatedSm90_object_at__TiledMMA_ThrLayoutVMNK1281111000_PermutationMNK____MMAAtom_ThrID1281_ShapeMNK6419216_TVLayoutA12864160164_TVLayoutB128192160119_0
22013920,17216,27,1,2,60,384,1,1,168,0.000,0.230,,,,,NVIDIA H100 80GB HBM3 (0),1,,7,kernel_cutlass_kernel_quackgemm_actGemmActSm90_object_at__TiledMMA_ThrLayoutVMNK128211112800_PermutationMNK____MMAAtom_ThrID1281_ShapeMNK6419216_TVLayoutA12864160164_TVLayoutB128192160119_0
22030912,13440,27,3840,1,1,128,1,1,32,0.000,0.004,,,,,NVIDIA H100 80GB HBM3 (0),1,,7,_resgate_adaln_rows_kernel
22044480,30080,27,1,1,132,384,1,1,168,0.000,0.231,,,,,NVIDIA H100 80GB HBM3 (0),1,,7,kernel_cutlass_kernel_quackgemm_actGemmActSm90_object_at__TiledMMA_ThrLayoutVMNK1281111000_PermutationMNK____MMAAtom_ThrID1281_ShapeMNK6419216_TVLayoutA12864160164_TVLayoutB1281921601192__0
22071296,41504,27,480,1,1,288,1,1,94,0.000,0.100,,,,,NVIDIA H100 80GB HBM3 (0),1,,7,"void attn_kernel<(int)1>(CUtensorMap_st, CUtensorMap_st, CUtensorMap_st, __nv_bfloat16 *, int, int, int, int, int, float *)"
22112096,9696,27,1,2,66,384,1,1,168,0.000,0.230,,,,,NVIDIA H100 80GB HBM3 (0),1,,7,kernel_cutlass_kernel_quackgemm_actGemmActSm90_object_at__TiledMMA_ThrLayoutVMNK1281111000_PermutationMNK____MMAAtom_ThrID1281_ShapeMNK6419216_TVLayoutA12864160164_TVLayoutB1281921601192__0
22120192,14081,27,3840,1,1,128,1,1,32,0.000,0.004,,,,,NVIDIA H100 80GB HBM3 (0),1,,7,_resgate_adaln_rows_kernel
22134433,28928,27,1,1,132,384,1,1,168,0.000,0.232,,,,,NVIDIA H100 80GB HBM3 (0),1,,7,kernel_cutlass_kernel_quackgemm_actGemmGatedSm90_object_at__TiledMMA_ThrLayoutVMNK1281111000_PermutationMNK____MMAAtom_ThrID1281_ShapeMNK6419216_TVLayoutA12864160164_TVLayoutB128192160119_0
22160385,17120,27,1,2,60,384,1,1,168,0.000,0.230,,,,,NVIDIA H100 80GB HBM3 (0),1,,7,kernel_cutlass_kernel_quackgemm_actGemmActSm90_object_at__TiledMMA_ThrLayoutVMNK128211112800_PermutationMNK____MMAAtom_ThrID1281_ShapeMNK6419216_TVLayoutA12864160164_TVLayoutB128192160119_0
22177121,12544,27,3840,1,1,128,1,1,32,0.000,0.004,,,,,NVIDIA H100 80GB HBM3 (0),1,,7,_resgate_adaln_rows_kernel
22189697,28576,27,1,1,132,384,1,1,168,0.000,0.231,,,,,NVIDIA H100 80GB HBM3 (0),1,,7,kernel_cutlass_kernel_quackgemm_actGemmActSm90_object_at__TiledMMA_ThrLayoutVMNK1281111000_PermutationMNK____MMAAtom_ThrID1281_ShapeMNK6419216_TVLayoutA12864160164_TVLayoutB1281921601192__0
22215425,42688,27,480,1,1,288,1,1,94,0.000,0.100,,,,,NVIDIA H100 80GB HBM3 (0),1,,7,"void attn_kernel<(int)1>(CUtensorMap_st, CUtensorMap_st, CUtensorMap_st, __nv_bfloat16 *, int, int, int, int, int, float *)"
22257377,9664,27,1,2,66,384,1,1,168,0.000,0.230,,,,,NVIDIA H100 80GB HBM3 (0),1,,7,kernel_cutlass_kernel_quackgemm_actGemmActSm90_object_at__TiledMMA_ThrLayoutVMNK1281111000_PermutationMNK____MMAAtom_ThrID1281_ShapeMNK6419216_TVLayoutA12864160164_TVLayoutB1281921601192__0
22265505,14144,27,3840,1,1,128,1,1,32,0.000,0.004,,,,,NVIDIA H100 80GB HBM3 (0),1,,7,_resgate_adaln_rows_kernel
22279777,29440,27,1,1,132,384,1,1,168,0.000,0.232,,,,,NVIDIA H100 80GB HBM3 (0),1,,7,kernel_cutlass_kernel_quackgemm_actGemmGatedSm90_object_at__TiledMMA_ThrLayoutVMNK1281111000_PermutationMNK____MMAAtom_ThrID1281_ShapeMNK6419216_TVLayoutA12864160164_TVLayoutB128192160119_0
22306241,17055,27,1,2,60,384,1,1,168,0.000,0.230,,,,,NVIDIA H100 80GB HBM3 (0),1,,7,kernel_cutlass_kernel_quackgemm_actGemmActSm90_object_at__TiledMMA_ThrLayoutVMNK128211112800_PermutationMNK____MMAAtom_ThrID1281_ShapeMNK6419216_TVLayoutA12864160164_TVLayoutB128192160119_0
22323297,12576,27,3840,1,1,128,1,1,32,0.000,0.004,,,,,NVIDIA H100 80GB HBM3 (0),1,,7,_resgate_adaln_rows_kernel
22335969,28960,27,1,1,132,384,1,1,168,0.000,0.231,,,,,NVIDIA H100 80GB HBM3 (0),1,,7,kernel_cutlass_kernel_quackgemm_actGemmActSm90_object_at__TiledMMA_ThrLayoutVMNK1281111000_PermutationMNK____MMAAtom_ThrID1281_ShapeMNK6419216_TVLayoutA12864160164_TVLayoutB1281921601192__0
22361761,41664,27,480,1,1,288,1,1,94,0.000,0.100,,,,,NVIDIA H100 80GB HBM3 (0),1,,7,"void attn_kernel<(int)1>(CUtensorMap_st, CUtensorMap_st, CUtensorMap_st, __nv_bfloat16 *, int, int, int, int, int, float *)"
22402785,9632,27,1,2,66,384,1,1,168,0.000,0.230,,,,,NVIDIA H100 80GB HBM3 (0),1,,7,kernel_cutlass_kernel_quackgemm_actGemmActSm90_object_at__TiledMMA_ThrLayoutVMNK1281111000_PermutationMNK____MMAAtom_ThrID1281_ShapeMNK6419216_TVLayoutA12864160164_TVLayoutB1281921601192__0
22410913,13728,27,3840,1,1,128,1,1,32,0.000,0.004,,,,,NVIDIA H100 80GB HBM3 (0),1,,7,_resgate_adaln_rows_kernel
22424737,27840,27,1,1,132,384,1,1,168,0.000,0.232,,,,,NVIDIA H100 80GB HBM3 (0),1,,7,kernel_cutlass_kernel_quackgemm_actGemmGatedSm90_object_at__TiledMMA_ThrLayoutVMNK1281111000_PermutationMNK____MMAAtom_ThrID1281_ShapeMNK6419216_TVLayoutA12864160164_TVLayoutB128192160119_0
22449505,17185,27,1,2,60,384,1,1,168,0.000,0.230,,,,,NVIDIA H100 80GB HBM3 (0),1,,7,kernel_cutlass_kernel_quackgemm_actGemmActSm90_object_at__TiledMMA_ThrLayoutVMNK128211112800_PermutationMNK____MMAAtom_ThrID1281_ShapeMNK6419216_TVLayoutA12864160164_TVLayoutB128192160119_0
22466498,12512,27,3840,1,1,128,1,1,32,0.000,0.004,,,,,NVIDIA H100 80GB HBM3 (0),1,,7,_resgate_adaln_rows_kernel
22479106,29728,27,1,1,132,384,1,1,168,0.000,0.231,,,,,NVIDIA H100 80GB HBM3 (0),1,,7,kernel_cutlass_kernel_quackgemm_actGemmActSm90_object_at__TiledMMA_ThrLayoutVMNK1281111000_PermutationMNK____MMAAtom_ThrID1281_ShapeMNK6419216_TVLayoutA12864160164_TVLayoutB1281921601192__0
22505986,41760,27,480,1,1,288,1,1,94,0.000,0.100,,,,,NVIDIA H100 80GB HBM3 (0),1,,7,"void attn_kernel<(int)1>(CUtensorMap_st, CUtensorMap_st, CUtensorMap_st, __nv_bfloat16 *, int, int, int, int, int, float *)"
22547042,9664,27,1,2,66,384,1,1,168,0.000,0.230,,,,,NVIDIA H100 80GB HBM3 (0),1,,7,kernel_cutlass_kernel_quackgemm_actGemmActSm90_object_at__TiledMMA_ThrLayoutVMNK1281111000_PermutationMNK____MMAAtom_ThrID1281_ShapeMNK6419216_TVLayoutA12864160164_TVLayoutB1281921601192__0
22555106,14208,27,3840,1,1,128,1,1,32,0.000,0.004,,,,,NVIDIA H100 80GB HBM3 (0),1,,7,_resgate_adaln_rows_kernel
22569602,29760,27,1,1,132,384,1,1,168,0.000,0.232,,,,,NVIDIA H100 80GB HBM3 (0),1,,7,kernel_cutlass_kernel_quackgemm_actGemmGatedSm90_object_at__TiledMMA_ThrLayoutVMNK1281111000_PermutationMNK____MMAAtom_ThrID1281_ShapeMNK6419216_TVLayoutA12864160164_TVLayoutB128192160119_0
22596002,17536,27,1,2,60,384,1,1,168,0.000,0.230,,,,,NVIDIA H100 80GB HBM3 (0),1,,7,kernel_cutlass_kernel_quackgemm_actGemmActSm90_object_at__TiledMMA_ThrLayoutVMNK128211112800_PermutationMNK____MMAAtom_ThrID1281_ShapeMNK6419216_TVLayoutA12864160164_TVLayoutB128192160119_0
22613474,12640,27,3840,1,1,128,1,1,32,0.000,0.004,,,,,NVIDIA H100 80GB HBM3 (0),1,,7,_resgate_adaln_rows_kernel
22626178,28704,27,1,1,132,384,1,1,168,0.000,0.231,,,,,NVIDIA H100 80GB HBM3 (0),1,,7,kernel_cutlass_kernel_quackgemm_actGemmActSm90_object_at__TiledMMA_ThrLayoutVMNK1281111000_PermutationMNK____MMAAtom_ThrID1281_ShapeMNK6419216_TVLayoutA12864160164_TVLayoutB1281921601192__0
22651970,41216,27,480,1,1,288,1,1,94,0.000,0.100,,,,,NVIDIA H100 80GB HBM3 (0),1,,7,"void attn_kernel<(int)1>(CUtensorMap_st, CUtensorMap_st, CUtensorMap_st, __nv_bfloat16 *, int, int, int, int, int, float *)"
22692514,9664,27,1,2,66,384,1,1,168,0.000,0.230,,,,,NVIDIA H100 80GB HBM3 (0),1,,7,kernel_cutlass_kernel_quackgemm_actGemmActSm90_object_at__TiledMMA_ThrLayoutVMNK1281111000_PermutationMNK____MMAAtom_ThrID1281_ShapeMNK6419216_TVLayoutA12864160164_TVLayoutB1281921601192__0
22700482,14048,27,3840,1,1,128,1,1,32,0.000,0.004,,,,,NVIDIA H100 80GB HBM3 (0),1,,7,_resgate_adaln_rows_kernel
22714722,28800,27,1,1,132,384,1,1,168,0.000,0.232,,,,,NVIDIA H100 80GB HBM3 (0),1,,7,kernel_cutlass_kernel_quackgemm_actGemmGatedSm90_object_at__TiledMMA_ThrLayoutVMNK1281111000_PermutationMNK____MMAAtom_ThrID1281_ShapeMNK6419216_TVLayoutA12864160164_TVLayoutB128192160119_0
22740738,16864,27,1,2,60,384,1,1,168,0.000,0.230,,,,,NVIDIA H100 80GB HBM3 (0),1,,7,kernel_cutlass_kernel_quackgemm_actGemmActSm90_object_at__TiledMMA_ThrLayoutVMNK128211112800_PermutationMNK____MMAAtom_ThrID1281_ShapeMNK6419216_TVLayoutA12864160164_TVLayoutB128192160119_0
22757314,12640,27,3840,1,1,128,1,1,32,0.000,0.004,,,,,NVIDIA H100 80GB HBM3 (0),1,,7,_resgate_adaln_rows_kernel
22770146,29281,27,1,1,132,384,1,1,168,0.000,0.231,,,,,NVIDIA H100 80GB HBM3 (0),1,,7,kernel_cutlass_kernel_quackgemm_actGemmActSm90_object_at__TiledMMA_ThrLayoutVMNK1281111000_PermutationMNK____MMAAtom_ThrID1281_ShapeMNK6419216_TVLayoutA12864160164_TVLayoutB1281921601192__0
22795907,41856,27,480,1,1,288,1,1,94,0.000,0.100,,,,,NVIDIA H100 80GB HBM3 (0),1,,7,"void attn_kernel<(int)1>(CUtensorMap_st, CUtensorMap_st, CUtensorMap_st, __nv_bfloat16 *, int, int, int, int, int, float *)"
22836931,9760,27,1,2,66,384,1,1,168,0.000,0.230,,,,,NVIDIA H100 80GB HBM3 (0),1,,7,kernel_cutlass_kernel_quackgemm_actGemmActSm90_object_at__TiledMMA_ThrLayoutVMNK1281111000_PermutationMNK____MMAAtom_ThrID1281_ShapeMNK6419216_TVLayoutA12864160164_TVLayoutB1281921601192__0
22845059,13728,27,3840,1,1,128,1,1,32,0.000,0.004,,,,,NVIDIA H100 80GB HBM3 (0),1,,7,_resgate_adaln_rows_kernel
22858915,29024,27,1,1,132,384,1,1,168,0.000,0.232,,,,,NVIDIA H100 80GB HBM3 (0),1,,7,kernel_cutlass_kernel_quackgemm_actGemmGatedSm90_object_at__TiledMMA_ThrLayoutVMNK1281111000_PermutationMNK____MMAAtom_ThrID1281_ShapeMNK6419216_TVLayoutA12864160164_TVLayoutB128192160119_0
22885027,17280,27,1,2,60,384,1,1,168,0.000,0.230,,,,,NVIDIA H100 80GB HBM3 (0),1,,7,kernel_cutlass_kernel_quackgemm_actGemmActSm90_object_at__TiledMMA_ThrLayoutVMNK128211112800_PermutationMNK____MMAAtom_ThrID1281_ShapeMNK6419216_TVLayoutA12864160164_TVLayoutB128192160119_0
22901987,12735,27,3840,1,1,128,1,1,32,0.000,0.004,,,,,NVIDIA H100 80GB HBM3 (0),1,,7,_resgate_adaln_rows_kernel
22914723,29440,27,1,1,132,384,1,1,168,0.000,0.231,,,,,NVIDIA H100 80GB HBM3 (0),1,,7,kernel_cutlass_kernel_quackgemm_actGemmActSm90_object_at__TiledMMA_ThrLayoutVMNK1281111000_PermutationMNK____MMAAtom_ThrID1281_ShapeMNK6419216_TVLayoutA12864160164_TVLayoutB1281921601192__0
22941635,40608,27,480,1,1,288,1,1,94,0.000,0.100,,,,,NVIDIA H100 80GB HBM3 (0),1,,7,"void attn_kernel<(int)1>(CUtensorMap_st, CUtensorMap_st, CUtensorMap_st, __nv_bfloat16 *, int, int, int, int, int, float *)"
22981539,9856,27,1,2,66,384,1,1,168,0.000,0.230,,,,,NVIDIA H100 80GB HBM3 (0),1,,7,kernel_cutlass_kernel_quackgemm_actGemmActSm90_object_at__TiledMMA_ThrLayoutVMNK1281111000_PermutationMNK____MMAAtom_ThrID1281_ShapeMNK6419216_TVLayoutA12864160164_TVLayoutB1281921601192__0
22989571,14400,27,3840,1,1,128,1,1,32,0.000,0.004,,,,,NVIDIA H100 80GB HBM3 (0),1,,7,_resgate_adaln_rows_kernel
23003939,28896,27,1,1,132,384,1,1,168,0.000,0.232,,,,,NVIDIA H100 80GB HBM3 (0),1,,7,kernel_cutlass_kernel_quackgemm_actGemmGatedSm90_object_at__TiledMMA_ThrLayoutVMNK1281111000_PermutationMNK____MMAAtom_ThrID1281_ShapeMNK6419216_TVLayoutA12864160164_TVLayoutB128192160119_0
23029795,17312,27,1,2,60,384,1,1,168,0.000,0.230,,,,,NVIDIA H100 80GB HBM3 (0),1,,7,kernel_cutlass_kernel_quackgemm_actGemmActSm90_object_at__TiledMMA_ThrLayoutVMNK128211112800_PermutationMNK____MMAAtom_ThrID1281_ShapeMNK6419216_TVLayoutA12864160164_TVLayoutB128192160119_0
23046787,12768,27,3840,1,1,128,1,1,32,0.000,0.004,,,,,NVIDIA H100 80GB HBM3 (0),1,,7,_resgate_adaln_rows_kernel
23059459,28224,27,1,1,132,384,1,1,168,0.000,0.231,,,,,NVIDIA H100 80GB HBM3 (0),1,,7,kernel_cutlass_kernel_quackgemm_actGemmActSm90_object_at__TiledMMA_ThrLayoutVMNK1281111000_PermutationMNK____MMAAtom_ThrID1281_ShapeMNK6419216_TVLayoutA12864160164_TVLayoutB1281921601192__0
23084739,42017,27,480,1,1,288,1,1,94,0.000,0.100,,,,,NVIDIA H100 80GB HBM3 (0),1,,7,"void attn_kernel<(int)1>(CUtensorMap_st, CUtensorMap_st, CUtensorMap_st, __nv_bfloat16 *, int, int, int, int, int, float *)"
23126212,9728,27,1,2,66,384,1,1,168,0.000,0.230,,,,,NVIDIA H100 80GB HBM3 (0),1,,7,kernel_cutlass_kernel_quackgemm_actGemmActSm90_object_at__TiledMMA_ThrLayoutVMNK1281111000_PermutationMNK____MMAAtom_ThrID1281_ShapeMNK6419216_TVLayoutA12864160164_TVLayoutB1281921601192__0
23134212,14016,27,3840,1,1,128,1,1,32,0.000,0.004,,,,,NVIDIA H100 80GB HBM3 (0),1,,7,_resgate_adaln_rows_kernel
23148388,28192,27,1,1,132,384,1,1,168,0.000,0.232,,,,,NVIDIA H100 80GB HBM3 (0),1,,7,kernel_cutlass_kernel_quackgemm_actGemmGatedSm90_object_at__TiledMMA_ThrLayoutVMNK1281111000_PermutationMNK____MMAAtom_ThrID1281_ShapeMNK6419216_TVLayoutA12864160164_TVLayoutB128192160119_0
23173380,17440,27,1,2,60,384,1,1,168,0.000,0.230,,,,,NVIDIA H100 80GB HBM3 (0),1,,7,kernel_cutlass_kernel_quackgemm_actGemmActSm90_object_at__TiledMMA_ThrLayoutVMNK128211112800_PermutationMNK____MMAAtom_ThrID1281_ShapeMNK6419216_TVLayoutA12864160164_TVLayoutB128192160119_0
23190628,12960,27,3840,1,1,128,1,1,32,0.000,0.004,,,,,NVIDIA H100 80GB HBM3 (0),1,,7,_resgate_adaln_rows_kernel
23203364,28448,27,1,1,132,384,1,1,168,0.000,0.231,,,,,NVIDIA H100 80GB HBM3 (0),1,,7,kernel_cutlass_kernel_quackgemm_actGemmActSm90_object_at__TiledMMA_ThrLayoutVMNK1281111000_PermutationMNK____MMAAtom_ThrID1281_ShapeMNK6419216_TVLayoutA12864160164_TVLayoutB1281921601192__0
23228452,42336,27,480,1,1,288,1,1,94,0.000,0.100,,,,,NVIDIA H100 80GB HBM3 (0),1,,7,"void attn_kernel<(int)1>(CUtensorMap_st, CUtensorMap_st, CUtensorMap_st, __nv_bfloat16 *, int, int, int, int, int, float *)"
23269956,9920,27,1,2,66,384,1,1,168,0.000,0.230,,,,,NVIDIA H100 80GB HBM3 (0),1,,7,kernel_cutlass_kernel_quackgemm_actGemmActSm90_object_at__TiledMMA_ThrLayoutVMNK1281111000_PermutationMNK____MMAAtom_ThrID1281_ShapeMNK6419216_TVLayoutA12864160164_TVLayoutB1281921601192__0
23278148,13984,27,3840,1,1,128,1,1,32,0.000,0.004,,,,,NVIDIA H100 80GB HBM3 (0),1,,7,_resgate_adaln_rows_kernel
23292292,29184,27,1,1,132,384,1,1,168,0.000,0.232,,,,,NVIDIA H100 80GB HBM3 (0),1,,7,kernel_cutlass_kernel_quackgemm_actGemmGatedSm90_object_at__TiledMMA_ThrLayoutVMNK1281111000_PermutationMNK____MMAAtom_ThrID1281_ShapeMNK6419216_TVLayoutA12864160164_TVLayoutB128192160119_0
23318468,17248,27,1,2,60,384,1,1,168,0.000,0.230,,,,,NVIDIA H100 80GB HBM3 (0),1,,7,kernel_cutlass_kernel_quackgemm_actGemmActSm90_object_at__TiledMMA_ThrLayoutVMNK128211112800_PermutationMNK____MMAAtom_ThrID1281_ShapeMNK6419216_TVLayoutA12864160164_TVLayoutB128192160119_0
23335524,12544,27,3840,1,1,128,1,1,32,0.000,0.004,,,,,NVIDIA H100 80GB HBM3 (0),1,,7,_resgate_adaln_rows_kernel
23348196,29312,27,1,1,132,384,1,1,168,0.000,0.231,,,,,NVIDIA H100 80GB HBM3 (0),1,,7,kernel_cutlass_kernel_quackgemm_actGemmActSm90_object_at__TiledMMA_ThrLayoutVMNK1281111000_PermutationMNK____MMAAtom_ThrID1281_ShapeMNK6419216_TVLayoutA12864160164_TVLayoutB1281921601192__0
23374180,41344,27,480,1,1,288,1,1,94,0.000,0.100,,,,,NVIDIA H100 80GB HBM3 (0),1,,7,"void attn_kernel<(int)1>(CUtensorMap_st, CUtensorMap_st, CUtensorMap_st, __nv_bfloat16 *, int, int, int, int, int, float *)"
23414916,9825,27,1,2,66,384,1,1,168,0.000,0.230,,,,,NVIDIA H100 80GB HBM3 (0),1,,7,kernel_cutlass_kernel_quackgemm_actGemmActSm90_object_at__TiledMMA_ThrLayoutVMNK1281111000_PermutationMNK____MMAAtom_ThrID1281_ShapeMNK6419216_TVLayoutA12864160164_TVLayoutB1281921601192__0
23423077,14111,27,3840,1,1,128,1,1,32,0.000,0.004,,,,,NVIDIA H100 80GB HBM3 (0),1,,7,_resgate_adaln_rows_kernel
23437189,29504,27,1,1,132,384,1,1,168,0.000,0.232,,,,,NVIDIA H100 80GB HBM3 (0),1,,7,kernel_cutlass_kernel_quackgemm_actGemmGatedSm90_object_at__TiledMMA_ThrLayoutVMNK1281111000_PermutationMNK____MMAAtom_ThrID1281_ShapeMNK6419216_TVLayoutA12864160164_TVLayoutB128192160119_0
23463781,17184,27,1,2,60,384,1,1,168,0.000,0.230,,,,,NVIDIA H100 80GB HBM3 (0),1,,7,kernel_cutlass_kernel_quackgemm_actGemmActSm90_object_at__TiledMMA_ThrLayoutVMNK128211112800_PermutationMNK____MMAAtom_ThrID1281_ShapeMNK6419216_TVLayoutA12864160164_TVLayoutB128192160119_0
23480773,12480,27,3840,1,1,128,1,1,32,0.000,0.004,,,,,NVIDIA H100 80GB HBM3 (0),1,,7,_resgate_adaln_rows_kernel
23493317,29600,27,1,1,132,384,1,1,168,0.000,0.231,,,,,NVIDIA H100 80GB HBM3 (0),1,,7,kernel_cutlass_kernel_quackgemm_actGemmActSm90_object_at__TiledMMA_ThrLayoutVMNK1281111000_PermutationMNK____MMAAtom_ThrID1281_ShapeMNK6419216_TVLayoutA12864160164_TVLayoutB1281921601192__0
23519877,41568,27,480,1,1,288,1,1,94,0.000,0.100,,,,,NVIDIA H100 80GB HBM3 (0),1,,7,"void attn_kernel<(int)1>(CUtensorMap_st, CUtensorMap_st, CUtensorMap_st, __nv_bfloat16 *, int, int, int, int, int, float *)"
23560485,9888,27,1,2,66,384,1,1,168,0.000,0.230,,,,,NVIDIA H100 80GB HBM3 (0),1,,7,kernel_cutlass_kernel_quackgemm_actGemmActSm90_object_at__TiledMMA_ThrLayoutVMNK1281111000_PermutationMNK____MMAAtom_ThrID1281_ShapeMNK6419216_TVLayoutA12864160164_TVLayoutB1281921601192__0
23568517,14208,27,3840,1,1,128,1,1,32,0.000,0.004,,,,,NVIDIA H100 80GB HBM3 (0),1,,7,_resgate_adaln_rows_kernel
23582629,29088,27,1,1,132,384,1,1,168,0.000,0.232,,,,,NVIDIA H100 80GB HBM3 (0),1,,7,kernel_cutlass_kernel_quackgemm_actGemmGatedSm90_object_at__TiledMMA_ThrLayoutVMNK1281111000_PermutationMNK____MMAAtom_ThrID1281_ShapeMNK6419216_TVLayoutA12864160164_TVLayoutB128192160119_0
23608709,17152,27,1,2,60,384,1,1,168,0.000,0.230,,,,,NVIDIA H100 80GB HBM3 (0),1,,7,kernel_cutlass_kernel_quackgemm_actGemmActSm90_object_at__TiledMMA_ThrLayoutVMNK128211112800_PermutationMNK____MMAAtom_ThrID1281_ShapeMNK6419216_TVLayoutA12864160164_TVLayoutB128192160119_0
23625637,12832,27,3840,1,1,128,1,1,32,0.000,0.004,,,,,NVIDIA H100 80GB HBM3 (0),1,,7,_resgate_adaln_rows_kernel
23638373,29248,27,1,1,132,384,1,1,168,0.000,0.231,,,,,NVIDIA H100 80GB HBM3 (0),1,,7,kernel_cutlass_kernel_quackgemm_actGemmActSm90_object_at__TiledMMA_ThrLayoutVMNK1281111000_PermutationMNK____MMAAtom_ThrID1281_ShapeMNK6419216_TVLayoutA12864160164_TVLayoutB1281921601192__0
23664325,41696,27,480,1,1,288,1,1,94,0.000,0.100,,,,,NVIDIA H100 80GB HBM3 (0),1,,7,"void attn_kernel<(int)1>(CUtensorMap_st, CUtensorMap_st, CUtensorMap_st, __nv_bfloat16 *, int, int, int, int, int, float *)"
23705093,9760,27,1,2,66,384,1,1,168,0.000,0.230,,,,,NVIDIA H100 80GB HBM3 (0),1,,7,kernel_cutlass_kernel_quackgemm_actGemmActSm90_object_at__TiledMMA_ThrLayoutVMNK1281111000_PermutationMNK____MMAAtom_ThrID1281_ShapeMNK6419216_TVLayoutA12864160164_TVLayoutB1281921601192__0
23713093,14048,27,3840,1,1,128,1,1,32,0.000,0.004,,,,,NVIDIA H100 80GB HBM3 (0),1,,7,_resgate_adaln_rows_kernel
23727205,29377,27,1,1,132,384,1,1,168,0.000,0.232,,,,,NVIDIA H100 80GB HBM3 (0),1,,7,kernel_cutlass_kernel_quackgemm_actGemmGatedSm90_object_at__TiledMMA_ThrLayoutVMNK1281111000_PermutationMNK____MMAAtom_ThrID1281_ShapeMNK6419216_TVLayoutA12864160164_TVLayoutB128192160119_0
23753542,17152,27,1,2,60,384,1,1,168,0.000,0.230,,,,,NVIDIA H100 80GB HBM3 (0),1,,7,kernel_cutlass_kernel_quackgemm_actGemmActSm90_object_at__TiledMMA_ThrLayoutVMNK128211112800_PermutationMNK____MMAAtom_ThrID1281_ShapeMNK6419216_TVLayoutA12864160164_TVLayoutB128192160119_0
23770438,12704,27,3840,1,1,128,1,1,32,0.000,0.004,,,,,NVIDIA H100 80GB HBM3 (0),1,,7,_resgate_adaln_rows_kernel
23783174,29184,27,1,1,132,384,1,1,168,0.000,0.231,,,,,NVIDIA H100 80GB HBM3 (0),1,,7,kernel_cutlass_kernel_quackgemm_actGemmActSm90_object_at__TiledMMA_ThrLayoutVMNK1281111000_PermutationMNK____MMAAtom_ThrID1281_ShapeMNK6419216_TVLayoutA12864160164_TVLayoutB1281921601192__0
23809126,42656,27,480,1,1,288,1,1,94,0.000,0.100,,,,,NVIDIA H100 80GB HBM3 (0),1,,7,"void attn_kernel<(int)1>(CUtensorMap_st, CUtensorMap_st, CUtensorMap_st, __nv_bfloat16 *, int, int, int, int, int, float *)"
23851014,9920,27,1,2,66,384,1,1,168,0.000,0.230,,,,,NVIDIA H100 80GB HBM3 (0),1,,7,kernel_cutlass_kernel_quackgemm_actGemmActSm90_object_at__TiledMMA_ThrLayoutVMNK1281111000_PermutationMNK____MMAAtom_ThrID1281_ShapeMNK6419216_TVLayoutA12864160164_TVLayoutB1281921601192__0
23859526,13568,27,3840,1,1,128,1,1,32,0.000,0.004,,,,,NVIDIA H100 80GB HBM3 (0),1,,7,_resgate_adaln_rows_kernel
23873158,28800,27,1,1,132,384,1,1,168,0.000,0.232,,,,,NVIDIA H100 80GB HBM3 (0),1,,7,kernel_cutlass_kernel_quackgemm_actGemmGatedSm90_object_at__TiledMMA_ThrLayoutVMNK1281111000_PermutationMNK____MMAAtom_ThrID1281_ShapeMNK6419216_TVLayoutA12864160164_TVLayoutB128192160119_0
23898918,17184,27,1,2,60,384,1,1,168,0.000,0.230,,,,,NVIDIA H100 80GB HBM3 (0),1,,7,kernel_cutlass_kernel_quackgemm_actGemmActSm90_object_at__TiledMMA_ThrLayoutVMNK128211112800_PermutationMNK____MMAAtom_ThrID1281_ShapeMNK6419216_TVLayoutA12864160164_TVLayoutB128192160119_0
23915942,12639,27,3840,1,1,128,1,1,32,0.000,0.004,,,,,NVIDIA H100 80GB HBM3 (0),1,,7,_resgate_adaln_rows_kernel
23928582,29632,27,1,1,132,384,1,1,168,0.000,0.231,,,,,NVIDIA H100 80GB HBM3 (0),1,,7,kernel_cutlass_kernel_quackgemm_actGemmActSm90_object_at__TiledMMA_ThrLayoutVMNK1281111000_PermutationMNK____MMAAtom_ThrID1281_ShapeMNK6419216_TVLayoutA12864160164_TVLayoutB1281921601192__0
23955110,41984,27,480,1,1,288,1,1,94,0.000,0.100,,,,,NVIDIA H100 80GB HBM3 (0),1,,7,"void attn_kernel<(int)1>(CUtensorMap_st, CUtensorMap_st, CUtensorMap_st, __nv_bfloat16 *, int, int, int, int, int, float *)"
23996358,9824,27,1,2,66,384,1,1,168,0.000,0.230,,,,,NVIDIA H100 80GB HBM3 (0),1,,7,kernel_cutlass_kernel_quackgemm_actGemmActSm90_object_at__TiledMMA_ThrLayoutVMNK1281111000_PermutationMNK____MMAAtom_ThrID1281_ShapeMNK6419216_TVLayoutA12864160164_TVLayoutB1281921601192__0
24004294,14112,27,3840,1,1,128,1,1,32,0.000,0.004,,,,,NVIDIA H100 80GB HBM3 (0),1,,7,_resgate_adaln_rows_kernel
24018598,29696,27,1,1,132,384,1,1,168,0.000,0.232,,,,,NVIDIA H100 80GB HBM3 (0),1,,7,kernel_cutlass_kernel_quackgemm_actGemmGatedSm90_object_at__TiledMMA_ThrLayoutVMNK1281111000_PermutationMNK____MMAAtom_ThrID1281_ShapeMNK6419216_TVLayoutA12864160164_TVLayoutB128192160119_0
24045030,17312,27,1,2,60,384,1,1,168,0.000,0.230,,,,,NVIDIA H100 80GB HBM3 (0),1,,7,kernel_cutlass_kernel_quackgemm_actGemmActSm90_object_at__TiledMMA_ThrLayoutVMNK128211112800_PermutationMNK____MMAAtom_ThrID1281_ShapeMNK6419216_TVLayoutA12864160164_TVLayoutB128192160119_0
24061862,12769,27,3840,1,1,128,1,1,32,0.000,0.004,,,,,NVIDIA H100 80GB HBM3 (0),1,,7,_resgate_adaln_rows_kernel
24074663,29376,27,1,1,132,384,1,1,168,0.000,0.231,,,,,NVIDIA H100 80GB HBM3 (0),1,,7,kernel_cutlass_kernel_quackgemm_actGemmActSm90_object_at__TiledMMA_ThrLayoutVMNK1281111000_PermutationMNK____MMAAtom_ThrID1281_ShapeMNK6419216_TVLayoutA12864160164_TVLayoutB1281921601192__0
24100935,40800,27,480,1,1,288,1,1,94,0.000,0.100,,,,,NVIDIA H100 80GB HBM3 (0),1,,7,"void attn_kernel<(int)1>(CUtensorMap_st, CUtensorMap_st, CUtensorMap_st, __nv_bfloat16 *, int, int, int, int, int, float *)"
24141127,10240,27,1,2,66,384,1,1,168,0.000,0.230,,,,,NVIDIA H100 80GB HBM3 (0),1,,7,kernel_cutlass_kernel_quackgemm_actGemmActSm90_object_at__TiledMMA_ThrLayoutVMNK1281111000_PermutationMNK____MMAAtom_ThrID1281_ShapeMNK6419216_TVLayoutA12864160164_TVLayoutB1281921601192__0
24149607,13856,27,3840,1,1,128,1,1,32,0.000,0.004,,,,,NVIDIA H100 80GB HBM3 (0),1,,7,_resgate_adaln_rows_kernel
24163527,28288,27,1,1,132,384,1,1,168,0.000,0.232,,,,,NVIDIA H100 80GB HBM3 (0),1,,7,kernel_cutlass_kernel_quackgemm_actGemmGatedSm90_object_at__TiledMMA_ThrLayoutVMNK1281111000_PermutationMNK____MMAAtom_ThrID1281_ShapeMNK6419216_TVLayoutA12864160164_TVLayoutB128192160119_0
24188775,17184,27,1,2,60,384,1,1,168,0.000,0.230,,,,,NVIDIA H100 80GB HBM3 (0),1,,7,kernel_cutlass_kernel_quackgemm_actGemmActSm90_object_at__TiledMMA_ThrLayoutVMNK128211112800_PermutationMNK____MMAAtom_ThrID1281_ShapeMNK6419216_TVLayoutA12864160164_TVLayoutB128192160119_0
24205735,12672,27,3840,1,1,128,1,1,32,0.000,0.004,,,,,NVIDIA H100 80GB HBM3 (0),1,,7,_resgate_adaln_rows_kernel
24218343,28864,27,1,1,132,384,1,1,168,0.000,0.231,,,,,NVIDIA H100 80GB HBM3 (0),1,,7,kernel_cutlass_kernel_quackgemm_actGemmActSm90_object_at__TiledMMA_ThrLayoutVMNK1281111000_PermutationMNK____MMAAtom_ThrID1281_ShapeMNK6419216_TVLayoutA12864160164_TVLayoutB1281921601192__0
24244391,41600,27,480,1,1,288,1,1,94,0.000,0.100,,,,,NVIDIA H100 80GB HBM3 (0),1,,7,"void attn_kernel<(int)1>(CUtensorMap_st, CUtensorMap_st, CUtensorMap_st, __nv_bfloat16 *, int, int, int, int, int, float *)"
24285415,9696,27,1,2,66,384,1,1,168,0.000,0.230,,,,,NVIDIA H100 80GB HBM3 (0),1,,7,kernel_cutlass_kernel_quackgemm_actGemmActSm90_object_at__TiledMMA_ThrLayoutVMNK1281111000_PermutationMNK____MMAAtom_ThrID1281_ShapeMNK6419216_TVLayoutA12864160164_TVLayoutB1281921601192__0
24293639,13536,27,3840,1,1,128,1,1,32,0.000,0.004,,,,,NVIDIA H100 80GB HBM3 (0),1,,7,_resgate_adaln_rows_kernel
24307303,29152,27,1,1,132,384,1,1,168,0.000,0.232,,,,,NVIDIA H100 80GB HBM3 (0),1,,7,kernel_cutlass_kernel_quackgemm_actGemmGatedSm90_object_at__TiledMMA_ThrLayoutVMNK1281111000_PermutationMNK____MMAAtom_ThrID1281_ShapeMNK6419216_TVLayoutA12864160164_TVLayoutB128192160119_0
24333479,17120,27,1,2,60,384,1,1,168,0.000,0.230,,,,,NVIDIA H100 80GB HBM3 (0),1,,7,kernel_cutlass_kernel_quackgemm_actGemmActSm90_object_at__TiledMMA_ThrLayoutVMNK128211112800_PermutationMNK____MMAAtom_ThrID1281_ShapeMNK6419216_TVLayoutA12864160164_TVLayoutB128192160119_0
24350439,12671,27,3840,1,1,128,1,1,32,0.000,0.004,,,,,NVIDIA H100 80GB HBM3 (0),1,,7,_resgate_adaln_rows_kernel
24363111,28993,27,1,1,132,384,1,1,168,0.000,0.231,,,,,NVIDIA H100 80GB HBM3 (0),1,,7,kernel_cutlass_kernel_quackgemm_actGemmActSm90_object_at__TiledMMA_ThrLayoutVMNK1281111000_PermutationMNK____MMAAtom_ThrID1281_ShapeMNK6419216_TVLayoutA12864160164_TVLayoutB1281921601192__0
24388712,41664,27,480,1,1,288,1,1,94,0.000,0.100,,,,,NVIDIA H100 80GB HBM3 (0),1,,7,"void attn_kernel<(int)1>(CUtensorMap_st, CUtensorMap_st, CUtensorMap_st, __nv_bfloat16 *, int, int, int, int, int, float *)"
24429640,9792,27,1,2,66,384,1,1,168,0.000,0.230,,,,,NVIDIA H100 80GB HBM3 (0),1,,7,kernel_cutlass_kernel_quackgemm_actGemmActSm90_object_at__TiledMMA_ThrLayoutVMNK1281111000_PermutationMNK____MMAAtom_ThrID1281_ShapeMNK6419216_TVLayoutA12864160164_TVLayoutB1281921601192__0
24437896,14080,27,3840,1,1,128,1,1,32,0.000,0.004,,,,,NVIDIA H100 80GB HBM3 (0),1,,7,_resgate_adaln_rows_kernel
24452168,28608,27,1,1,132,384,1,1,168,0.000,0.232,,,,,NVIDIA H100 80GB HBM3 (0),1,,7,kernel_cutlass_kernel_quackgemm_actGemmGatedSm90_object_at__TiledMMA_ThrLayoutVMNK1281111000_PermutationMNK____MMAAtom_ThrID1281_ShapeMNK6419216_TVLayoutA12864160164_TVLayoutB128192160119_0
24477576,17280,27,1,2,60,384,1,1,168,0.000,0.230,,,,,NVIDIA H100 80GB HBM3 (0),1,,7,kernel_cutlass_kernel_quackgemm_actGemmActSm90_object_at__TiledMMA_ThrLayoutVMNK128211112800_PermutationMNK____MMAAtom_ThrID1281_ShapeMNK6419216_TVLayoutA12864160164_TVLayoutB128192160119_0
24494440,12512,27,3840,1,1,128,1,1,32,0.000,0.004,,,,,NVIDIA H100 80GB HBM3 (0),1,,7,_resgate_adaln_rows_kernel
24507112,28960,27,1,1,132,384,1,1,168,0.000,0.231,,,,,NVIDIA H100 80GB HBM3 (0),1,,7,kernel_cutlass_kernel_quackgemm_actGemmActSm90_object_at__TiledMMA_ThrLayoutVMNK1281111000_PermutationMNK____MMAAtom_ThrID1281_ShapeMNK6419216_TVLayoutA12864160164_TVLayoutB1281921601192__0
24533256,42752,27,480,1,1,288,1,1,94,0.000,0.100,,,,,NVIDIA H100 80GB HBM3 (0),1,,7,"void attn_kernel<(int)1>(CUtensorMap_st, CUtensorMap_st, CUtensorMap_st, __nv_bfloat16 *, int, int, int, int, int, float *)"
24575336,9696,27,1,2,66,384,1,1,168,0.000,0.230,,,,,NVIDIA H100 80GB HBM3 (0),1,,7,kernel_cutlass_kernel_quackgemm_actGemmActSm90_object_at__TiledMMA_ThrLayoutVMNK1281111000_PermutationMNK____MMAAtom_ThrID1281_ShapeMNK6419216_TVLayoutA12864160164_TVLayoutB1281921601192__0
24583304,14016,27,3840,1,1,128,1,1,32,0.000,0.004,,,,,NVIDIA H100 80GB HBM3 (0),1,,7,_resgate_adaln_rows_kernel
24597608,29376,27,1,1,132,384,1,1,168,0.000,0.232,,,,,NVIDIA H100 80GB HBM3 (0),1,,7,kernel_cutlass_kernel_quackgemm_actGemmGatedSm90_object_at__TiledMMA_ThrLayoutVMNK1281111000_PermutationMNK____MMAAtom_ThrID1281_ShapeMNK6419216_TVLayoutA12864160164_TVLayoutB128192160119_0
24623752,17280,27,1,2,60,384,1,1,168,0.000,0.230,,,,,NVIDIA H100 80GB HBM3 (0),1,,7,kernel_cutlass_kernel_quackgemm_actGemmActSm90_object_at__TiledMMA_ThrLayoutVMNK128211112800_PermutationMNK____MMAAtom_ThrID1281_ShapeMNK6419216_TVLayoutA12864160164_TVLayoutB128192160119_0
24640776,13376,27,3840,1,1,128,1,1,32,0.000,0.004,,,,,NVIDIA H100 80GB HBM3 (0),1,,7,_resgate_adaln_rows_kernel
24654344,29824,27,1,1,132,384,1,1,168,0.000,0.231,,,,,NVIDIA H100 80GB HBM3 (0),1,,7,kernel_cutlass_kernel_quackgemm_actGemmActSm90_object_at__TiledMMA_ThrLayoutVMNK1281111000_PermutationMNK____MMAAtom_ThrID1281_ShapeMNK6419216_TVLayoutA12864160164_TVLayoutB1281921601192__0
24681064,41281,27,480,1,1,288,1,1,94,0.000,0.100,,,,,NVIDIA H100 80GB HBM3 (0),1,,7,"void attn_kernel<(int)1>(CUtensorMap_st, CUtensorMap_st, CUtensorMap_st, __nv_bfloat16 *, int, int, int, int, int, float *)"
24721705,9632,27,1,2,66,384,1,1,168,0.000,0.230,,,,,NVIDIA H100 80GB HBM3 (0),1,,7,kernel_cutlass_kernel_quackgemm_actGemmActSm90_object_at__TiledMMA_ThrLayoutVMNK1281111000_PermutationMNK____MMAAtom_ThrID1281_ShapeMNK6419216_TVLayoutA12864160164_TVLayoutB1281921601192__0
24729609,14304,27,3840,1,1,128,1,1,32,0.000,0.004,,,,,NVIDIA H100 80GB HBM3 (0),1,,7,_resgate_adaln_rows_kernel
24744201,28384,27,1,1,132,384,1,1,168,0.000,0.232,,,,,NVIDIA H100 80GB HBM3 (0),1,,7,kernel_cutlass_kernel_quackgemm_actGemmGatedSm90_object_at__TiledMMA_ThrLayoutVMNK1281111000_PermutationMNK____MMAAtom_ThrID1281_ShapeMNK6419216_TVLayoutA12864160164_TVLayoutB128192160119_0
24769641,17152,27,1,2,60,384,1,1,168,0.000,0.230,,,,,NVIDIA H100 80GB HBM3 (0),1,,7,kernel_cutlass_kernel_quackgemm_actGemmActSm90_object_at__TiledMMA_ThrLayoutVMNK128211112800_PermutationMNK____MMAAtom_ThrID1281_ShapeMNK6419216_TVLayoutA12864160164_TVLayoutB128192160119_0
24786249,13088,27,3840,1,1,128,1,1,32,0.000,0.004,,,,,NVIDIA H100 80GB HBM3 (0),1,,7,_resgate_adaln_rows_kernel
24799113,28992,27,1,1,132,384,1,1,168,0.000,0.231,,,,,NVIDIA H100 80GB HBM3 (0),1,,7,kernel_cutlass_kernel_quackgemm_actGemmActSm90_object_at__TiledMMA_ThrLayoutVMNK1281111000_PermutationMNK____MMAAtom_ThrID1281_ShapeMNK6419216_TVLayoutA12864160164_TVLayoutB1281921601192__0
24825129,42560,27,480,1,1,288,1,1,94,0.000,0.100,,,,,NVIDIA H100 80GB HBM3 (0),1,,7,"void attn_kernel<(int)1>(CUtensorMap_st, CUtensorMap_st, CUtensorMap_st, __nv_bfloat16 *, int, int, int, int, int, float *)"
24867049,9664,27,1,2,66,384,1,1,168,0.000,0.230,,,,,NVIDIA H100 80GB HBM3 (0),1,,7,kernel_cutlass_kernel_quackgemm_actGemmActSm90_object_at__TiledMMA_ThrLayoutVMNK1281111000_PermutationMNK____MMAAtom_ThrID1281_ShapeMNK6419216_TVLayoutA12864160164_TVLayoutB1281921601192__0
24875081,13888,27,3840,1,1,128,1,1,32,0.000,0.004,,,,,NVIDIA H100 80GB HBM3 (0),1,,7,_resgate_adaln_rows_kernel
24889065,29760,27,1,1,132,384,1,1,168,0.000,0.232,,,,,NVIDIA H100 80GB HBM3 (0),1,,7,kernel_cutlass_kernel_quackgemm_actGemmGatedSm90_object_at__TiledMMA_ThrLayoutVMNK1281111000_PermutationMNK____MMAAtom_ThrID1281_ShapeMNK6419216_TVLayoutA12864160164_TVLayoutB128192160119_0
24915465,17536,27,1,2,60,384,1,1,168,0.000,0.230,,,,,NVIDIA H100 80GB HBM3 (0),1,,7,kernel_cutlass_kernel_quackgemm_actGemmActSm90_object_at__TiledMMA_ThrLayoutVMNK128211112800_PermutationMNK____MMAAtom_ThrID1281_ShapeMNK6419216_TVLayoutA12864160164_TVLayoutB128192160119_0
24933353,8992,27,1920,1,1,256,1,1,32,0.000,0.008,,,,,NVIDIA H100 80GB HBM3 (0),1,,7,_resgate_adaln_rows_kernel
24942761,4160,27,2880,1,1,128,1,1,32,0.000,0.000,,,,,NVIDIA H100 80GB HBM3 (0),1,,7,"void at::native::vectorized_elementwise_kernel<(int)8, at::native::bfloat16_copy_kernel_cuda(at::TensorIteratorBase &)::[lambda(float) (instance 1)], std::array<char *, (unsigned long)2>>(int, T2, T3)"
