Start (ns),Duration (ns),CorrId,GrdX,GrdY,GrdZ,BlkX,BlkY,BlkZ,Reg/Trd,StcSMem (MB),DymSMem (MB),Bytes (MB),Throughput (MB/s),SrcMemKd,DstMemKd,Device,Ctx,GreenCtx,Strm,Name
14019062,4000,7,288,1,1,128,1,1,32,0.000,0.000,,,,,NVIDIA H100 80GB HBM3 (0),1,,7,"void at::native::unrolled_elementwise_kernel<at::native::direct_copy_kernel_cuda(at::TensorIteratorBase &)::[lambda() (instance 3)]::operator ()() const::[lambda() (instance 7)]::operator ()() const::[lambda(float) (instance 1)], std::array<char *, (unsigned long)2>, (int)4, TrivialOffsetCalculator<(int)1, unsigned int>, TrivialOffsetCalculator<(int)1, unsigned int>, at::native::memory::LoadWithCast<(int)1>, at::native::memory::StoreWithCast<(int)1>>(int, T1, T2, T4, T5, T6, T7)"
14023510,3200,7,384,1,1,32,4,1,39,0.000,0.000,,,,,NVIDIA H100 80GB HBM3 (0),1,,7,"void at::native::<unnamed>::vectorized_layer_norm_kernel<float, float, (bool)0>(int, T2, const T1 *, const T1 *, const T1 *, T2 *, T2 *, T1 *)"
14027126,1536,7,144,1,1,128,1,1,32,0.000,0.000,,,,,NVIDIA H100 80GB HBM3 (0),1,,7,"void at::native::vectorized_elementwise_kernel<(int)8, at::native::bfloat16_copy_kernel_cuda(at::TensorIteratorBase &)::[lambda(float) (instance 1)], std::array<char *, (unsigned long)2>>(int, T2, T3)"
14028790,47936,7,1,1,132,384,1,1,168,0.000,0.231,,,,,NVIDIA H100 80GB HBM3 (0),1,,7,kernel_cutlass_kernel_quackgemm_actGemmActSm90_object_at__TiledMMA_ThrLayoutVMNK1281111000_PermutationMNK____MMAAtom_ThrID1281_ShapeMNK6419216_TVLayoutA12864160164_TVLayoutB1281921601192__0
14075350,27072,7,1,4,30,384,1,1,168,0.000,0.231,,,,,NVIDIA H100 80GB HBM3 (0),1,,7,kernel_cutlass_kernel_quackgemm_actGemmActSm90_object_at__TiledMMA_ThrLayoutVMNK1281111000_PermutationMNK____MMAAtom_ThrID1281_ShapeMNK6419216_TVLayoutA12864160164_TVLayoutB1281921601192__0
14102710,7424,7,2880,1,1,128,1,1,32,0.000,0.000,,,,,NVIDIA H100 80GB HBM3 (0),1,,7,"void at::native::unrolled_elementwise_kernel<at::native::direct_copy_kernel_cuda(at::TensorIteratorBase &)::[lambda() (instance 3)]::operator ()() const::[lambda() (instance 7)]::operator ()() const::[lambda(float) (instance 1)], std::array<char *, (unsigned long)2>, (int)4, TrivialOffsetCalculator<(int)1, unsigned int>, TrivialOffsetCalculator<(int)1, unsigned int>, at::native::memory::LoadWithCast<(int)1>, at::native::memory::StoreWithCast<(int)1>>(int, T1, T2, T4, T5, T6, T7)"
14110550,4704,7,1920,1,1,128,1,1,32,0.000,0.000,,,,,NVIDIA H100 80GB HBM3 (0),1,,7,_adaln_rows_kernel
14115382,16768,7,1,1,132,384,1,1,168,0.000,0.231,,,,,NVIDIA H100 80GB HBM3 (0),1,,7,kernel_cutlass_kernel_quackgemm_actGemmActSm90_object_at__TiledMMA_ThrLayoutVMNK1281111000_PermutationMNK____MMAAtom_ThrID1281_ShapeMNK6419216_TVLayoutA12864160164_TVLayoutB1281921601192__0
14129206,16128,7,240,1,1,288,1,1,94,0.000,0.100,,,,,NVIDIA H100 80GB HBM3 (0),1,,7,"void attn_kernel<(int)1>(CUtensorMap_st, CUtensorMap_st, CUtensorMap_st, __nv_bfloat16 *, int, int, int, int, int, float *)"
14144758,7040,7,1,2,60,384,1,1,168,0.000,0.230,,,,,NVIDIA H100 80GB HBM3 (0),1,,7,kernel_cutlass_kernel_quackgemm_actGemmActSm90_object_at__TiledMMA_ThrLayoutVMNK1281111000_PermutationMNK____MMAAtom_ThrID1281_ShapeMNK6419216_TVLayoutA12864160164_TVLayoutB1281921601192__0
14150262,8512,7,1920,1,1,128,1,1,32,0.000,0.004,,,,,NVIDIA H100 80GB HBM3 (0),1,,7,_resgate_adaln_rows_kernel
14159030,18112,7,1,4,30,384,1,1,168,0.000,0.230,,,,,NVIDIA H100 80GB HBM3 (0),1,,7,kernel_cutlass_kernel_quackgemm_actGemmGatedSm90_object_at__TiledMMA_ThrLayoutVMNK128211112800_PermutationMNK____MMAAtom_ThrID1281_ShapeMNK6419216_TVLayoutA12864160164_TVLayoutB1281921601_0
14177270,9216,7,1,2,60,384,1,1,168,0.000,0.230,,,,,NVIDIA H100 80GB HBM3 (0),1,,7,kernel_cutlass_kernel_quackgemm_actGemmActSm90_object_at__TiledMMA_ThrLayoutVMNK1281111000_PermutationMNK____MMAAtom_ThrID1281_ShapeMNK6419216_TVLayoutA12864160164_TVLayoutB1281921601192__0
14184886,7904,7,1920,1,1,128,1,1,32,0.000,0.004,,,,,NVIDIA H100 80GB HBM3 (0),1,,7,_resgate_adaln_rows_kernel
14192822,16864,7,1,1,132,384,1,1,168,0.000,0.231,,,,,NVIDIA H100 80GB HBM3 (0),1,,7,kernel_cutlass_kernel_quackgemm_actGemmActSm90_object_at__TiledMMA_ThrLayoutVMNK1281111000_PermutationMNK____MMAAtom_ThrID1281_ShapeMNK6419216_TVLayoutA12864160164_TVLayoutB1281921601192__0
14206934,15456,7,240,1,1,288,1,1,94,0.000,0.100,,,,,NVIDIA H100 80GB HBM3 (0),1,,7,"void attn_kernel<(int)1>(CUtensorMap_st, CUtensorMap_st, CUtensorMap_st, __nv_bfloat16 *, int, int, int, int, int, float *)"
14221814,6880,7,1,2,60,384,1,1,168,0.000,0.230,,,,,NVIDIA H100 80GB HBM3 (0),1,,7,kernel_cutlass_kernel_quackgemm_actGemmActSm90_object_at__TiledMMA_ThrLayoutVMNK1281111000_PermutationMNK____MMAAtom_ThrID1281_ShapeMNK6419216_TVLayoutA12864160164_TVLayoutB1281921601192__0
14227318,8480,7,1920,1,1,128,1,1,32,0.000,0.004,,,,,NVIDIA H100 80GB HBM3 (0),1,,7,_resgate_adaln_rows_kernel
14236054,17568,7,1,4,30,384,1,1,168,0.000,0.230,,,,,NVIDIA H100 80GB HBM3 (0),1,,7,kernel_cutlass_kernel_quackgemm_actGemmGatedSm90_object_at__TiledMMA_ThrLayoutVMNK128211112800_PermutationMNK____MMAAtom_ThrID1281_ShapeMNK6419216_TVLayoutA12864160164_TVLayoutB1281921601_0
14253750,9248,7,1,2,60,384,1,1,168,0.000,0.230,,,,,NVIDIA H100 80GB HBM3 (0),1,,7,kernel_cutlass_kernel_quackgemm_actGemmActSm90_object_at__TiledMMA_ThrLayoutVMNK1281111000_PermutationMNK____MMAAtom_ThrID1281_ShapeMNK6419216_TVLayoutA12864160164_TVLayoutB1281921601192__0
14261430,7872,7,1920,1,1,128,1,1,32,0.000,0.004,,,,,NVIDIA H100 80GB HBM3 (0),1,,7,_resgate_adaln_rows_kernel
14269430,16896,7,1,1,132,384,1,1,168,0.000,0.231,,,,,NVIDIA H100 80GB HBM3 (0),1,,7,kernel_cutlass_kernel_quackgemm_actGemmActSm90_object_at__TiledMMA_ThrLayoutVMNK1281111000_PermutationMNK____MMAAtom_ThrID1281_ShapeMNK6419216_TVLayoutA12864160164_TVLayoutB1281921601192__0
14283638,15584,7,240,1,1,288,1,1,94,0.000,0.100,,,,,NVIDIA H100 80GB HBM3 (0),1,,7,"void attn_kernel<(int)1>(CUtensorMap_st, CUtensorMap_st, CUtensorMap_st, __nv_bfloat16 *, int, int, int, int, int, float *)"
14298518,7008,7,1,2,60,384,1,1,168,0.000,0.230,,,,,NVIDIA H100 80GB HBM3 (0),1,,7,kernel_cutlass_kernel_quackgemm_actGemmActSm90_object_at__TiledMMA_ThrLayoutVMNK1281111000_PermutationMNK____MMAAtom_ThrID1281_ShapeMNK6419216_TVLayoutA12864160164_TVLayoutB1281921601192__0
14304246,8416,7,1920,1,1,128,1,1,32,0.000,0.004,,,,,NVIDIA H100 80GB HBM3 (0),1,,7,_resgate_adaln_rows_kernel
14312918,17696,7,1,4,30,384,1,1,168,0.000,0.230,,,,,NVIDIA H100 80GB HBM3 (0),1,,7,kernel_cutlass_kernel_quackgemm_actGemmGatedSm90_object_at__TiledMMA_ThrLayoutVMNK128211112800_PermutationMNK____MMAAtom_ThrID1281_ShapeMNK6419216_TVLayoutA12864160164_TVLayoutB1281921601_0
14330678,9344,7,1,2,60,384,1,1,168,0.000,0.230,,,,,NVIDIA H100 80GB HBM3 (0),1,,7,kernel_cutlass_kernel_quackgemm_actGemmActSm90_object_at__TiledMMA_ThrLayoutVMNK1281111000_PermutationMNK____MMAAtom_ThrID1281_ShapeMNK6419216_TVLayoutA12864160164_TVLayoutB1281921601192__0
14338326,8064,7,1920,1,1,128,1,1,32,0.000,0.004,,,,,NVIDIA H100 80GB HBM3 (0),1,,7,_resgate_adaln_rows_kernel
14346486,16512,7,1,1,132,384,1,1,168,0.000,0.231,,,,,NVIDIA H100 80GB HBM3 (0),1,,7,kernel_cutlass_kernel_quackgemm_actGemmActSm90_object_at__TiledMMA_ThrLayoutVMNK1281111000_PermutationMNK____MMAAtom_ThrID1281_ShapeMNK6419216_TVLayoutA12864160164_TVLayoutB1281921601192__0
14359862,16512,7,240,1,1,288,1,1,94,0.000,0.100,,,,,NVIDIA H100 80GB HBM3 (0),1,,7,"void attn_kernel<(int)1>(CUtensorMap_st, CUtensorMap_st, CUtensorMap_st, __nv_bfloat16 *, int, int, int, int, int, float *)"
14375510,6496,7,1,2,60,384,1,1,168,0.000,0.230,,,,,NVIDIA H100 80GB HBM3 (0),1,,7,kernel_cutlass_kernel_quackgemm_actGemmActSm90_object_at__TiledMMA_ThrLayoutVMNK1281111000_PermutationMNK____MMAAtom_ThrID1281_ShapeMNK6419216_TVLayoutA12864160164_TVLayoutB1281921601192__0
14380534,8576,7,1920,1,1,128,1,1,32,0.000,0.004,,,,,NVIDIA H100 80GB HBM3 (0),1,,7,_resgate_adaln_rows_kernel
14389206,17888,7,1,4,30,384,1,1,168,0.000,0.230,,,,,NVIDIA H100 80GB HBM3 (0),1,,7,kernel_cutlass_kernel_quackgemm_actGemmGatedSm90_object_at__TiledMMA_ThrLayoutVMNK128211112800_PermutationMNK____MMAAtom_ThrID1281_ShapeMNK6419216_TVLayoutA12864160164_TVLayoutB1281921601_0
14407190,9344,7,1,2,60,384,1,1,168,0.000,0.230,,,,,NVIDIA H100 80GB HBM3 (0),1,,7,kernel_cutlass_kernel_quackgemm_actGemmActSm90_object_at__TiledMMA_ThrLayoutVMNK1281111000_PermutationMNK____MMAAtom_ThrID1281_ShapeMNK6419216_TVLayoutA12864160164_TVLayoutB1281921601192__0
14414966,8256,7,1920,1,1,128,1,1,32,0.000,0.004,,,,,NVIDIA H100 80GB HBM3 (0),1,,7,_resgate_adaln_rows_kernel
14423254,17025,7,1,1,132,384,1,1,168,0.000,0.231,,,,,NVIDIA H100 80GB HBM3 (0),1,,7,kernel_cutlass_kernel_quackgemm_actGemmActSm90_object_at__TiledMMA_ThrLayoutVMNK1281111000_PermutationMNK____MMAAtom_ThrID1281_ShapeMNK6419216_TVLayoutA12864160164_TVLayoutB1281921601192__0
14437143,16352,7,240,1,1,288,1,1,94,0.000,0.100,,,,,NVIDIA H100 80GB HBM3 (0),1,,7,"void attn_kernel<(int)1>(CUtensorMap_st, CUtensorMap_st, CUtensorMap_st, __nv_bfloat16 *, int, int, int, int, int, float *)"
14452663,6432,7,1,2,60,384,1,1,168,0.000,0.230,,,,,NVIDIA H100 80GB HBM3 (0),1,,7,kernel_cutlass_kernel_quackgemm_actGemmActSm90_object_at__TiledMMA_ThrLayoutVMNK1281111000_PermutationMNK____MMAAtom_ThrID1281_ShapeMNK6419216_TVLayoutA12864160164_TVLayoutB1281921601192__0
14457623,8480,7,1920,1,1,128,1,1,32,0.000,0.004,,,,,NVIDIA H100 80GB HBM3 (0),1,,7,_resgate_adaln_rows_kernel
14466231,17728,7,1,4,30,384,1,1,168,0.000,0.230,,,,,NVIDIA H100 80GB HBM3 (0),1,,7,kernel_cutlass_kernel_quackgemm_actGemmGatedSm90_object_at__TiledMMA_ThrLayoutVMNK128211112800_PermutationMNK____MMAAtom_ThrID1281_ShapeMNK6419216_TVLayoutA12864160164_TVLayoutB1281921601_0
14483927,9120,7,1,2,60,384,1,1,168,0.000,0.230,,,,,NVIDIA H100 80GB HBM3 (0),1,,7,kernel_cutlass_kernel_quackgemm_actGemmActSm90_object_at__TiledMMA_ThrLayoutVMNK1281111000_PermutationMNK____MMAAtom_ThrID1281_ShapeMNK6419216_TVLayoutA12864160164_TVLayoutB1281921601192__0
14491639,7936,7,1920,1,1,128,1,1,32,0.000,0.004,,,,,NVIDIA H100 80GB HBM3 (0),1,,7,_resgate_adaln_rows_kernel
14499639,16896,7,1,1,132,384,1,1,168,0.000,0.231,,,,,NVIDIA H100 80GB HBM3 (0),1,,7,kernel_cutlass_kernel_quackgemm_actGemmActSm90_object_at__TiledMMA_ThrLayoutVMNK1281111000_PermutationMNK____MMAAtom_ThrID1281_ShapeMNK6419216_TVLayoutA12864160164_TVLayoutB1281921601192__0
14513655,15776,7,240,1,1,288,1,1,94,0.000,0.100,,,,,NVIDIA H100 80GB HBM3 (0),1,,7,"void attn_kernel<(int)1>(CUtensorMap_st, CUtensorMap_st, CUtensorMap_st, __nv_bfloat16 *, int, int, int, int, int, float *)"
14528855,6752,7,1,2,60,384,1,1,168,0.000,0.230,,,,,NVIDIA H100 80GB HBM3 (0),1,,7,kernel_cutlass_kernel_quackgemm_actGemmActSm90_object_at__TiledMMA_ThrLayoutVMNK1281111000_PermutationMNK____MMAAtom_ThrID1281_ShapeMNK6419216_TVLayoutA12864160164_TVLayoutB1281921601192__0
14534359,8288,7,1920,1,1,128,1,1,32,0.000,0.004,,,,,NVIDIA H100 80GB HBM3 (0),1,,7,_resgate_adaln_rows_kernel
14542775,18048,7,1,4,30,384,1,1,168,0.000,0.230,,,,,NVIDIA H100 80GB HBM3 (0),1,,7,kernel_cutlass_kernel_quackgemm_actGemmGatedSm90_object_at__TiledMMA_ThrLayoutVMNK128211112800_PermutationMNK____MMAAtom_ThrID1281_ShapeMNK6419216_TVLayoutA12864160164_TVLayoutB1281921601_0
14560919,9184,7,1,2,60,384,1,1,168,0.000,0.230,,,,,NVIDIA H100 80GB HBM3 (0),1,,7,kernel_cutlass_kernel_quackgemm_actGemmActSm90_object_at__TiledMMA_ThrLayoutVMNK1281111000_PermutationMNK____MMAAtom_ThrID1281_ShapeMNK6419216_TVLayoutA12864160164_TVLayoutB1281921601192__0
14568567,7872,7,1920,1,1,128,1,1,32,0.000,0.004,,,,,NVIDIA H100 80GB HBM3 (0),1,,7,_resgate_adaln_rows_kernel
14576535,16736,7,1,1,132,384,1,1,168,0.000,0.231,,,,,NVIDIA H100 80GB HBM3 (0),1,,7,kernel_cutlass_kernel_quackgemm_actGemmActSm90_object_at__TiledMMA_ThrLayoutVMNK1281111000_PermutationMNK____MMAAtom_ThrID1281_ShapeMNK6419216_TVLayoutA12864160164_TVLayoutB1281921601192__0
14590647,15456,7,240,1,1,288,1,1,94,0.000,0.100,,,,,NVIDIA H100 80GB HBM3 (0),1,,7,"void attn_kernel<(int)1>(CUtensorMap_st, CUtensorMap_st, CUtensorMap_st, __nv_bfloat16 *, int, int, int, int, int, float *)"
14605495,6336,7,1,2,60,384,1,1,168,0.000,0.230,,,,,NVIDIA H100 80GB HBM3 (0),1,,7,kernel_cutlass_kernel_quackgemm_actGemmActSm90_object_at__TiledMMA_ThrLayoutVMNK1281111000_PermutationMNK____MMAAtom_ThrID1281_ShapeMNK6419216_TVLayoutA12864160164_TVLayoutB1281921601192__0
14610359,8608,7,1920,1,1,128,1,1,32,0.000,0.004,,,,,NVIDIA H100 80GB HBM3 (0),1,,7,_resgate_adaln_rows_kernel
14619063,17472,7,1,4,30,384,1,1,168,0.000,0.230,,,,,NVIDIA H100 80GB HBM3 (0),1,,7,kernel_cutlass_kernel_quackgemm_actGemmGatedSm90_object_at__TiledMMA_ThrLayoutVMNK128211112800_PermutationMNK____MMAAtom_ThrID1281_ShapeMNK6419216_TVLayoutA12864160164_TVLayoutB1281921601_0
14636503,9216,7,1,2,60,384,1,1,168,0.000,0.230,,,,,NVIDIA H100 80GB HBM3 (0),1,,7,kernel_cutlass_kernel_quackgemm_actGemmActSm90_object_at__TiledMMA_ThrLayoutVMNK1281111000_PermutationMNK____MMAAtom_ThrID1281_ShapeMNK6419216_TVLayoutA12864160164_TVLayoutB1281921601192__0
14644279,7968,7,1920,1,1,128,1,1,32,0.000,0.004,,,,,NVIDIA H100 80GB HBM3 (0),1,,7,_resgate_adaln_rows_kernel
14652343,16800,7,1,1,132,384,1,1,168,0.000,0.231,,,,,NVIDIA H100 80GB HBM3 (0),1,,7,kernel_cutlass_kernel_quackgemm_actGemmActSm90_object_at__TiledMMA_ThrLayoutVMNK1281111000_PermutationMNK____MMAAtom_ThrID1281_ShapeMNK6419216_TVLayoutA12864160164_TVLayoutB1281921601192__0
14666199,15840,7,240,1,1,288,1,1,94,0.000,0.100,,,,,NVIDIA H100 80GB HBM3 (0),1,,7,"void attn_kernel<(int)1>(CUtensorMap_st, CUtensorMap_st, CUtensorMap_st, __nv_bfloat16 *, int, int, int, int, int, float *)"
14681335,6720,7,1,2,60,384,1,1,168,0.000,0.230,,,,,NVIDIA H100 80GB HBM3 (0),1,,7,kernel_cutlass_kernel_quackgemm_actGemmActSm90_object_at__TiledMMA_ThrLayoutVMNK1281111000_PermutationMNK____MMAAtom_ThrID1281_ShapeMNK6419216_TVLayoutA12864160164_TVLayoutB1281921601192__0
14686583,8192,7,1920,1,1,128,1,1,32,0.000,0.004,,,,,NVIDIA H100 80GB HBM3 (0),1,,7,_resgate_adaln_rows_kernel
14694903,17472,7,1,4,30,384,1,1,168,0.000,0.230,,,,,NVIDIA H100 80GB HBM3 (0),1,,7,kernel_cutlass_kernel_quackgemm_actGemmGatedSm90_object_at__TiledMMA_ThrLayoutVMNK128211112800_PermutationMNK____MMAAtom_ThrID1281_ShapeMNK6419216_TVLayoutA12864160164_TVLayoutB1281921601_0
14712407,9184,7,1,2,60,384,1,1,168,0.000,0.230,,,,,NVIDIA H100 80GB HBM3 (0),1,,7,kernel_cutlass_kernel_quackgemm_actGemmActSm90_object_at__TiledMMA_ThrLayoutVMNK1281111000_PermutationMNK____MMAAtom_ThrID1281_ShapeMNK6419216_TVLayoutA12864160164_TVLayoutB1281921601192__0
14720023,7872,7,1920,1,1,128,1,1,32,0.000,0.004,,,,,NVIDIA H100 80GB HBM3 (0),1,,7,_resgate_adaln_rows_kernel
14728087,16512,7,1,1,132,384,1,1,168,0.000,0.231,,,,,NVIDIA H100 80GB HBM3 (0),1,,7,kernel_cutlass_kernel_quackgemm_actGemmActSm90_object_at__TiledMMA_ThrLayoutVMNK1281111000_PermutationMNK____MMAAtom_ThrID1281_ShapeMNK6419216_TVLayoutA12864160164_TVLayoutB1281921601192__0
14741815,15776,7,240,1,1,288,1,1,94,0.000,0.100,,,,,NVIDIA H100 80GB HBM3 (0),1,,7,"void attn_kernel<(int)1>(CUtensorMap_st, CUtensorMap_st, CUtensorMap_st, __nv_bfloat16 *, int, int, int, int, int, float *)"
14757047,6400,7,1,2,60,384,1,1,168,0.000,0.230,,,,,NVIDIA H100 80GB HBM3 (0),1,,7,kernel_cutlass_kernel_quackgemm_actGemmActSm90_object_at__TiledMMA_ThrLayoutVMNK1281111000_PermutationMNK____MMAAtom_ThrID1281_ShapeMNK6419216_TVLayoutA12864160164_TVLayoutB1281921601192__0
14762039,8352,7,1920,1,1,128,1,1,32,0.000,0.004,,,,,NVIDIA H100 80GB HBM3 (0),1,,7,_resgate_adaln_rows_kernel
14770455,17440,7,1,4,30,384,1,1,168,0.000,0.230,,,,,NVIDIA H100 80GB HBM3 (0),1,,7,kernel_cutlass_kernel_quackgemm_actGemmGatedSm90_object_at__TiledMMA_ThrLayoutVMNK128211112800_PermutationMNK____MMAAtom_ThrID1281_ShapeMNK6419216_TVLayoutA12864160164_TVLayoutB1281921601_0
14787991,9248,7,1,2,60,384,1,1,168,0.000,0.230,,,,,NVIDIA H100 80GB HBM3 (0),1,,7,kernel_cutlass_kernel_quackgemm_actGemmActSm90_object_at__TiledMMA_ThrLayoutVMNK1281111000_PermutationMNK____MMAAtom_ThrID1281_ShapeMNK6419216_TVLayoutA12864160164_TVLayoutB1281921601192__0
14795767,7904,7,1920,1,1,128,1,1,32,0.000,0.004,,,,,NVIDIA H100 80GB HBM3 (0),1,,7,_resgate_adaln_rows_kernel
14803959,16544,7,1,1,132,384,1,1,168,0.000,0.231,,,,,NVIDIA H100 80GB HBM3 (0),1,,7,kernel_cutlass_kernel_quackgemm_actGemmActSm90_object_at__TiledMMA_ThrLayoutVMNK1281111000_PermutationMNK____MMAAtom_ThrID1281_ShapeMNK6419216_TVLayoutA12864160164_TVLayoutB1281921601192__0
14817847,15616,7,240,1,1,288,1,1,94,0.000,0.100,,,,,NVIDIA H100 80GB HBM3 (0),1,,7,"void attn_kernel<(int)1>(CUtensorMap_st, CUtensorMap_st, CUtensorMap_st, __nv_bfloat16 *, int, int, int, int, int, float *)"
14832823,6432,7,1,2,60,384,1,1,168,0.000,0.230,,,,,NVIDIA H100 80GB HBM3 (0),1,,7,kernel_cutlass_kernel_quackgemm_actGemmActSm90_object_at__TiledMMA_ThrLayoutVMNK1281111000_PermutationMNK____MMAAtom_ThrID1281_ShapeMNK6419216_TVLayoutA12864160164_TVLayoutB1281921601192__0
14837751,8704,7,1920,1,1,128,1,1,32,0.000,0.004,,,,,NVIDIA H100 80GB HBM3 (0),1,,7,_resgate_adaln_rows_kernel
14846583,17696,7,1,4,30,384,1,1,168,0.000,0.230,,,,,NVIDIA H100 80GB HBM3 (0),1,,7,kernel_cutlass_kernel_quackgemm_actGemmGatedSm90_object_at__TiledMMA_ThrLayoutVMNK128211112800_PermutationMNK____MMAAtom_ThrID1281_ShapeMNK6419216_TVLayoutA12864160164_TVLayoutB1281921601_0
14864183,9153,7,1,2,60,384,1,1,168,0.000,0.230,,,,,NVIDIA H100 80GB HBM3 (0),1,,7,kernel_cutlass_kernel_quackgemm_actGemmActSm90_object_at__TiledMMA_ThrLayoutVMNK1281111000_PermutationMNK____MMAAtom_ThrID1281_ShapeMNK6419216_TVLayoutA12864160164_TVLayoutB1281921601192__0
14871864,7904,7,1920,1,1,128,1,1,32,0.000,0.004,,,,,NVIDIA H100 80GB HBM3 (0),1,,7,_resgate_adaln_rows_kernel
14879896,16960,7,1,1,132,384,1,1,168,0.000,0.231,,,,,NVIDIA H100 80GB HBM3 (0),1,,7,kernel_cutlass_kernel_quackgemm_actGemmActSm90_object_at__TiledMMA_ThrLayoutVMNK1281111000_PermutationMNK____MMAAtom_ThrID1281_ShapeMNK6419216_TVLayoutA12864160164_TVLayoutB1281921601192__0
14894072,16096,7,240,1,1,288,1,1,94,0.000,0.100,,,,,NVIDIA H100 80GB HBM3 (0),1,,7,"void attn_kernel<(int)1>(CUtensorMap_st, CUtensorMap_st, CUtensorMap_st, __nv_bfloat16 *, int, int, int, int, int, float *)"
14909560,6464,7,1,2,60,384,1,1,168,0.000,0.230,,,,,NVIDIA H100 80GB HBM3 (0),1,,7,kernel_cutlass_kernel_quackgemm_actGemmActSm90_object_at__TiledMMA_ThrLayoutVMNK1281111000_PermutationMNK____MMAAtom_ThrID1281_ShapeMNK6419216_TVLayoutA12864160164_TVLayoutB1281921601192__0
14914552,8448,7,1920,1,1,128,1,1,32,0.000,0.004,,,,,NVIDIA H100 80GB HBM3 (0),1,,7,_resgate_adaln_rows_kernel
14923160,17632,7,1,4,30,384,1,1,168,0.000,0.230,,,,,NVIDIA H100 80GB HBM3 (0),1,,7,kernel_cutlass_kernel_quackgemm_actGemmGatedSm90_object_at__TiledMMA_ThrLayoutVMNK128211112800_PermutationMNK____MMAAtom_ThrID1281_ShapeMNK6419216_TVLayoutA12864160164_TVLayoutB1281921601_0
14940696,9472,7,1,2,60,384,1,1,168,0.000,0.230,,,,,NVIDIA H100 80GB HBM3 (0),1,,7,kernel_cutlass_kernel_quackgemm_actGemmActSm90_object_at__TiledMMA_ThrLayoutVMNK1281111000_PermutationMNK____MMAAtom_ThrID1281_ShapeMNK6419216_TVLayoutA12864160164_TVLayoutB1281921601192__0
14948760,7776,7,1920,1,1,128,1,1,32,0.000,0.004,,,,,NVIDIA H100 80GB HBM3 (0),1,,7,_resgate_adaln_rows_kernel
14956568,16992,7,1,1,132,384,1,1,168,0.000,0.231,,,,,NVIDIA H100 80GB HBM3 (0),1,,7,kernel_cutlass_kernel_quackgemm_actGemmActSm90_object_at__TiledMMA_ThrLayoutVMNK1281111000_PermutationMNK____MMAAtom_ThrID1281_ShapeMNK6419216_TVLayoutA12864160164_TVLayoutB1281921601192__0
14970744,16192,7,240,1,1,288,1,1,94,0.000,0.100,,,,,NVIDIA H100 80GB HBM3 (0),1,,7,"void attn_kernel<(int)1>(CUtensorMap_st, CUtensorMap_st, CUtensorMap_st, __nv_bfloat16 *, int, int, int, int, int, float *)"
14986104,6368,7,1,2,60,384,1,1,168,0.000,0.230,,,,,NVIDIA H100 80GB HBM3 (0),1,,7,kernel_cutlass_kernel_quackgemm_actGemmActSm90_object_at__TiledMMA_ThrLayoutVMNK1281111000_PermutationMNK____MMAAtom_ThrID1281_ShapeMNK6419216_TVLayoutA12864160164_TVLayoutB1281921601192__0
14991000,8544,7,1920,1,1,128,1,1,32,0.000,0.004,,,,,NVIDIA H100 80GB HBM3 (0),1,,7,_resgate_adaln_rows_kernel
14999608,17632,7,1,4,30,384,1,1,168,0.000,0.230,,,,,NVIDIA H100 80GB HBM3 (0),1,,7,kernel_cutlass_kernel_quackgemm_actGemmGatedSm90_object_at__TiledMMA_ThrLayoutVMNK128211112800_PermutationMNK____MMAAtom_ThrID1281_ShapeMNK6419216_TVLayoutA12864160164_TVLayoutB1281921601_0
15017080,9120,7,1,2,60,384,1,1,168,0.000,0.230,,,,,NVIDIA H100 80GB HBM3 (0),1,,7,kernel_cutlass_kernel_quackgemm_actGemmActSm90_object_at__TiledMMA_ThrLayoutVMNK1281111000_PermutationMNK____MMAAtom_ThrID1281_ShapeMNK6419216_TVLayoutA12864160164_TVLayoutB1281921601192__0
15024632,7936,7,1920,1,1,128,1,1,32,0.000,0.004,,,,,NVIDIA H100 80GB HBM3 (0),1,,7,_resgate_adaln_rows_kernel
15032632,16608,7,1,1,132,384,1,1,168,0.000,0.231,,,,,NVIDIA H100 80GB HBM3 (0),1,,7,kernel_cutlass_kernel_quackgemm_actGemmActSm90_object_at__TiledMMA_ThrLayoutVMNK1281111000_PermutationMNK____MMAAtom_ThrID1281_ShapeMNK6419216_TVLayoutA12864160164_TVLayoutB1281921601192__0
15045944,16256,7,240,1,1,288,1,1,94,0.000,0.100,,,,,NVIDIA H100 80GB HBM3 (0),1,,7,"void attn_kernel<(int)1>(CUtensorMap_st, CUtensorMap_st, CUtensorMap_st, __nv_bfloat16 *, int, int, int, int, int, float *)"
15061528,6400,7,1,2,60,384,1,1,168,0.000,0.230,,,,,NVIDIA H100 80GB HBM3 (0),1,,7,kernel_cutlass_kernel_quackgemm_actGemmActSm90_object_at__TiledMMA_ThrLayoutVMNK1281111000_PermutationMNK____MMAAtom_ThrID1281_ShapeMNK6419216_TVLayoutA12864160164_TVLayoutB1281921601192__0
15066424,8640,7,1920,1,1,128,1,1,32,0.000,0.004,,,,,NVIDIA H100 80GB HBM3 (0),1,,7,_resgate_adaln_rows_kernel
15075352,17631,7,1,4,30,384,1,1,168,0.000,0.230,,,,,NVIDIA H100 80GB HBM3 (0),1,,7,kernel_cutlass_kernel_quackgemm_actGemmGatedSm90_object_at__TiledMMA_ThrLayoutVMNK128211112800_PermutationMNK____MMAAtom_ThrID1281_ShapeMNK6419216_TVLayoutA12864160164_TVLayoutB1281921601_0
15092984,9216,7,1,2,60,384,1,1,168,0.000,0.230,,,,,NVIDIA H100 80GB HBM3 (0),1,,7,kernel_cutlass_kernel_quackgemm_actGemmActSm90_object_at__TiledMMA_ThrLayoutVMNK1281111000_PermutationMNK____MMAAtom_ThrID1281_ShapeMNK6419216_TVLayoutA12864160164_TVLayoutB1281921601192__0
15100632,8096,7,1920,1,1,128,1,1,32,0.000,0.004,,,,,NVIDIA H100 80GB HBM3 (0),1,,7,_resgate_adaln_rows_kernel
15108824,16544,7,1,1,132,384,1,1,168,0.000,0.231,,,,,NVIDIA H100 80GB HBM3 (0),1,,7,kernel_cutlass_kernel_quackgemm_actGemmActSm90_object_at__TiledMMA_ThrLayoutVMNK1281111000_PermutationMNK____MMAAtom_ThrID1281_ShapeMNK6419216_TVLayoutA12864160164_TVLayoutB1281921601192__0
15122424,16128,7,240,1,1,288,1,1,94,0.000,0.100,,,,,NVIDIA H100 80GB HBM3 (0),1,,7,"void attn_kernel<(int)1>(CUtensorMap_st, CUtensorMap_st, CUtensorMap_st, __nv_bfloat16 *, int, int, int, int, int, float *)"
15137688,6400,7,1,2,60,384,1,1,168,0.000,0.230,,,,,NVIDIA H100 80GB HBM3 (0),1,,7,kernel_cutlass_kernel_quackgemm_actGemmActSm90_object_at__TiledMMA_ThrLayoutVMNK1281111000_PermutationMNK____MMAAtom_ThrID1281_ShapeMNK6419216_TVLayoutA12864160164_TVLayoutB1281921601192__0
15142680,8896,7,1920,1,1,128,1,1,32,0.000,0.004,,,,,NVIDIA H100 80GB HBM3 (0),1,,7,_resgate_adaln_rows_kernel
15151704,17792,7,1,4,30,384,1,1,168,0.000,0.230,,,,,NVIDIA H100 80GB HBM3 (0),1,,7,kernel_cutlass_kernel_quackgemm_actGemmGatedSm90_object_at__TiledMMA_ThrLayoutVMNK128211112800_PermutationMNK____MMAAtom_ThrID1281_ShapeMNK6419216_TVLayoutA12864160164_TVLayoutB1281921601_0
15169368,9152,7,1,2,60,384,1,1,168,0.000,0.230,,,,,NVIDIA H100 80GB HBM3 (0),1,,7,kernel_cutlass_kernel_quackgemm_actGemmActSm90_object_at__TiledMMA_ThrLayoutVMNK1281111000_PermutationMNK____MMAAtom_ThrID1281_ShapeMNK6419216_TVLayoutA12864160164_TVLayoutB1281921601192__0
15176952,7904,7,1920,1,1,128,1,1,32,0.000,0.004,,,,,NVIDIA H100 80GB HBM3 (0),1,,7,_resgate_adaln_rows_kernel
15184952,16288,7,1,1,132,384,1,1,168,0.000,0.231,,,,,NVIDIA H100 80GB HBM3 (0),1,,7,kernel_cutlass_kernel_quackgemm_actGemmActSm90_object_at__TiledMMA_ThrLayoutVMNK1281111000_PermutationMNK____MMAAtom_ThrID1281_ShapeMNK6419216_TVLayoutA12864160164_TVLayoutB1281921601192__0
15198392,15744,7,240,1,1,288,1,1,94,0.000,0.100,,,,,NVIDIA H100 80GB HBM3 (0),1,,7,"void attn_kernel<(int)1>(CUtensorMap_st, CUtensorMap_st, CUtensorMap_st, __nv_bfloat16 *, int, int, int, int, int, float *)"
15213752,6496,7,1,2,60,384,1,1,168,0.000,0.230,,,,,NVIDIA H100 80GB HBM3 (0),1,,7,kernel_cutlass_kernel_quackgemm_actGemmActSm90_object_at__TiledMMA_ThrLayoutVMNK1281111000_PermutationMNK____MMAAtom_ThrID1281_ShapeMNK6419216_TVLayoutA12864160164_TVLayoutB1281921601192__0
15218712,8704,7,1920,1,1,128,1,1,32,0.000,0.004,,,,,NVIDIA H100 80GB HBM3 (0),1,,7,_resgate_adaln_rows_kernel
15227480,17504,7,1,4,30,384,1,1,168,0.000,0.230,,,,,NVIDIA H100 80GB HBM3 (0),1,,7,kernel_cutlass_kernel_quackgemm_actGemmGatedSm90_object_at__TiledMMA_ThrLayoutVMNK128211112800_PermutationMNK____MMAAtom_ThrID1281_ShapeMNK6419216_TVLayoutA12864160164_TVLayoutB1281921601_0
15245112,9312,7,1,2,60,384,1,1,168,0.000,0.230,,,,,NVIDIA H100 80GB HBM3 (0),1,,7,kernel_cutlass_kernel_quackgemm_actGemmActSm90_object_at__TiledMMA_ThrLayoutVMNK1281111000_PermutationMNK____MMAAtom_ThrID1281_ShapeMNK6419216_TVLayoutA12864160164_TVLayoutB1281921601192__0
15252824,8064,7,1920,1,1,128,1,1,32,0.000,0.004,,,,,NVIDIA H100 80GB HBM3 (0),1,,7,_resgate_adaln_rows_kernel
15260920,16864,7,1,1,132,384,1,1,168,0.000,0.231,,,,,NVIDIA H100 80GB HBM3 (0),1,,7,kernel_cutlass_kernel_quackgemm_actGemmActSm90_object_at__TiledMMA_ThrLayoutVMNK1281111000_PermutationMNK____MMAAtom_ThrID1281_ShapeMNK6419216_TVLayoutA12864160164_TVLayoutB1281921601192__0
15274872,16064,7,240,1,1,288,1,1,94,0.000,0.100,,,,,NVIDIA H100 80GB HBM3 (0),1,,7,"void attn_kernel<(int)1>(CUtensorMap_st, CUtensorMap_st, CUtensorMap_st, __nv_bfloat16 *, int, int, int, int, int, float *)"
15290264,6784,7,1,2,60,384,1,1,168,0.000,0.230,,,,,NVIDIA H100 80GB HBM3 (0),1,,7,kernel_cutlass_kernel_quackgemm_actGemmActSm90_object_at__TiledMMA_ThrLayoutVMNK1281111000_PermutationMNK____MMAAtom_ThrID1281_ShapeMNK6419216_TVLayoutA12864160164_TVLayoutB1281921601192__0
15295544,8545,7,1920,1,1,128,1,1,32,0.000,0.004,,,,,NVIDIA H100 80GB HBM3 (0),1,,7,_resgate_adaln_rows_kernel
15304185,17664,7,1,4,30,384,1,1,168,0.000,0.230,,,,,NVIDIA H100 80GB HBM3 (0),1,,7,kernel_cutlass_kernel_quackgemm_actGemmGatedSm90_object_at__TiledMMA_ThrLayoutVMNK128211112800_PermutationMNK____MMAAtom_ThrID1281_ShapeMNK6419216_TVLayoutA12864160164_TVLayoutB1281921601_0
15321913,9280,7,1,2,60,384,1,1,168,0.000,0.230,,,,,NVIDIA H100 80GB HBM3 (0),1,,7,kernel_cutlass_kernel_quackgemm_actGemmActSm90_object_at__TiledMMA_ThrLayoutVMNK1281111000_PermutationMNK____MMAAtom_ThrID1281_ShapeMNK6419216_TVLayoutA12864160164_TVLayoutB1281921601192__0
15329785,8031,7,1920,1,1,128,1,1,32,0.000,0.004,,,,,NVIDIA H100 80GB HBM3 (0),1,,7,_resgate_adaln_rows_kernel
15337817,16448,7,1,1,132,384,1,1,168,0.000,0.231,,,,,NVIDIA H100 80GB HBM3 (0),1,,7,kernel_cutlass_kernel_quackgemm_actGemmActSm90_object_at__TiledMMA_ThrLayoutVMNK1281111000_PermutationMNK____MMAAtom_ThrID1281_ShapeMNK6419216_TVLayoutA12864160164_TVLayoutB1281921601192__0
15351801,15424,7,240,1,1,288,1,1,94,0.000,0.100,,,,,NVIDIA H100 80GB HBM3 (0),1,,7,"void attn_kernel<(int)1>(CUtensorMap_st, CUtensorMap_st, CUtensorMap_st, __nv_bfloat16 *, int, int, int, int, int, float *)"
15366585,6432,7,1,2,60,384,1,1,168,0.000,0.230,,,,,NVIDIA H100 80GB HBM3 (0),1,,7,kernel_cutlass_kernel_quackgemm_actGemmActSm90_object_at__TiledMMA_ThrLayoutVMNK1281111000_PermutationMNK____MMAAtom_ThrID1281_ShapeMNK6419216_TVLayoutA12864160164_TVLayoutB1281921601192__0
15371545,8512,7,1920,1,1,128,1,1,32,0.000,0.004,,,,,NVIDIA H100 80GB HBM3 (0),1,,7,_resgate_adaln_rows_kernel
15380249,17632,7,1,4,30,384,1,1,168,0.000,0.230,,,,,NVIDIA H100 80GB HBM3 (0),1,,7,kernel_cutlass_kernel_quackgemm_actGemmGatedSm90_object_at__TiledMMA_ThrLayoutVMNK128211112800_PermutationMNK____MMAAtom_ThrID1281_ShapeMNK6419216_TVLayoutA12864160164_TVLayoutB1281921601_0
15397785,9248,7,1,2,60,384,1,1,168,0.000,0.230,,,,,NVIDIA H100 80GB HBM3 (0),1,,7,kernel_cutlass_kernel_quackgemm_actGemmActSm90_object_at__TiledMMA_ThrLayoutVMNK1281111000_PermutationMNK____MMAAtom_ThrID1281_ShapeMNK6419216_TVLayoutA12864160164_TVLayoutB1281921601192__0
15405529,7936,7,1920,1,1,128,1,1,32,0.000,0.004,,,,,NVIDIA H100 80GB HBM3 (0),1,,7,_resgate_adaln_rows_kernel
15413561,16512,7,1,1,132,384,1,1,168,0.000,0.231,,,,,NVIDIA H100 80GB HBM3 (0),1,,7,kernel_cutlass_kernel_quackgemm_actGemmActSm90_object_at__TiledMMA_ThrLayoutVMNK1281111000_PermutationMNK____MMAAtom_ThrID1281_ShapeMNK6419216_TVLayoutA12864160164_TVLayoutB1281921601192__0
15427577,15360,7,240,1,1,288,1,1,94,0.000,0.100,,,,,NVIDIA H100 80GB HBM3 (0),1,,7,"void attn_kernel<(int)1>(CUtensorMap_st, CUtensorMap_st, CUtensorMap_st, __nv_bfloat16 *, int, int, int, int, int, float *)"
15442297,6624,7,1,2,60,384,1,1,168,0.000,0.230,,,,,NVIDIA H100 80GB HBM3 (0),1,,7,kernel_cutlass_kernel_quackgemm_actGemmActSm90_object_at__TiledMMA_ThrLayoutVMNK1281111000_PermutationMNK____MMAAtom_ThrID1281_ShapeMNK6419216_TVLayoutA12864160164_TVLayoutB1281921601192__0
15447225,8800,7,1920,1,1,128,1,1,32,0.000,0.004,,,,,NVIDIA H100 80GB HBM3 (0),1,,7,_resgate_adaln_rows_kernel
15456345,17536,7,1,4,30,384,1,1,168,0.000,0.230,,,,,NVIDIA H100 80GB HBM3 (0),1,,7,kernel_cutlass_kernel_quackgemm_actGemmGatedSm90_object_at__TiledMMA_ThrLayoutVMNK128211112800_PermutationMNK____MMAAtom_ThrID1281_ShapeMNK6419216_TVLayoutA12864160164_TVLayoutB1281921601_0
15474041,9184,7,1,2,60,384,1,1,168,0.000,0.230,,,,,NVIDIA H100 80GB HBM3 (0),1,,7,kernel_cutlass_kernel_quackgemm_actGemmActSm90_object_at__TiledMMA_ThrLayoutVMNK1281111000_PermutationMNK____MMAAtom_ThrID1281_ShapeMNK6419216_TVLayoutA12864160164_TVLayoutB1281921601192__0
15481753,8032,7,1920,1,1,128,1,1,32,0.000,0.004,,,,,NVIDIA H100 80GB HBM3 (0),1,,7,_resgate_adaln_rows_kernel
15490009,16416,7,1,1,132,384,1,1,168,0.000,0.231,,,,,NVIDIA H100 80GB HBM3 (0),1,,7,kernel_cutlass_kernel_quackgemm_actGemmActSm90_object_at__TiledMMA_ThrLayoutVMNK1281111000_PermutationMNK____MMAAtom_ThrID1281_ShapeMNK6419216_TVLayoutA12864160164_TVLayoutB1281921601192__0
15503897,15616,7,240,1,1,288,1,1,94,0.000,0.100,,,,,NVIDIA H100 80GB HBM3 (0),1,,7,"void attn_kernel<(int)1>(CUtensorMap_st, CUtensorMap_st, CUtensorMap_st, __nv_bfloat16 *, int, int, int, int, int, float *)"
15519001,6400,7,1,2,60,384,1,1,168,0.000,0.230,,,,,NVIDIA H100 80GB HBM3 (0),1,,7,kernel_cutlass_kernel_quackgemm_actGemmActSm90_object_at__TiledMMA_ThrLayoutVMNK1281111000_PermutationMNK____MMAAtom_ThrID1281_ShapeMNK6419216_TVLayoutA12864160164_TVLayoutB1281921601192__0
15523929,8416,7,1920,1,1,128,1,1,32,0.000,0.004,,,,,NVIDIA H100 80GB HBM3 (0),1,,7,_resgate_adaln_rows_kernel
15532409,17568,7,1,4,30,384,1,1,168,0.000,0.230,,,,,NVIDIA H100 80GB HBM3 (0),1,,7,kernel_cutlass_kernel_quackgemm_actGemmGatedSm90_object_at__TiledMMA_ThrLayoutVMNK128211112800_PermutationMNK____MMAAtom_ThrID1281_ShapeMNK6419216_TVLayoutA12864160164_TVLayoutB1281921601_0
15550009,9152,7,1,2,60,384,1,1,168,0.000,0.230,,,,,NVIDIA H100 80GB HBM3 (0),1,,7,kernel_cutlass_kernel_quackgemm_actGemmActSm90_object_at__TiledMMA_ThrLayoutVMNK1281111000_PermutationMNK____MMAAtom_ThrID1281_ShapeMNK6419216_TVLayoutA12864160164_TVLayoutB1281921601192__0
15557689,8000,7,1920,1,1,128,1,1,32,0.000,0.004,,,,,NVIDIA H100 80GB HBM3 (0),1,,7,_resgate_adaln_rows_kernel
15565785,16672,7,1,1,132,384,1,1,168,0.000,0.231,,,,,NVIDIA H100 80GB HBM3 (0),1,,7,kernel_cutlass_kernel_quackgemm_actGemmActSm90_object_at__TiledMMA_ThrLayoutVMNK1281111000_PermutationMNK____MMAAtom_ThrID1281_ShapeMNK6419216_TVLayoutA12864160164_TVLayoutB1281921601192__0
15579577,16192,7,240,1,1,288,1,1,94,0.000,0.100,,,,,NVIDIA H100 80GB HBM3 (0),1,,7,"void attn_kernel<(int)1>(CUtensorMap_st, CUtensorMap_st, CUtensorMap_st, __nv_bfloat16 *, int, int, int, int, int, float *)"
15595225,6368,7,1,2,60,384,1,1,168,0.000,0.230,,,,,NVIDIA H100 80GB HBM3 (0),1,,7,kernel_cutlass_kernel_quackgemm_actGemmActSm90_object_at__TiledMMA_ThrLayoutVMNK1281111000_PermutationMNK____MMAAtom_ThrID1281_ShapeMNK6419216_TVLayoutA12864160164_TVLayoutB1281921601192__0
15600121,8448,7,1920,1,1,128,1,1,32,0.000,0.004,,,,,NVIDIA H100 80GB HBM3 (0),1,,7,_resgate_adaln_rows_kernel
15608633,17599,7,1,4,30,384,1,1,168,0.000,0.230,,,,,NVIDIA H100 80GB HBM3 (0),1,,7,kernel_cutlass_kernel_quackgemm_actGemmGatedSm90_object_at__TiledMMA_ThrLayoutVMNK128211112800_PermutationMNK____MMAAtom_ThrID1281_ShapeMNK6419216_TVLayoutA12864160164_TVLayoutB1281921601_0
15626233,9184,7,1,2,60,384,1,1,168,0.000,0.230,,,,,NVIDIA H100 80GB HBM3 (0),1,,7,kernel_cutlass_kernel_quackgemm_actGemmActSm90_object_at__TiledMMA_ThrLayoutVMNK1281111000_PermutationMNK____MMAAtom_ThrID1281_ShapeMNK6419216_TVLayoutA12864160164_TVLayoutB1281921601192__0
15633913,8032,7,1920,1,1,128,1,1,32,0.000,0.004,,,,,NVIDIA H100 80GB HBM3 (0),1,,7,_resgate_adaln_rows_kernel
15642297,16288,7,1,1,132,384,1,1,168,0.000,0.231,,,,,NVIDIA H100 80GB HBM3 (0),1,,7,kernel_cutlass_kernel_quackgemm_actGemmActSm90_object_at__TiledMMA_ThrLayoutVMNK1281111000_PermutationMNK____MMAAtom_ThrID1281_ShapeMNK6419216_TVLayoutA12864160164_TVLayoutB1281921601192__0
15656057,15936,7,240,1,1,288,1,1,94,0.000,0.100,,,,,NVIDIA H100 80GB HBM3 (0),1,,7,"void attn_kernel<(int)1>(CUtensorMap_st, CUtensorMap_st, CUtensorMap_st, __nv_bfloat16 *, int, int, int, int, int, float *)"
15671321,6432,7,1,2,60,384,1,1,168,0.000,0.230,,,,,NVIDIA H100 80GB HBM3 (0),1,,7,kernel_cutlass_kernel_quackgemm_actGemmActSm90_object_at__TiledMMA_ThrLayoutVMNK1281111000_PermutationMNK____MMAAtom_ThrID1281_ShapeMNK6419216_TVLayoutA12864160164_TVLayoutB1281921601192__0
15676249,8608,7,1920,1,1,128,1,1,32,0.000,0.004,,,,,NVIDIA H100 80GB HBM3 (0),1,,7,_resgate_adaln_rows_kernel
15684825,17600,7,1,4,30,384,1,1,168,0.000,0.230,,,,,NVIDIA H100 80GB HBM3 (0),1,,7,kernel_cutlass_kernel_quackgemm_actGemmGatedSm90_object_at__TiledMMA_ThrLayoutVMNK128211112800_PermutationMNK____MMAAtom_ThrID1281_ShapeMNK6419216_TVLayoutA12864160164_TVLayoutB1281921601_0
15702361,9184,7,1,2,60,384,1,1,168,0.000,0.230,,,,,NVIDIA H100 80GB HBM3 (0),1,,7,kernel_cutlass_kernel_quackgemm_actGemmActSm90_object_at__TiledMMA_ThrLayoutVMNK1281111000_PermutationMNK____MMAAtom_ThrID1281_ShapeMNK6419216_TVLayoutA12864160164_TVLayoutB1281921601192__0
15709977,7936,7,1920,1,1,128,1,1,32,0.000,0.004,,,,,NVIDIA H100 80GB HBM3 (0),1,,7,_resgate_adaln_rows_kernel
15718073,16705,7,1,1,132,384,1,1,168,0.000,0.231,,,,,NVIDIA H100 80GB HBM3 (0),1,,7,kernel_cutlass_kernel_quackgemm_actGemmActSm90_object_at__TiledMMA_ThrLayoutVMNK1281111000_PermutationMNK____MMAAtom_ThrID1281_ShapeMNK6419216_TVLayoutA12864160164_TVLayoutB1281921601192__0
15731993,15713,7,240,1,1,288,1,1,94,0.000,0.100,,,,,NVIDIA H100 80GB HBM3 (0),1,,7,"void attn_kernel<(int)1>(CUtensorMap_st, CUtensorMap_st, CUtensorMap_st, __nv_bfloat16 *, int, int, int, int, int, float *)"
15746906,6400,7,1,2,60,384,1,1,168,0.000,0.230,,,,,NVIDIA H100 80GB HBM3 (0),1,,7,kernel_cutlass_kernel_quackgemm_actGemmActSm90_object_at__TiledMMA_ThrLayoutVMNK1281111000_PermutationMNK____MMAAtom_ThrID1281_ShapeMNK6419216_TVLayoutA12864160164_TVLayoutB1281921601192__0
15751738,8480,7,1920,1,1,128,1,1,32,0.000,0.004,,,,,NVIDIA H100 80GB HBM3 (0),1,,7,_resgate_adaln_rows_kernel
15760314,17760,7,1,4,30,384,1,1,168,0.000,0.230,,,,,NVIDIA H100 80GB HBM3 (0),1,,7,kernel_cutlass_kernel_quackgemm_actGemmGatedSm90_object_at__TiledMMA_ThrLayoutVMNK128211112800_PermutationMNK____MMAAtom_ThrID1281_ShapeMNK6419216_TVLayoutA12864160164_TVLayoutB1281921601_0
15778138,9152,7,1,2,60,384,1,1,168,0.000,0.230,,,,,NVIDIA H100 80GB HBM3 (0),1,,7,kernel_cutlass_kernel_quackgemm_actGemmActSm90_object_at__TiledMMA_ThrLayoutVMNK1281111000_PermutationMNK____MMAAtom_ThrID1281_ShapeMNK6419216_TVLayoutA12864160164_TVLayoutB1281921601192__0
15785882,7840,7,1920,1,1,128,1,1,32,0.000,0.004,,,,,NVIDIA H100 80GB HBM3 (0),1,,7,_resgate_adaln_rows_kernel
15793786,16480,7,1,1,132,384,1,1,168,0.000,0.231,,,,,NVIDIA H100 80GB HBM3 (0),1,,7,kernel_cutlass_kernel_quackgemm_actGemmActSm90_object_at__TiledMMA_ThrLayoutVMNK1281111000_PermutationMNK____MMAAtom_ThrID1281_ShapeMNK6419216_TVLayoutA12864160164_TVLayoutB1281921601192__0
15807482,16064,7,240,1,1,288,1,1,94,0.000,0.100,,,,,NVIDIA H100 80GB HBM3 (0),1,,7,"void attn_kernel<(int)1>(CUtensorMap_st, CUtensorMap_st, CUtensorMap_st, __nv_bfloat16 *, int, int, int, int, int, float *)"
15823002,6368,7,1,2,60,384,1,1,168,0.000,0.230,,,,,NVIDIA H100 80GB HBM3 (0),1,,7,kernel_cutlass_kernel_quackgemm_actGemmActSm90_object_at__TiledMMA_ThrLayoutVMNK1281111000_PermutationMNK____MMAAtom_ThrID1281_ShapeMNK6419216_TVLayoutA12864160164_TVLayoutB1281921601192__0
15827834,8512,7,1920,1,1,128,1,1,32,0.000,0.004,,,,,NVIDIA H100 80GB HBM3 (0),1,,7,_resgate_adaln_rows_kernel
15836474,17568,7,1,4,30,384,1,1,168,0.000,0.230,,,,,NVIDIA H100 80GB HBM3 (0),1,,7,kernel_cutlass_kernel_quackgemm_actGemmGatedSm90_object_at__TiledMMA_ThrLayoutVMNK128211112800_PermutationMNK____MMAAtom_ThrID1281_ShapeMNK6419216_TVLayoutA12864160164_TVLayoutB1281921601_0
15854106,9088,7,1,2,60,384,1,1,168,0.000,0.230,,,,,NVIDIA H100 80GB HBM3 (0),1,,7,kernel_cutlass_kernel_quackgemm_actGemmActSm90_object_at__TiledMMA_ThrLayoutVMNK1281111000_PermutationMNK____MMAAtom_ThrID1281_ShapeMNK6419216_TVLayoutA12864160164_TVLayoutB1281921601192__0
15861658,7904,7,1920,1,1,128,1,1,32,0.000,0.004,,,,,NVIDIA H100 80GB HBM3 (0),1,,7,_resgate_adaln_rows_kernel
15869658,16832,7,1,1,132,384,1,1,168,0.000,0.231,,,,,NVIDIA H100 80GB HBM3 (0),1,,7,kernel_cutlass_kernel_quackgemm_actGemmActSm90_object_at__TiledMMA_ThrLayoutVMNK1281111000_PermutationMNK____MMAAtom_ThrID1281_ShapeMNK6419216_TVLayoutA12864160164_TVLayoutB1281921601192__0
15883482,15872,7,240,1,1,288,1,1,94,0.000,0.100,,,,,NVIDIA H100 80GB HBM3 (0),1,,7,"void attn_kernel<(int)1>(CUtensorMap_st, CUtensorMap_st, CUtensorMap_st, __nv_bfloat16 *, int, int, int, int, int, float *)"
15898714,6528,7,1,2,60,384,1,1,168,0.000,0.230,,,,,NVIDIA H100 80GB HBM3 (0),1,,7,kernel_cutlass_kernel_quackgemm_actGemmActSm90_object_at__TiledMMA_ThrLayoutVMNK1281111000_PermutationMNK____MMAAtom_ThrID1281_ShapeMNK6419216_TVLayoutA12864160164_TVLayoutB1281921601192__0
15903802,8448,7,1920,1,1,128,1,1,32,0.000,0.004,,,,,NVIDIA H100 80GB HBM3 (0),1,,7,_resgate_adaln_rows_kernel
15912474,17696,7,1,4,30,384,1,1,168,0.000,0.230,,,,,NVIDIA H100 80GB HBM3 (0),1,,7,kernel_cutlass_kernel_quackgemm_actGemmGatedSm90_object_at__TiledMMA_ThrLayoutVMNK128211112800_PermutationMNK____MMAAtom_ThrID1281_ShapeMNK6419216_TVLayoutA12864160164_TVLayoutB1281921601_0
15930298,9088,7,1,2,60,384,1,1,168,0.000,0.230,,,,,NVIDIA H100 80GB HBM3 (0),1,,7,kernel_cutlass_kernel_quackgemm_actGemmActSm90_object_at__TiledMMA_ThrLayoutVMNK1281111000_PermutationMNK____MMAAtom_ThrID1281_ShapeMNK6419216_TVLayoutA12864160164_TVLayoutB1281921601192__0
15938394,5184,7,960,1,1,256,1,1,32,0.000,0.008,,,,,NVIDIA H100 80GB HBM3 (0),1,,7,_resgate_adaln_rows_kernel
15943962,2752,7,1440,1,1,128,1,1,32,0.000,0.000,,,,,NVIDIA H100 80GB HBM3 (0),1,,7,"void at::native::vectorized_elementwise_kernel<(int)8, at::native::bfloat16_copy_kernel_cuda(at::TensorIteratorBase &)::[lambda(float) (instance 1)], std::array<char *, (unsigned long)2>>(int, T2, T3)"
15951098,3936,17,288,1,1,128,1,1,32,0.000,0.000,,,,,NVIDIA H100 80GB HBM3 (0),1,,7,"void at::native::unrolled_elementwise_kernel<at::native::direct_copy_kernel_cuda(at::TensorIteratorBase &)::[lambda() (instance 3)]::operator ()() const::[lambda() (instance 7)]::operator ()() const::[lambda(float) (instance 1)], std::array<char *, (unsigned long)2>, (int)4, TrivialOffsetCalculator<(int)1, unsigned int>, TrivialOffsetCalculator<(int)1, unsigned int>, at::native::memory::LoadWithCast<(int)1>, at::native::memory::StoreWithCast<(int)1>>(int, T1, T2, T4, T5, T6, T7)"
15955450,3264,17,384,1,1,32,4,1,39,0.000,0.000,,,,,NVIDIA H100 80GB HBM3 (0),1,,7,"void at::native::<unnamed>::vectorized_layer_norm_kernel<float, float, (bool)0>(int, T2, const T1 *, const T1 *, const T1 *, T2 *, T2 *, T1 *)"
15959290,1504,17,144,1,1,128,1,1,32,0.000,0.000,,,,,NVIDIA H100 80GB HBM3 (0),1,,7,"void at::native::vectorized_elementwise_kernel<(int)8, at::native::bfloat16_copy_kernel_cuda(at::TensorIteratorBase &)::[lambda(float) (instance 1)], std::array<char *, (unsigned long)2>>(int, T2, T3)"
15960954,47552,17,1,1,132,384,1,1,168,0.000,0.231,,,,,NVIDIA H100 80GB HBM3 (0),1,,7,kernel_cutlass_kernel_quackgemm_actGemmActSm90_object_at__TiledMMA_ThrLayoutVMNK1281111000_PermutationMNK____MMAAtom_ThrID1281_ShapeMNK6419216_TVLayoutA12864160164_TVLayoutB1281921601192__0
16007834,27168,17,1,4,30,384,1,1,168,0.000,0.231,,,,,NVIDIA H100 80GB HBM3 (0),1,,7,kernel_cutlass_kernel_quackgemm_actGemmActSm90_object_at__TiledMMA_ThrLayoutVMNK1281111000_PermutationMNK____MMAAtom_ThrID1281_ShapeMNK6419216_TVLayoutA12864160164_TVLayoutB1281921601192__0
16035290,7488,17,2880,1,1,128,1,1,32,0.000,0.000,,,,,NVIDIA H100 80GB HBM3 (0),1,,7,"void at::native::unrolled_elementwise_kernel<at::native::direct_copy_kernel_cuda(at::TensorIteratorBase &)::[lambda() (instance 3)]::operator ()() const::[lambda() (instance 7)]::operator ()() const::[lambda(float) (instance 1)], std::array<char *, (unsigned long)2>, (int)4, TrivialOffsetCalculator<(int)1, unsigned int>, TrivialOffsetCalculator<(int)1, unsigned int>, at::native::memory::LoadWithCast<(int)1>, at::native::memory::StoreWithCast<(int)1>>(int, T1, T2, T4, T5, T6, T7)"
16043194,4480,17,1920,1,1,128,1,1,32,0.000,0.000,,,,,NVIDIA H100 80GB HBM3 (0),1,,7,_adaln_rows_kernel
16047834,17152,17,1,1,132,384,1,1,168,0.000,0.231,,,,,NVIDIA H100 80GB HBM3 (0),1,,7,kernel_cutlass_kernel_quackgemm_actGemmActSm90_object_at__TiledMMA_ThrLayoutVMNK1281111000_PermutationMNK____MMAAtom_ThrID1281_ShapeMNK6419216_TVLayoutA12864160164_TVLayoutB1281921601192__0
16061914,16288,17,240,1,1,288,1,1,94,0.000,0.100,,,,,NVIDIA H100 80GB HBM3 (0),1,,7,"void attn_kernel<(int)1>(CUtensorMap_st, CUtensorMap_st, CUtensorMap_st, __nv_bfloat16 *, int, int, int, int, int, float *)"
16077402,6912,17,1,2,60,384,1,1,168,0.000,0.230,,,,,NVIDIA H100 80GB HBM3 (0),1,,7,kernel_cutlass_kernel_quackgemm_actGemmActSm90_object_at__TiledMMA_ThrLayoutVMNK1281111000_PermutationMNK____MMAAtom_ThrID1281_ShapeMNK6419216_TVLayoutA12864160164_TVLayoutB1281921601192__0
16082682,8704,17,1920,1,1,128,1,1,32,0.000,0.004,,,,,NVIDIA H100 80GB HBM3 (0),1,,7,_resgate_adaln_rows_kernel
16091450,17888,17,1,4,30,384,1,1,168,0.000,0.230,,,,,NVIDIA H100 80GB HBM3 (0),1,,7,kernel_cutlass_kernel_quackgemm_actGemmGatedSm90_object_at__TiledMMA_ThrLayoutVMNK128211112800_PermutationMNK____MMAAtom_ThrID1281_ShapeMNK6419216_TVLayoutA12864160164_TVLayoutB1281921601_0
16109466,9376,17,1,2,60,384,1,1,168,0.000,0.230,,,,,NVIDIA H100 80GB HBM3 (0),1,,7,kernel_cutlass_kernel_quackgemm_actGemmActSm90_object_at__TiledMMA_ThrLayoutVMNK1281111000_PermutationMNK____MMAAtom_ThrID1281_ShapeMNK6419216_TVLayoutA12864160164_TVLayoutB1281921601192__0
16117338,7808,17,1920,1,1,128,1,1,32,0.000,0.004,,,,,NVIDIA H100 80GB HBM3 (0),1,,7,_resgate_adaln_rows_kernel
16125370,16608,17,1,1,132,384,1,1,168,0.000,0.231,,,,,NVIDIA H100 80GB HBM3 (0),1,,7,kernel_cutlass_kernel_quackgemm_actGemmActSm90_object_at__TiledMMA_ThrLayoutVMNK1281111000_PermutationMNK____MMAAtom_ThrID1281_ShapeMNK6419216_TVLayoutA12864160164_TVLayoutB1281921601192__0
16139130,15616,17,240,1,1,288,1,1,94,0.000,0.100,,,,,NVIDIA H100 80GB HBM3 (0),1,,7,"void attn_kernel<(int)1>(CUtensorMap_st, CUtensorMap_st, CUtensorMap_st, __nv_bfloat16 *, int, int, int, int, int, float *)"
16154330,6400,17,1,2,60,384,1,1,168,0.000,0.230,,,,,NVIDIA H100 80GB HBM3 (0),1,,7,kernel_cutlass_kernel_quackgemm_actGemmActSm90_object_at__TiledMMA_ThrLayoutVMNK1281111000_PermutationMNK____MMAAtom_ThrID1281_ShapeMNK6419216_TVLayoutA12864160164_TVLayoutB1281921601192__0
16159258,8608,17,1920,1,1,128,1,1,32,0.000,0.004,,,,,NVIDIA H100 80GB HBM3 (0),1,,7,_resgate_adaln_rows_kernel
16168026,17761,17,1,4,30,384,1,1,168,0.000,0.230,,,,,NVIDIA H100 80GB HBM3 (0),1,,7,kernel_cutlass_kernel_quackgemm_actGemmGatedSm90_object_at__TiledMMA_ThrLayoutVMNK128211112800_PermutationMNK____MMAAtom_ThrID1281_ShapeMNK6419216_TVLayoutA12864160164_TVLayoutB1281921601_0
16185819,9408,17,1,2,60,384,1,1,168,0.000,0.230,,,,,NVIDIA H100 80GB HBM3 (0),1,,7,kernel_cutlass_kernel_quackgemm_actGemmActSm90_object_at__TiledMMA_ThrLayoutVMNK1281111000_PermutationMNK____MMAAtom_ThrID1281_ShapeMNK6419216_TVLayoutA12864160164_TVLayoutB1281921601192__0
16193595,8032,17,1920,1,1,128,1,1,32,0.000,0.004,,,,,NVIDIA H100 80GB HBM3 (0),1,,7,_resgate_adaln_rows_kernel
16201947,16928,17,1,1,132,384,1,1,168,0.000,0.231,,,,,NVIDIA H100 80GB HBM3 (0),1,,7,kernel_cutlass_kernel_quackgemm_actGemmActSm90_object_at__TiledMMA_ThrLayoutVMNK1281111000_PermutationMNK____MMAAtom_ThrID1281_ShapeMNK6419216_TVLayoutA12864160164_TVLayoutB1281921601192__0
16216091,15712,17,240,1,1,288,1,1,94,0.000,0.100,,,,,NVIDIA H100 80GB HBM3 (0),1,,7,"void attn_kernel<(int)1>(CUtensorMap_st, CUtensorMap_st, CUtensorMap_st, __nv_bfloat16 *, int, int, int, int, int, float *)"
16231227,7168,17,1,2,60,384,1,1,168,0.000,0.230,,,,,NVIDIA H100 80GB HBM3 (0),1,,7,kernel_cutlass_kernel_quackgemm_actGemmActSm90_object_at__TiledMMA_ThrLayoutVMNK1281111000_PermutationMNK____MMAAtom_ThrID1281_ShapeMNK6419216_TVLayoutA12864160164_TVLayoutB1281921601192__0
16237115,8768,17,1920,1,1,128,1,1,32,0.000,0.004,,,,,NVIDIA H100 80GB HBM3 (0),1,,7,_resgate_adaln_rows_kernel
16246043,17664,17,1,4,30,384,1,1,168,0.000,0.230,,,,,NVIDIA H100 80GB HBM3 (0),1,,7,kernel_cutlass_kernel_quackgemm_actGemmGatedSm90_object_at__TiledMMA_ThrLayoutVMNK128211112800_PermutationMNK____MMAAtom_ThrID1281_ShapeMNK6419216_TVLayoutA12864160164_TVLayoutB1281921601_0
16263803,9216,17,1,2,60,384,1,1,168,0.000,0.230,,,,,NVIDIA H100 80GB HBM3 (0),1,,7,kernel_cutlass_kernel_quackgemm_actGemmActSm90_object_at__TiledMMA_ThrLayoutVMNK1281111000_PermutationMNK____MMAAtom_ThrID1281_ShapeMNK6419216_TVLayoutA12864160164_TVLayoutB1281921601192__0
16271355,7840,17,1920,1,1,128,1,1,32,0.000,0.004,,,,,NVIDIA H100 80GB HBM3 (0),1,,7,_resgate_adaln_rows_kernel
16279323,16672,17,1,1,132,384,1,1,168,0.000,0.231,,,,,NVIDIA H100 80GB HBM3 (0),1,,7,kernel_cutlass_kernel_quackgemm_actGemmActSm90_object_at__TiledMMA_ThrLayoutVMNK1281111000_PermutationMNK____MMAAtom_ThrID1281_ShapeMNK6419216_TVLayoutA12864160164_TVLayoutB1281921601192__0
16293019,16032,17,240,1,1,288,1,1,94,0.000,0.100,,,,,NVIDIA H100 80GB HBM3 (0),1,,7,"void attn_kernel<(int)1>(CUtensorMap_st, CUtensorMap_st, CUtensorMap_st, __nv_bfloat16 *, int, int, int, int, int, float *)"
16308539,6464,17,1,2,60,384,1,1,168,0.000,0.230,,,,,NVIDIA H100 80GB HBM3 (0),1,,7,kernel_cutlass_kernel_quackgemm_actGemmActSm90_object_at__TiledMMA_ThrLayoutVMNK1281111000_PermutationMNK____MMAAtom_ThrID1281_ShapeMNK6419216_TVLayoutA12864160164_TVLayoutB1281921601192__0
16313595,8224,17,1920,1,1,128,1,1,32,0.000,0.004,,,,,NVIDIA H100 80GB HBM3 (0),1,,7,_resgate_adaln_rows_kernel
16321947,17695,17,1,4,30,384,1,1,168,0.000,0.230,,,,,NVIDIA H100 80GB HBM3 (0),1,,7,kernel_cutlass_kernel_quackgemm_actGemmGatedSm90_object_at__TiledMMA_ThrLayoutVMNK128211112800_PermutationMNK____MMAAtom_ThrID1281_ShapeMNK6419216_TVLayoutA12864160164_TVLayoutB1281921601_0
16339643,9440,17,1,2,60,384,1,1,168,0.000,0.230,,,,,NVIDIA H100 80GB HBM3 (0),1,,7,kernel_cutlass_kernel_quackgemm_actGemmActSm90_object_at__TiledMMA_ThrLayoutVMNK1281111000_PermutationMNK____MMAAtom_ThrID1281_ShapeMNK6419216_TVLayoutA12864160164_TVLayoutB1281921601192__0
16347419,8000,17,1920,1,1,128,1,1,32,0.000,0.004,,,,,NVIDIA H100 80GB HBM3 (0),1,,7,_resgate_adaln_rows_kernel
16355451,17088,17,1,1,132,384,1,1,168,0.000,0.231,,,,,NVIDIA H100 80GB HBM3 (0),1,,7,kernel_cutlass_kernel_quackgemm_actGemmActSm90_object_at__TiledMMA_ThrLayoutVMNK1281111000_PermutationMNK____MMAAtom_ThrID1281_ShapeMNK6419216_TVLayoutA12864160164_TVLayoutB1281921601192__0
16369275,16352,17,240,1,1,288,1,1,94,0.000,0.100,,,,,NVIDIA H100 80GB HBM3 (0),1,,7,"void attn_kernel<(int)1>(CUtensorMap_st, CUtensorMap_st, CUtensorMap_st, __nv_bfloat16 *, int, int, int, int, int, float *)"
16385179,6432,17,1,2,60,384,1,1,168,0.000,0.230,,,,,NVIDIA H100 80GB HBM3 (0),1,,7,kernel_cutlass_kernel_quackgemm_actGemmActSm90_object_at__TiledMMA_ThrLayoutVMNK1281111000_PermutationMNK____MMAAtom_ThrID1281_ShapeMNK6419216_TVLayoutA12864160164_TVLayoutB1281921601192__0
16390139,8384,17,1920,1,1,128,1,1,32,0.000,0.004,,,,,NVIDIA H100 80GB HBM3 (0),1,,7,_resgate_adaln_rows_kernel
16398683,17728,17,1,4,30,384,1,1,168,0.000,0.230,,,,,NVIDIA H100 80GB HBM3 (0),1,,7,kernel_cutlass_kernel_quackgemm_actGemmGatedSm90_object_at__TiledMMA_ThrLayoutVMNK128211112800_PermutationMNK____MMAAtom_ThrID1281_ShapeMNK6419216_TVLayoutA12864160164_TVLayoutB1281921601_0
16416315,9344,17,1,2,60,384,1,1,168,0.000,0.230,,,,,NVIDIA H100 80GB HBM3 (0),1,,7,kernel_cutlass_kernel_quackgemm_actGemmActSm90_object_at__TiledMMA_ThrLayoutVMNK1281111000_PermutationMNK____MMAAtom_ThrID1281_ShapeMNK6419216_TVLayoutA12864160164_TVLayoutB1281921601192__0
16424155,7904,17,1920,1,1,128,1,1,32,0.000,0.004,,,,,NVIDIA H100 80GB HBM3 (0),1,,7,_resgate_adaln_rows_kernel
16432155,17120,17,1,1,132,384,1,1,168,0.000,0.231,,,,,NVIDIA H100 80GB HBM3 (0),1,,7,kernel_cutlass_kernel_quackgemm_actGemmActSm90_object_at__TiledMMA_ThrLayoutVMNK1281111000_PermutationMNK____MMAAtom_ThrID1281_ShapeMNK6419216_TVLayoutA12864160164_TVLayoutB1281921601192__0
16446203,16096,17,240,1,1,288,1,1,94,0.000,0.100,,,,,NVIDIA H100 80GB HBM3 (0),1,,7,"void attn_kernel<(int)1>(CUtensorMap_st, CUtensorMap_st, CUtensorMap_st, __nv_bfloat16 *, int, int, int, int, int, float *)"
16461851,6400,17,1,2,60,384,1,1,168,0.000,0.230,,,,,NVIDIA H100 80GB HBM3 (0),1,,7,kernel_cutlass_kernel_quackgemm_actGemmActSm90_object_at__TiledMMA_ThrLayoutVMNK1281111000_PermutationMNK____MMAAtom_ThrID1281_ShapeMNK6419216_TVLayoutA12864160164_TVLayoutB1281921601192__0
16466715,8672,17,1920,1,1,128,1,1,32,0.000,0.004,,,,,NVIDIA H100 80GB HBM3 (0),1,,7,_resgate_adaln_rows_kernel
16475611,17760,17,1,4,30,384,1,1,168,0.000,0.230,,,,,NVIDIA H100 80GB HBM3 (0),1,,7,kernel_cutlass_kernel_quackgemm_actGemmGatedSm90_object_at__TiledMMA_ThrLayoutVMNK128211112800_PermutationMNK____MMAAtom_ThrID1281_ShapeMNK6419216_TVLayoutA12864160164_TVLayoutB1281921601_0
16493499,9216,17,1,2,60,384,1,1,168,0.000,0.230,,,,,NVIDIA H100 80GB HBM3 (0),1,,7,kernel_cutlass_kernel_quackgemm_actGemmActSm90_object_at__TiledMMA_ThrLayoutVMNK1281111000_PermutationMNK____MMAAtom_ThrID1281_ShapeMNK6419216_TVLayoutA12864160164_TVLayoutB1281921601192__0
16501115,7808,17,1920,1,1,128,1,1,32,0.000,0.004,,,,,NVIDIA H100 80GB HBM3 (0),1,,7,_resgate_adaln_rows_kernel
16509019,16896,17,1,1,132,384,1,1,168,0.000,0.231,,,,,NVIDIA H100 80GB HBM3 (0),1,,7,kernel_cutlass_kernel_quackgemm_actGemmActSm90_object_at__TiledMMA_ThrLayoutVMNK1281111000_PermutationMNK____MMAAtom_ThrID1281_ShapeMNK6419216_TVLayoutA12864160164_TVLayoutB1281921601192__0
16523227,15616,17,240,1,1,288,1,1,94,0.000,0.100,,,,,NVIDIA H100 80GB HBM3 (0),1,,7,"void attn_kernel<(int)1>(CUtensorMap_st, CUtensorMap_st, CUtensorMap_st, __nv_bfloat16 *, int, int, int, int, int, float *)"
16538011,6432,17,1,2,60,384,1,1,168,0.000,0.230,,,,,NVIDIA H100 80GB HBM3 (0),1,,7,kernel_cutlass_kernel_quackgemm_actGemmActSm90_object_at__TiledMMA_ThrLayoutVMNK1281111000_PermutationMNK____MMAAtom_ThrID1281_ShapeMNK6419216_TVLayoutA12864160164_TVLayoutB1281921601192__0
16543131,8544,17,1920,1,1,128,1,1,32,0.000,0.004,,,,,NVIDIA H100 80GB HBM3 (0),1,,7,_resgate_adaln_rows_kernel
16551771,17664,17,1,4,30,384,1,1,168,0.000,0.230,,,,,NVIDIA H100 80GB HBM3 (0),1,,7,kernel_cutlass_kernel_quackgemm_actGemmGatedSm90_object_at__TiledMMA_ThrLayoutVMNK128211112800_PermutationMNK____MMAAtom_ThrID1281_ShapeMNK6419216_TVLayoutA12864160164_TVLayoutB1281921601_0
16569403,9216,17,1,2,60,384,1,1,168,0.000,0.230,,,,,NVIDIA H100 80GB HBM3 (0),1,,7,kernel_cutlass_kernel_quackgemm_actGemmActSm90_object_at__TiledMMA_ThrLayoutVMNK1281111000_PermutationMNK____MMAAtom_ThrID1281_ShapeMNK6419216_TVLayoutA12864160164_TVLayoutB1281921601192__0
16577275,7936,17,1920,1,1,128,1,1,32,0.000,0.004,,,,,NVIDIA H100 80GB HBM3 (0),1,,7,_resgate_adaln_rows_kernel
16585499,16768,17,1,1,132,384,1,1,168,0.000,0.231,,,,,NVIDIA H100 80GB HBM3 (0),1,,7,kernel_cutlass_kernel_quackgemm_actGemmActSm90_object_at__TiledMMA_ThrLayoutVMNK1281111000_PermutationMNK____MMAAtom_ThrID1281_ShapeMNK6419216_TVLayoutA12864160164_TVLayoutB1281921601192__0
16599291,16257,17,240,1,1,288,1,1,94,0.000,0.100,,,,,NVIDIA H100 80GB HBM3 (0),1,,7,"void attn_kernel<(int)1>(CUtensorMap_st, CUtensorMap_st, CUtensorMap_st, __nv_bfloat16 *, int, int, int, int, int, float *)"
16615004,6400,17,1,2,60,384,1,1,168,0.000,0.230,,,,,NVIDIA H100 80GB HBM3 (0),1,,7,kernel_cutlass_kernel_quackgemm_actGemmActSm90_object_at__TiledMMA_ThrLayoutVMNK1281111000_PermutationMNK____MMAAtom_ThrID1281_ShapeMNK6419216_TVLayoutA12864160164_TVLayoutB1281921601192__0
16620028,8224,17,1920,1,1,128,1,1,32,0.000,0.004,,,,,NVIDIA H100 80GB HBM3 (0),1,,7,_resgate_adaln_rows_kernel
16628348,17632,17,1,4,30,384,1,1,168,0.000,0.230,,,,,NVIDIA H100 80GB HBM3 (0),1,,7,kernel_cutlass_kernel_quackgemm_actGemmGatedSm90_object_at__TiledMMA_ThrLayoutVMNK128211112800_PermutationMNK____MMAAtom_ThrID1281_ShapeMNK6419216_TVLayoutA12864160164_TVLayoutB1281921601_0
16646012,9344,17,1,2,60,384,1,1,168,0.000,0.230,,,,,NVIDIA H100 80GB HBM3 (0),1,,7,kernel_cutlass_kernel_quackgemm_actGemmActSm90_object_at__TiledMMA_ThrLayoutVMNK1281111000_PermutationMNK____MMAAtom_ThrID1281_ShapeMNK6419216_TVLayoutA12864160164_TVLayoutB1281921601192__0
16653788,8128,17,1920,1,1,128,1,1,32,0.000,0.004,,,,,NVIDIA H100 80GB HBM3 (0),1,,7,_resgate_adaln_rows_kernel
16662012,16800,17,1,1,132,384,1,1,168,0.000,0.231,,,,,NVIDIA H100 80GB HBM3 (0),1,,7,kernel_cutlass_kernel_quackgemm_actGemmActSm90_object_at__TiledMMA_ThrLayoutVMNK1281111000_PermutationMNK____MMAAtom_ThrID1281_ShapeMNK6419216_TVLayoutA12864160164_TVLayoutB1281921601192__0
16675548,16160,17,240,1,1,288,1,1,94,0.000,0.100,,,,,NVIDIA H100 80GB HBM3 (0),1,,7,"void attn_kernel<(int)1>(CUtensorMap_st, CUtensorMap_st, CUtensorMap_st, __nv_bfloat16 *, int, int, int, int, int, float *)"
16691132,6464,17,1,2,60,384,1,1,168,0.000,0.230,,,,,NVIDIA H100 80GB HBM3 (0),1,,7,kernel_cutlass_kernel_quackgemm_actGemmActSm90_object_at__TiledMMA_ThrLayoutVMNK1281111000_PermutationMNK____MMAAtom_ThrID1281_ShapeMNK6419216_TVLayoutA12864160164_TVLayoutB1281921601192__0
16696124,8384,17,1920,1,1,128,1,1,32,0.000,0.004,,,,,NVIDIA H100 80GB HBM3 (0),1,,7,_resgate_adaln_rows_kernel
16704700,17696,17,1,4,30,384,1,1,168,0.000,0.230,,,,,NVIDIA H100 80GB HBM3 (0),1,,7,kernel_cutlass_kernel_quackgemm_actGemmGatedSm90_object_at__TiledMMA_ThrLayoutVMNK128211112800_PermutationMNK____MMAAtom_ThrID1281_ShapeMNK6419216_TVLayoutA12864160164_TVLayoutB1281921601_0
16722524,9280,17,1,2,60,384,1,1,168,0.000,0.230,,,,,NVIDIA H100 80GB HBM3 (0),1,,7,kernel_cutlass_kernel_quackgemm_actGemmActSm90_object_at__TiledMMA_ThrLayoutVMNK1281111000_PermutationMNK____MMAAtom_ThrID1281_ShapeMNK6419216_TVLayoutA12864160164_TVLayoutB1281921601192__0
16730300,7968,17,1920,1,1,128,1,1,32,0.000,0.004,,,,,NVIDIA H100 80GB HBM3 (0),1,,7,_resgate_adaln_rows_kernel
16738396,16864,17,1,1,132,384,1,1,168,0.000,0.231,,,,,NVIDIA H100 80GB HBM3 (0),1,,7,kernel_cutlass_kernel_quackgemm_actGemmActSm90_object_at__TiledMMA_ThrLayoutVMNK1281111000_PermutationMNK____MMAAtom_ThrID1281_ShapeMNK6419216_TVLayoutA12864160164_TVLayoutB1281921601192__0
16752540,15744,17,240,1,1,288,1,1,94,0.000,0.100,,,,,NVIDIA H100 80GB HBM3 (0),1,,7,"void attn_kernel<(int)1>(CUtensorMap_st, CUtensorMap_st, CUtensorMap_st, __nv_bfloat16 *, int, int, int, int, int, float *)"
16767868,6432,17,1,2,60,384,1,1,168,0.000,0.230,,,,,NVIDIA H100 80GB HBM3 (0),1,,7,kernel_cutlass_kernel_quackgemm_actGemmActSm90_object_at__TiledMMA_ThrLayoutVMNK1281111000_PermutationMNK____MMAAtom_ThrID1281_ShapeMNK6419216_TVLayoutA12864160164_TVLayoutB1281921601192__0
16772764,8416,17,1920,1,1,128,1,1,32,0.000,0.004,,,,,NVIDIA H100 80GB HBM3 (0),1,,7,_resgate_adaln_rows_kernel
16781340,17888,17,1,4,30,384,1,1,168,0.000,0.230,,,,,NVIDIA H100 80GB HBM3 (0),1,,7,kernel_cutlass_kernel_quackgemm_actGemmGatedSm90_object_at__TiledMMA_ThrLayoutVMNK128211112800_PermutationMNK____MMAAtom_ThrID1281_ShapeMNK6419216_TVLayoutA12864160164_TVLayoutB1281921601_0
16799132,9152,17,1,2,60,384,1,1,168,0.000,0.230,,,,,NVIDIA H100 80GB HBM3 (0),1,,7,kernel_cutlass_kernel_quackgemm_actGemmActSm90_object_at__TiledMMA_ThrLayoutVMNK1281111000_PermutationMNK____MMAAtom_ThrID1281_ShapeMNK6419216_TVLayoutA12864160164_TVLayoutB1281921601192__0
16806844,8032,17,1920,1,1,128,1,1,32,0.000,0.004,,,,,NVIDIA H100 80GB HBM3 (0),1,,7,_resgate_adaln_rows_kernel
16814940,16864,17,1,1,132,384,1,1,168,0.000,0.231,,,,,NVIDIA H100 80GB HBM3 (0),1,,7,kernel_cutlass_kernel_quackgemm_actGemmActSm90_object_at__TiledMMA_ThrLayoutVMNK1281111000_PermutationMNK____MMAAtom_ThrID1281_ShapeMNK6419216_TVLayoutA12864160164_TVLayoutB1281921601192__0
16829340,15264,17,240,1,1,288,1,1,94,0.000,0.100,,,,,NVIDIA H100 80GB HBM3 (0),1,,7,"void attn_kernel<(int)1>(CUtensorMap_st, CUtensorMap_st, CUtensorMap_st, __nv_bfloat16 *, int, int, int, int, int, float *)"
16844188,6784,17,1,2,60,384,1,1,168,0.000,0.230,,,,,NVIDIA H100 80GB HBM3 (0),1,,7,kernel_cutlass_kernel_quackgemm_actGemmActSm90_object_at__TiledMMA_ThrLayoutVMNK1281111000_PermutationMNK____MMAAtom_ThrID1281_ShapeMNK6419216_TVLayoutA12864160164_TVLayoutB1281921601192__0
16849052,8832,17,1920,1,1,128,1,1,32,0.000,0.004,,,,,NVIDIA H100 80GB HBM3 (0),1,,7,_resgate_adaln_rows_kernel
16858012,17728,17,1,4,30,384,1,1,168,0.000,0.230,,,,,NVIDIA H100 80GB HBM3 (0),1,,7,kernel_cutlass_kernel_quackgemm_actGemmGatedSm90_object_at__TiledMMA_ThrLayoutVMNK128211112800_PermutationMNK____MMAAtom_ThrID1281_ShapeMNK6419216_TVLayoutA12864160164_TVLayoutB1281921601_0
16875708,9280,17,1,2,60,384,1,1,168,0.000,0.230,,,,,NVIDIA H100 80GB HBM3 (0),1,,7,kernel_cutlass_kernel_quackgemm_actGemmActSm90_object_at__TiledMMA_ThrLayoutVMNK1281111000_PermutationMNK____MMAAtom_ThrID1281_ShapeMNK6419216_TVLayoutA12864160164_TVLayoutB1281921601192__0
16883388,7776,17,1920,1,1,128,1,1,32,0.000,0.004,,,,,NVIDIA H100 80GB HBM3 (0),1,,7,_resgate_adaln_rows_kernel
16891260,16704,17,1,1,132,384,1,1,168,0.000,0.231,,,,,NVIDIA H100 80GB HBM3 (0),1,,7,kernel_cutlass_kernel_quackgemm_actGemmActSm90_object_at__TiledMMA_ThrLayoutVMNK1281111000_PermutationMNK____MMAAtom_ThrID1281_ShapeMNK6419216_TVLayoutA12864160164_TVLayoutB1281921601192__0
16905340,15328,17,240,1,1,288,1,1,94,0.000,0.100,,,,,NVIDIA H100 80GB HBM3 (0),1,,7,"void attn_kernel<(int)1>(CUtensorMap_st, CUtensorMap_st, CUtensorMap_st, __nv_bfloat16 *, int, int, int, int, int, float *)"
16920124,6592,17,1,2,60,384,1,1,168,0.000,0.230,,,,,NVIDIA H100 80GB HBM3 (0),1,,7,kernel_cutlass_kernel_quackgemm_actGemmActSm90_object_at__TiledMMA_ThrLayoutVMNK1281111000_PermutationMNK____MMAAtom_ThrID1281_ShapeMNK6419216_TVLayoutA12864160164_TVLayoutB1281921601192__0
16925372,8256,17,1920,1,1,128,1,1,32,0.000,0.004,,,,,NVIDIA H100 80GB HBM3 (0),1,,7,_resgate_adaln_rows_kernel
16933724,17664,17,1,4,30,384,1,1,168,0.000,0.230,,,,,NVIDIA H100 80GB HBM3 (0),1,,7,kernel_cutlass_kernel_quackgemm_actGemmGatedSm90_object_at__TiledMMA_ThrLayoutVMNK128211112800_PermutationMNK____MMAAtom_ThrID1281_ShapeMNK6419216_TVLayoutA12864160164_TVLayoutB1281921601_0
16951228,9184,17,1,2,60,384,1,1,168,0.000,0.230,,,,,NVIDIA H100 80GB HBM3 (0),1,,7,kernel_cutlass_kernel_quackgemm_actGemmActSm90_object_at__TiledMMA_ThrLayoutVMNK1281111000_PermutationMNK____MMAAtom_ThrID1281_ShapeMNK6419216_TVLayoutA12864160164_TVLayoutB1281921601192__0
16958812,7872,17,1920,1,1,128,1,1,32,0.000,0.004,,,,,NVIDIA H100 80GB HBM3 (0),1,,7,_resgate_adaln_rows_kernel
16967004,17152,17,1,1,132,384,1,1,168,0.000,0.231,,,,,NVIDIA H100 80GB HBM3 (0),1,,7,kernel_cutlass_kernel_quackgemm_actGemmActSm90_object_at__TiledMMA_ThrLayoutVMNK1281111000_PermutationMNK____MMAAtom_ThrID1281_ShapeMNK6419216_TVLayoutA12864160164_TVLayoutB1281921601192__0
16981116,16032,17,240,1,1,288,1,1,94,0.000,0.100,,,,,NVIDIA H100 80GB HBM3 (0),1,,7,"void attn_kernel<(int)1>(CUtensorMap_st, CUtensorMap_st, CUtensorMap_st, __nv_bfloat16 *, int, int, int, int, int, float *)"
16996540,6656,17,1,2,60,384,1,1,168,0.000,0.230,,,,,NVIDIA H100 80GB HBM3 (0),1,,7,kernel_cutlass_kernel_quackgemm_actGemmActSm90_object_at__TiledMMA_ThrLayoutVMNK1281111000_PermutationMNK____MMAAtom_ThrID1281_ShapeMNK6419216_TVLayoutA12864160164_TVLayoutB1281921601192__0
17001788,8224,17,1920,1,1,128,1,1,32,0.000,0.004,,,,,NVIDIA H100 80GB HBM3 (0),1,,7,_resgate_adaln_rows_kernel
17010076,17632,17,1,4,30,384,1,1,168,0.000,0.230,,,,,NVIDIA H100 80GB HBM3 (0),1,,7,kernel_cutlass_kernel_quackgemm_actGemmGatedSm90_object_at__TiledMMA_ThrLayoutVMNK128211112800_PermutationMNK____MMAAtom_ThrID1281_ShapeMNK6419216_TVLayoutA12864160164_TVLayoutB1281921601_0
17027548,9248,17,1,2,60,384,1,1,168,0.000,0.230,,,,,NVIDIA H100 80GB HBM3 (0),1,,7,kernel_cutlass_kernel_quackgemm_actGemmActSm90_object_at__TiledMMA_ThrLayoutVMNK1281111000_PermutationMNK____MMAAtom_ThrID1281_ShapeMNK6419216_TVLayoutA12864160164_TVLayoutB1281921601192__0
17035260,8161,17,1920,1,1,128,1,1,32,0.000,0.004,,,,,NVIDIA H100 80GB HBM3 (0),1,,7,_resgate_adaln_rows_kernel
17043549,16192,17,1,1,132,384,1,1,168,0.000,0.231,,,,,NVIDIA H100 80GB HBM3 (0),1,,7,kernel_cutlass_kernel_quackgemm_actGemmActSm90_object_at__TiledMMA_ThrLayoutVMNK1281111000_PermutationMNK____MMAAtom_ThrID1281_ShapeMNK6419216_TVLayoutA12864160164_TVLayoutB1281921601192__0
17057341,15104,17,240,1,1,288,1,1,94,0.000,0.100,,,,,NVIDIA H100 80GB HBM3 (0),1,,7,"void attn_kernel<(int)1>(CUtensorMap_st, CUtensorMap_st, CUtensorMap_st, __nv_bfloat16 *, int, int, int, int, int, float *)"
17071997,6560,17,1,2,60,384,1,1,168,0.000,0.230,,,,,NVIDIA H100 80GB HBM3 (0),1,,7,kernel_cutlass_kernel_quackgemm_actGemmActSm90_object_at__TiledMMA_ThrLayoutVMNK1281111000_PermutationMNK____MMAAtom_ThrID1281_ShapeMNK6419216_TVLayoutA12864160164_TVLayoutB1281921601192__0
17077053,8832,17,1920,1,1,128,1,1,32,0.000,0.004,,,,,NVIDIA H100 80GB HBM3 (0),1,,7,_resgate_adaln_rows_kernel
17086237,17824,17,1,4,30,384,1,1,168,0.000,0.230,,,,,NVIDIA H100 80GB HBM3 (0),1,,7,kernel_cutlass_kernel_quackgemm_actGemmGatedSm90_object_at__TiledMMA_ThrLayoutVMNK128211112800_PermutationMNK____MMAAtom_ThrID1281_ShapeMNK6419216_TVLayoutA12864160164_TVLayoutB1281921601_0
17104029,9248,17,1,2,60,384,1,1,168,0.000,0.230,,,,,NVIDIA H100 80GB HBM3 (0),1,,7,kernel_cutlass_kernel_quackgemm_actGemmActSm90_object_at__TiledMMA_ThrLayoutVMNK1281111000_PermutationMNK____MMAAtom_ThrID1281_ShapeMNK6419216_TVLayoutA12864160164_TVLayoutB1281921601192__0
17111613,8160,17,1920,1,1,128,1,1,32,0.000,0.004,,,,,NVIDIA H100 80GB HBM3 (0),1,,7,_resgate_adaln_rows_kernel
17119901,16832,17,1,1,132,384,1,1,168,0.000,0.231,,,,,NVIDIA H100 80GB HBM3 (0),1,,7,kernel_cutlass_kernel_quackgemm_actGemmActSm90_object_at__TiledMMA_ThrLayoutVMNK1281111000_PermutationMNK____MMAAtom_ThrID1281_ShapeMNK6419216_TVLayoutA12864160164_TVLayoutB1281921601192__0
17133981,15680,17,240,1,1,288,1,1,94,0.000,0.100,,,,,NVIDIA H100 80GB HBM3 (0),1,,7,"void attn_kernel<(int)1>(CUtensorMap_st, CUtensorMap_st, CUtensorMap_st, __nv_bfloat16 *, int, int, int, int, int, float *)"
17149245,6464,17,1,2,60,384,1,1,168,0.000,0.230,,,,,NVIDIA H100 80GB HBM3 (0),1,,7,kernel_cutlass_kernel_quackgemm_actGemmActSm90_object_at__TiledMMA_ThrLayoutVMNK1281111000_PermutationMNK____MMAAtom_ThrID1281_ShapeMNK6419216_TVLayoutA12864160164_TVLayoutB1281921601192__0
17154173,8384,17,1920,1,1,128,1,1,32,0.000,0.004,,,,,NVIDIA H100 80GB HBM3 (0),1,,7,_resgate_adaln_rows_kernel
17162717,17760,17,1,4,30,384,1,1,168,0.000,0.230,,,,,NVIDIA H100 80GB HBM3 (0),1,,7,kernel_cutlass_kernel_quackgemm_actGemmGatedSm90_object_at__TiledMMA_ThrLayoutVMNK128211112800_PermutationMNK____MMAAtom_ThrID1281_ShapeMNK6419216_TVLayoutA12864160164_TVLayoutB1281921601_0
17180637,9216,17,1,2,60,384,1,1,168,0.000,0.230,,,,,NVIDIA H100 80GB HBM3 (0),1,,7,kernel_cutlass_kernel_quackgemm_actGemmActSm90_object_at__TiledMMA_ThrLayoutVMNK1281111000_PermutationMNK____MMAAtom_ThrID1281_ShapeMNK6419216_TVLayoutA12864160164_TVLayoutB1281921601192__0
17188381,7776,17,1920,1,1,128,1,1,32,0.000,0.004,,,,,NVIDIA H100 80GB HBM3 (0),1,,7,_resgate_adaln_rows_kernel
17196349,16960,17,1,1,132,384,1,1,168,0.000,0.231,,,,,NVIDIA H100 80GB HBM3 (0),1,,7,kernel_cutlass_kernel_quackgemm_actGemmActSm90_object_at__TiledMMA_ThrLayoutVMNK1281111000_PermutationMNK____MMAAtom_ThrID1281_ShapeMNK6419216_TVLayoutA12864160164_TVLayoutB1281921601192__0
17210173,15936,17,240,1,1,288,1,1,94,0.000,0.100,,,,,NVIDIA H100 80GB HBM3 (0),1,,7,"void attn_kernel<(int)1>(CUtensorMap_st, CUtensorMap_st, CUtensorMap_st, __nv_bfloat16 *, int, int, int, int, int, float *)"
17225597,6400,17,1,2,60,384,1,1,168,0.000,0.230,,,,,NVIDIA H100 80GB HBM3 (0),1,,7,kernel_cutlass_kernel_quackgemm_actGemmActSm90_object_at__TiledMMA_ThrLayoutVMNK1281111000_PermutationMNK____MMAAtom_ThrID1281_ShapeMNK6419216_TVLayoutA12864160164_TVLayoutB1281921601192__0
17230653,8448,17,1920,1,1,128,1,1,32,0.000,0.004,,,,,NVIDIA H100 80GB HBM3 (0),1,,7,_resgate_adaln_rows_kernel
17239197,17696,17,1,4,30,384,1,1,168,0.000,0.230,,,,,NVIDIA H100 80GB HBM3 (0),1,,7,kernel_cutlass_kernel_quackgemm_actGemmGatedSm90_object_at__TiledMMA_ThrLayoutVMNK128211112800_PermutationMNK____MMAAtom_ThrID1281_ShapeMNK6419216_TVLayoutA12864160164_TVLayoutB1281921601_0
17256925,9248,17,1,2,60,384,1,1,168,0.000,0.230,,,,,NVIDIA H100 80GB HBM3 (0),1,,7,kernel_cutlass_kernel_quackgemm_actGemmActSm90_object_at__TiledMMA_ThrLayoutVMNK1281111000_PermutationMNK____MMAAtom_ThrID1281_ShapeMNK6419216_TVLayoutA12864160164_TVLayoutB1281921601192__0
17264573,8159,17,1920,1,1,128,1,1,32,0.000,0.004,,,,,NVIDIA H100 80GB HBM3 (0),1,,7,_resgate_adaln_rows_kernel
17272733,16224,17,1,1,132,384,1,1,168,0.000,0.231,,,,,NVIDIA H100 80GB HBM3 (0),1,,7,kernel_cutlass_kernel_quackgemm_actGemmActSm90_object_at__TiledMMA_ThrLayoutVMNK1281111000_PermutationMNK____MMAAtom_ThrID1281_ShapeMNK6419216_TVLayoutA12864160164_TVLayoutB1281921601192__0
17286333,16000,17,240,1,1,288,1,1,94,0.000,0.100,,,,,NVIDIA H100 80GB HBM3 (0),1,,7,"void attn_kernel<(int)1>(CUtensorMap_st, CUtensorMap_st, CUtensorMap_st, __nv_bfloat16 *, int, int, int, int, int, float *)"
17301533,6400,17,1,2,60,384,1,1,168,0.000,0.230,,,,,NVIDIA H100 80GB HBM3 (0),1,,7,kernel_cutlass_kernel_quackgemm_actGemmActSm90_object_at__TiledMMA_ThrLayoutVMNK1281111000_PermutationMNK____MMAAtom_ThrID1281_ShapeMNK6419216_TVLayoutA12864160164_TVLayoutB1281921601192__0
17306493,8416,17,1920,1,1,128,1,1,32,0.000,0.004,,,,,NVIDIA H100 80GB HBM3 (0),1,,7,_resgate_adaln_rows_kernel
17315037,17760,17,1,4,30,384,1,1,168,0.000,0.230,,,,,NVIDIA H100 80GB HBM3 (0),1,,7,kernel_cutlass_kernel_quackgemm_actGemmGatedSm90_object_at__TiledMMA_ThrLayoutVMNK128211112800_PermutationMNK____MMAAtom_ThrID1281_ShapeMNK6419216_TVLayoutA12864160164_TVLayoutB1281921601_0
17332829,9312,17,1,2,60,384,1,1,168,0.000,0.230,,,,,NVIDIA H100 80GB HBM3 (0),1,,7,kernel_cutlass_kernel_quackgemm_actGemmActSm90_object_at__TiledMMA_ThrLayoutVMNK1281111000_PermutationMNK____MMAAtom_ThrID1281_ShapeMNK6419216_TVLayoutA12864160164_TVLayoutB1281921601192__0
17340477,8256,17,1920,1,1,128,1,1,32,0.000,0.004,,,,,NVIDIA H100 80GB HBM3 (0),1,,7,_resgate_adaln_rows_kernel
17348829,16896,17,1,1,132,384,1,1,168,0.000,0.231,,,,,NVIDIA H100 80GB HBM3 (0),1,,7,kernel_cutlass_kernel_quackgemm_actGemmActSm90_object_at__TiledMMA_ThrLayoutVMNK1281111000_PermutationMNK____MMAAtom_ThrID1281_ShapeMNK6419216_TVLayoutA12864160164_TVLayoutB1281921601192__0
17362653,15648,17,240,1,1,288,1,1,94,0.000,0.100,,,,,NVIDIA H100 80GB HBM3 (0),1,,7,"void attn_kernel<(int)1>(CUtensorMap_st, CUtensorMap_st, CUtensorMap_st, __nv_bfloat16 *, int, int, int, int, int, float *)"
17377853,6368,17,1,2,60,384,1,1,168,0.000,0.230,,,,,NVIDIA H100 80GB HBM3 (0),1,,7,kernel_cutlass_kernel_quackgemm_actGemmActSm90_object_at__TiledMMA_ThrLayoutVMNK1281111000_PermutationMNK____MMAAtom_ThrID1281_ShapeMNK6419216_TVLayoutA12864160164_TVLayoutB1281921601192__0
17382653,8512,17,1920,1,1,128,1,1,32,0.000,0.004,,,,,NVIDIA H100 80GB HBM3 (0),1,,7,_resgate_adaln_rows_kernel
17391293,17696,17,1,4,30,384,1,1,168,0.000,0.230,,,,,NVIDIA H100 80GB HBM3 (0),1,,7,kernel_cutlass_kernel_quackgemm_actGemmGatedSm90_object_at__TiledMMA_ThrLayoutVMNK128211112800_PermutationMNK____MMAAtom_ThrID1281_ShapeMNK6419216_TVLayoutA12864160164_TVLayoutB1281921601_0
17409053,9248,17,1,2,60,384,1,1,168,0.000,0.230,,,,,NVIDIA H100 80GB HBM3 (0),1,,7,kernel_cutlass_kernel_quackgemm_actGemmActSm90_object_at__TiledMMA_ThrLayoutVMNK1281111000_PermutationMNK____MMAAtom_ThrID1281_ShapeMNK6419216_TVLayoutA12864160164_TVLayoutB1281921601192__0
17416925,7808,17,1920,1,1,128,1,1,32,0.000,0.004,,,,,NVIDIA H100 80GB HBM3 (0),1,,7,_resgate_adaln_rows_kernel
17424829,16832,17,1,1,132,384,1,1,168,0.000,0.231,,,,,NVIDIA H100 80GB HBM3 (0),1,,7,kernel_cutlass_kernel_quackgemm_actGemmActSm90_object_at__TiledMMA_ThrLayoutVMNK1281111000_PermutationMNK____MMAAtom_ThrID1281_ShapeMNK6419216_TVLayoutA12864160164_TVLayoutB1281921601192__0
17438749,15840,17,240,1,1,288,1,1,94,0.000,0.100,,,,,NVIDIA H100 80GB HBM3 (0),1,,7,"void attn_kernel<(int)1>(CUtensorMap_st, CUtensorMap_st, CUtensorMap_st, __nv_bfloat16 *, int, int, int, int, int, float *)"
17454013,6496,17,1,2,60,384,1,1,168,0.000,0.230,,,,,NVIDIA H100 80GB HBM3 (0),1,,7,kernel_cutlass_kernel_quackgemm_actGemmActSm90_object_at__TiledMMA_ThrLayoutVMNK1281111000_PermutationMNK____MMAAtom_ThrID1281_ShapeMNK6419216_TVLayoutA12864160164_TVLayoutB1281921601192__0
17459005,8480,17,1920,1,1,128,1,1,32,0.000,0.004,,,,,NVIDIA H100 80GB HBM3 (0),1,,7,_resgate_adaln_rows_kernel
17467517,17601,17,1,4,30,384,1,1,168,0.000,0.230,,,,,NVIDIA H100 80GB HBM3 (0),1,,7,kernel_cutlass_kernel_quackgemm_actGemmGatedSm90_object_at__TiledMMA_ThrLayoutVMNK128211112800_PermutationMNK____MMAAtom_ThrID1281_ShapeMNK6419216_TVLayoutA12864160164_TVLayoutB1281921601_0
17484990,9216,17,1,2,60,384,1,1,168,0.000,0.230,,,,,NVIDIA H100 80GB HBM3 (0),1,,7,kernel_cutlass_kernel_quackgemm_actGemmActSm90_object_at__TiledMMA_ThrLayoutVMNK1281111000_PermutationMNK____MMAAtom_ThrID1281_ShapeMNK6419216_TVLayoutA12864160164_TVLayoutB1281921601192__0
17492830,7840,17,1920,1,1,128,1,1,32,0.000,0.004,,,,,NVIDIA H100 80GB HBM3 (0),1,,7,_resgate_adaln_rows_kernel
17500990,16640,17,1,1,132,384,1,1,168,0.000,0.231,,,,,NVIDIA H100 80GB HBM3 (0),1,,7,kernel_cutlass_kernel_quackgemm_actGemmActSm90_object_at__TiledMMA_ThrLayoutVMNK1281111000_PermutationMNK____MMAAtom_ThrID1281_ShapeMNK6419216_TVLayoutA12864160164_TVLayoutB1281921601192__0
17515102,15392,17,240,1,1,288,1,1,94,0.000,0.100,,,,,NVIDIA H100 80GB HBM3 (0),1,,7,"void attn_kernel<(int)1>(CUtensorMap_st, CUtensorMap_st, CUtensorMap_st, __nv_bfloat16 *, int, int, int, int, int, float *)"
17529982,6496,17,1,2,60,384,1,1,168,0.000,0.230,,,,,NVIDIA H100 80GB HBM3 (0),1,,7,kernel_cutlass_kernel_quackgemm_actGemmActSm90_object_at__TiledMMA_ThrLayoutVMNK1281111000_PermutationMNK____MMAAtom_ThrID1281_ShapeMNK6419216_TVLayoutA12864160164_TVLayoutB1281921601192__0
17534942,8352,17,1920,1,1,128,1,1,32,0.000,0.004,,,,,NVIDIA H100 80GB HBM3 (0),1,,7,_resgate_adaln_rows_kernel
17543422,17952,17,1,4,30,384,1,1,168,0.000,0.230,,,,,NVIDIA H100 80GB HBM3 (0),1,,7,kernel_cutlass_kernel_quackgemm_actGemmGatedSm90_object_at__TiledMMA_ThrLayoutVMNK128211112800_PermutationMNK____MMAAtom_ThrID1281_ShapeMNK6419216_TVLayoutA12864160164_TVLayoutB1281921601_0
17561406,9152,17,1,2,60,384,1,1,168,0.000,0.230,,,,,NVIDIA H100 80GB HBM3 (0),1,,7,kernel_cutlass_kernel_quackgemm_actGemmActSm90_object_at__TiledMMA_ThrLayoutVMNK1281111000_PermutationMNK____MMAAtom_ThrID1281_ShapeMNK6419216_TVLayoutA12864160164_TVLayoutB1281921601192__0
17569150,8032,17,1920,1,1,128,1,1,32,0.000,0.004,,,,,NVIDIA H100 80GB HBM3 (0),1,,7,_resgate_adaln_rows_kernel
17577342,17024,17,1,1,132,384,1,1,168,0.000,0.231,,,,,NVIDIA H100 80GB HBM3 (0),1,,7,kernel_cutlass_kernel_quackgemm_actGemmActSm90_object_at__TiledMMA_ThrLayoutVMNK1281111000_PermutationMNK____MMAAtom_ThrID1281_ShapeMNK6419216_TVLayoutA12864160164_TVLayoutB1281921601192__0
17591422,15744,17,240,1,1,288,1,1,94,0.000,0.100,,,,,NVIDIA H100 80GB HBM3 (0),1,,7,"void attn_kernel<(int)1>(CUtensorMap_st, CUtensorMap_st, CUtensorMap_st, __nv_bfloat16 *, int, int, int, int, int, float *)"
17606782,6400,17,1,2,60,384,1,1,168,0.000,0.230,,,,,NVIDIA H100 80GB HBM3 (0),1,,7,kernel_cutlass_kernel_quackgemm_actGemmActSm90_object_at__TiledMMA_ThrLayoutVMNK1281111000_PermutationMNK____MMAAtom_ThrID1281_ShapeMNK6419216_TVLayoutA12864160164_TVLayoutB1281921601192__0
17611774,8480,17,1920,1,1,128,1,1,32,0.000,0.004,,,,,NVIDIA H100 80GB HBM3 (0),1,,7,_resgate_adaln_rows_kernel
17620318,17664,17,1,4,30,384,1,1,168,0.000,0.230,,,,,NVIDIA H100 80GB HBM3 (0),1,,7,kernel_cutlass_kernel_quackgemm_actGemmGatedSm90_object_at__TiledMMA_ThrLayoutVMNK128211112800_PermutationMNK____MMAAtom_ThrID1281_ShapeMNK6419216_TVLayoutA12864160164_TVLayoutB1281921601_0
17637854,9216,17,1,2,60,384,1,1,168,0.000,0.230,,,,,NVIDIA H100 80GB HBM3 (0),1,,7,kernel_cutlass_kernel_quackgemm_actGemmActSm90_object_at__TiledMMA_ThrLayoutVMNK1281111000_PermutationMNK____MMAAtom_ThrID1281_ShapeMNK6419216_TVLayoutA12864160164_TVLayoutB1281921601192__0
17645534,8032,17,1920,1,1,128,1,1,32,0.000,0.004,,,,,NVIDIA H100 80GB HBM3 (0),1,,7,_resgate_adaln_rows_kernel
17653694,16768,17,1,1,132,384,1,1,168,0.000,0.231,,,,,NVIDIA H100 80GB HBM3 (0),1,,7,kernel_cutlass_kernel_quackgemm_actGemmActSm90_object_at__TiledMMA_ThrLayoutVMNK1281111000_PermutationMNK____MMAAtom_ThrID1281_ShapeMNK6419216_TVLayoutA12864160164_TVLayoutB1281921601192__0
17667742,15424,17,240,1,1,288,1,1,94,0.000,0.100,,,,,NVIDIA H100 80GB HBM3 (0),1,,7,"void attn_kernel<(int)1>(CUtensorMap_st, CUtensorMap_st, CUtensorMap_st, __nv_bfloat16 *, int, int, int, int, int, float *)"
17682590,6400,17,1,2,60,384,1,1,168,0.000,0.230,,,,,NVIDIA H100 80GB HBM3 (0),1,,7,kernel_cutlass_kernel_quackgemm_actGemmActSm90_object_at__TiledMMA_ThrLayoutVMNK1281111000_PermutationMNK____MMAAtom_ThrID1281_ShapeMNK6419216_TVLayoutA12864160164_TVLayoutB1281921601192__0
17687422,8512,17,1920,1,1,128,1,1,32,0.000,0.004,,,,,NVIDIA H100 80GB HBM3 (0),1,,7,_resgate_adaln_rows_kernel
17696062,17856,17,1,4,30,384,1,1,168,0.000,0.230,,,,,NVIDIA H100 80GB HBM3 (0),1,,7,kernel_cutlass_kernel_quackgemm_actGemmGatedSm90_object_at__TiledMMA_ThrLayoutVMNK128211112800_PermutationMNK____MMAAtom_ThrID1281_ShapeMNK6419216_TVLayoutA12864160164_TVLayoutB1281921601_0
17713950,9216,17,1,2,60,384,1,1,168,0.000,0.230,,,,,NVIDIA H100 80GB HBM3 (0),1,,7,kernel_cutlass_kernel_quackgemm_actGemmActSm90_object_at__TiledMMA_ThrLayoutVMNK1281111000_PermutationMNK____MMAAtom_ThrID1281_ShapeMNK6419216_TVLayoutA12864160164_TVLayoutB1281921601192__0
17721566,7936,17,1920,1,1,128,1,1,32,0.000,0.004,,,,,NVIDIA H100 80GB HBM3 (0),1,,7,_resgate_adaln_rows_kernel
17729598,16384,17,1,1,132,384,1,1,168,0.000,0.231,,,,,NVIDIA H100 80GB HBM3 (0),1,,7,kernel_cutlass_kernel_quackgemm_actGemmActSm90_object_at__TiledMMA_ThrLayoutVMNK1281111000_PermutationMNK____MMAAtom_ThrID1281_ShapeMNK6419216_TVLayoutA12864160164_TVLayoutB1281921601192__0
17743102,16256,17,240,1,1,288,1,1,94,0.000,0.100,,,,,NVIDIA H100 80GB HBM3 (0),1,,7,"void attn_kernel<(int)1>(CUtensorMap_st, CUtensorMap_st, CUtensorMap_st, __nv_bfloat16 *, int, int, int, int, int, float *)"
17758750,6432,17,1,2,60,384,1,1,168,0.000,0.230,,,,,NVIDIA H100 80GB HBM3 (0),1,,7,kernel_cutlass_kernel_quackgemm_actGemmActSm90_object_at__TiledMMA_ThrLayoutVMNK1281111000_PermutationMNK____MMAAtom_ThrID1281_ShapeMNK6419216_TVLayoutA12864160164_TVLayoutB1281921601192__0
17763774,8320,17,1920,1,1,128,1,1,32,0.000,0.004,,,,,NVIDIA H100 80GB HBM3 (0),1,,7,_resgate_adaln_rows_kernel
17772222,17632,17,1,4,30,384,1,1,168,0.000,0.230,,,,,NVIDIA H100 80GB HBM3 (0),1,,7,kernel_cutlass_kernel_quackgemm_actGemmGatedSm90_object_at__TiledMMA_ThrLayoutVMNK128211112800_PermutationMNK____MMAAtom_ThrID1281_ShapeMNK6419216_TVLayoutA12864160164_TVLayoutB1281921601_0
17789982,9120,17,1,2,60,384,1,1,168,0.000,0.230,,,,,NVIDIA H100 80GB HBM3 (0),1,,7,kernel_cutlass_kernel_quackgemm_actGemmActSm90_object_at__TiledMMA_ThrLayoutVMNK1281111000_PermutationMNK____MMAAtom_ThrID1281_ShapeMNK6419216_TVLayoutA12864160164_TVLayoutB1281921601192__0
17797598,8032,17,1920,1,1,128,1,1,32,0.000,0.004,,,,,NVIDIA H100 80GB HBM3 (0),1,,7,_resgate_adaln_rows_kernel
17805726,16512,17,1,1,132,384,1,1,168,0.000,0.231,,,,,NVIDIA H100 80GB HBM3 (0),1,,7,kernel_cutlass_kernel_quackgemm_actGemmActSm90_object_at__TiledMMA_ThrLayoutVMNK1281111000_PermutationMNK____MMAAtom_ThrID1281_ShapeMNK6419216_TVLayoutA12864160164_TVLayoutB1281921601192__0
17819166,16320,17,240,1,1,288,1,1,94,0.000,0.100,,,,,NVIDIA H100 80GB HBM3 (0),1,,7,"void attn_kernel<(int)1>(CUtensorMap_st, CUtensorMap_st, CUtensorMap_st, __nv_bfloat16 *, int, int, int, int, int, float *)"
17834942,6432,17,1,2,60,384,1,1,168,0.000,0.230,,,,,NVIDIA H100 80GB HBM3 (0),1,,7,kernel_cutlass_kernel_quackgemm_actGemmActSm90_object_at__TiledMMA_ThrLayoutVMNK1281111000_PermutationMNK____MMAAtom_ThrID1281_ShapeMNK6419216_TVLayoutA12864160164_TVLayoutB1281921601192__0
17839742,8608,17,1920,1,1,128,1,1,32,0.000,0.004,,,,,NVIDIA H100 80GB HBM3 (0),1,,7,_resgate_adaln_rows_kernel
17848446,17472,17,1,4,30,384,1,1,168,0.000,0.230,,,,,NVIDIA H100 80GB HBM3 (0),1,,7,kernel_cutlass_kernel_quackgemm_actGemmGatedSm90_object_at__TiledMMA_ThrLayoutVMNK128211112800_PermutationMNK____MMAAtom_ThrID1281_ShapeMNK6419216_TVLayoutA12864160164_TVLayoutB1281921601_0
17865950,9216,17,1,2,60,384,1,1,168,0.000,0.230,,,,,NVIDIA H100 80GB HBM3 (0),1,,7,kernel_cutlass_kernel_quackgemm_actGemmActSm90_object_at__TiledMMA_ThrLayoutVMNK1281111000_PermutationMNK____MMAAtom_ThrID1281_ShapeMNK6419216_TVLayoutA12864160164_TVLayoutB1281921601192__0
17873982,5120,17,960,1,1,256,1,1,32,0.000,0.008,,,,,NVIDIA H100 80GB HBM3 (0),1,,7,_resgate_adaln_rows_kernel
17879518,2816,17,1440,1,1,128,1,1,32,0.000,0.000,,,,,NVIDIA H100 80GB HBM3 (0),1,,7,"void at::native::vectorized_elementwise_kernel<(int)8, at::native::bfloat16_copy_kernel_cuda(at::TensorIteratorBase &)::[lambda(float) (instance 1)], std::array<char *, (unsigned long)2>>(int, T2, T3)"
17886654,4000,27,288,1,1,128,1,1,32,0.000,0.000,,,,,NVIDIA H100 80GB HBM3 (0),1,,7,"void at::native::unrolled_elementwise_kernel<at::native::direct_copy_kernel_cuda(at::TensorIteratorBase &)::[lambda() (instance 3)]::operator ()() const::[lambda() (instance 7)]::operator ()() const::[lambda(float) (instance 1)], std::array<char *, (unsigned long)2>, (int)4, TrivialOffsetCalculator<(int)1, unsigned int>, TrivialOffsetCalculator<(int)1, unsigned int>, at::native::memory::LoadWithCast<(int)1>, at::native::memory::StoreWithCast<(int)1>>(int, T1, T2, T4, T5, T6, T7)"
17891038,3232,27,384,1,1,32,4,1,39,0.000,0.000,,,,,NVIDIA H100 80GB HBM3 (0),1,,7,"void at::native::<unnamed>::vectorized_layer_norm_kernel<float, float, (bool)0>(int, T2, const T1 *, const T1 *, const T1 *, T2 *, T2 *, T1 *)"
17894846,1568,27,144,1,1,128,1,1,32,0.000,0.000,,,,,NVIDIA H100 80GB HBM3 (0),1,,7,"void at::native::vectorized_elementwise_kernel<(int)8, at::native::bfloat16_copy_kernel_cuda(at::TensorIteratorBase &)::[lambda(float) (instance 1)], std::array<char *, (unsigned long)2>>(int, T2, T3)"
17896542,47073,27,1,1,132,384,1,1,168,0.000,0.231,,,,,NVIDIA H100 80GB HBM3 (0),1,,7,kernel_cutlass_kernel_quackgemm_actGemmActSm90_object_at__TiledMMA_ThrLayoutVMNK1281111000_PermutationMNK____MMAAtom_ThrID1281_ShapeMNK6419216_TVLayoutA12864160164_TVLayoutB1281921601192__0
17942719,27584,27,1,4,30,384,1,1,168,0.000,0.231,,,,,NVIDIA H100 80GB HBM3 (0),1,,7,kernel_cutlass_kernel_quackgemm_actGemmActSm90_object_at__TiledMMA_ThrLayoutVMNK1281111000_PermutationMNK____MMAAtom_ThrID1281_ShapeMNK6419216_TVLayoutA12864160164_TVLayoutB1281921601192__0
17970367,7392,27,2880,1,1,128,1,1,32,0.000,0.000,,,,,NVIDIA H100 80GB HBM3 (0),1,,7,"void at::native::unrolled_elementwise_kernel<at::native::direct_copy_kernel_cuda(at::TensorIteratorBase &)::[lambda() (instance 3)]::operator ()() const::[lambda() (instance 7)]::operator ()() const::[lambda(float) (instance 1)], std::array<char *, (unsigned long)2>, (int)4, TrivialOffsetCalculator<(int)1, unsigned int>, TrivialOffsetCalculator<(int)1, unsigned int>, at::native::memory::LoadWithCast<(int)1>, at::native::memory::StoreWithCast<(int)1>>(int, T1, T2, T4, T5, T6, T7)"
17978399,4544,27,1920,1,1,128,1,1,32,0.000,0.000,,,,,NVIDIA H100 80GB HBM3 (0),1,,7,_adaln_rows_kernel
17983103,16512,27,1,1,132,384,1,1,168,0.000,0.231,,,,,NVIDIA H100 80GB HBM3 (0),1,,7,kernel_cutlass_kernel_quackgemm_actGemmActSm90_object_at__TiledMMA_ThrLayoutVMNK1281111000_PermutationMNK____MMAAtom_ThrID1281_ShapeMNK6419216_TVLayoutA12864160164_TVLayoutB1281921601192__0
17996639,15552,27,240,1,1,288,1,1,94,0.000,0.100,,,,,NVIDIA H100 80GB HBM3 (0),1,,7,"void attn_kernel<(int)1>(CUtensorMap_st, CUtensorMap_st, CUtensorMap_st, __nv_bfloat16 *, int, int, int, int, int, float *)"
18011679,6496,27,1,2,60,384,1,1,168,0.000,0.230,,,,,NVIDIA H100 80GB HBM3 (0),1,,7,kernel_cutlass_kernel_quackgemm_actGemmActSm90_object_at__TiledMMA_ThrLayoutVMNK1281111000_PermutationMNK____MMAAtom_ThrID1281_ShapeMNK6419216_TVLayoutA12864160164_TVLayoutB1281921601192__0
18016735,8256,27,1920,1,1,128,1,1,32,0.000,0.004,,,,,NVIDIA H100 80GB HBM3 (0),1,,7,_resgate_adaln_rows_kernel
18025151,17696,27,1,4,30,384,1,1,168,0.000,0.230,,,,,NVIDIA H100 80GB HBM3 (0),1,,7,kernel_cutlass_kernel_quackgemm_actGemmGatedSm90_object_at__TiledMMA_ThrLayoutVMNK128211112800_PermutationMNK____MMAAtom_ThrID1281_ShapeMNK6419216_TVLayoutA12864160164_TVLayoutB1281921601_0
18043135,9728,27,1,2,60,384,1,1,168,0.000,0.230,,,,,NVIDIA H100 80GB HBM3 (0),1,,7,kernel_cutlass_kernel_quackgemm_actGemmActSm90_object_at__TiledMMA_ThrLayoutVMNK1281111000_PermutationMNK____MMAAtom_ThrID1281_ShapeMNK6419216_TVLayoutA12864160164_TVLayoutB1281921601192__0
18051103,8128,27,1920,1,1,128,1,1,32,0.000,0.004,,,,,NVIDIA H100 80GB HBM3 (0),1,,7,_resgate_adaln_rows_kernel
18059359,16768,27,1,1,132,384,1,1,168,0.000,0.231,,,,,NVIDIA H100 80GB HBM3 (0),1,,7,kernel_cutlass_kernel_quackgemm_actGemmActSm90_object_at__TiledMMA_ThrLayoutVMNK1281111000_PermutationMNK____MMAAtom_ThrID1281_ShapeMNK6419216_TVLayoutA12864160164_TVLayoutB1281921601192__0
18073151,16064,27,240,1,1,288,1,1,94,0.000,0.100,,,,,NVIDIA H100 80GB HBM3 (0),1,,7,"void attn_kernel<(int)1>(CUtensorMap_st, CUtensorMap_st, CUtensorMap_st, __nv_bfloat16 *, int, int, int, int, int, float *)"
18088351,7008,27,1,2,60,384,1,1,168,0.000,0.230,,,,,NVIDIA H100 80GB HBM3 (0),1,,7,kernel_cutlass_kernel_quackgemm_actGemmActSm90_object_at__TiledMMA_ThrLayoutVMNK1281111000_PermutationMNK____MMAAtom_ThrID1281_ShapeMNK6419216_TVLayoutA12864160164_TVLayoutB1281921601192__0
18094015,8544,27,1920,1,1,128,1,1,32,0.000,0.004,,,,,NVIDIA H100 80GB HBM3 (0),1,,7,_resgate_adaln_rows_kernel
18102687,17600,27,1,4,30,384,1,1,168,0.000,0.230,,,,,NVIDIA H100 80GB HBM3 (0),1,,7,kernel_cutlass_kernel_quackgemm_actGemmGatedSm90_object_at__TiledMMA_ThrLayoutVMNK128211112800_PermutationMNK____MMAAtom_ThrID1281_ShapeMNK6419216_TVLayoutA12864160164_TVLayoutB1281921601_0
18120415,9216,27,1,2,60,384,1,1,168,0.000,0.230,,,,,NVIDIA H100 80GB HBM3 (0),1,,7,kernel_cutlass_kernel_quackgemm_actGemmActSm90_object_at__TiledMMA_ThrLayoutVMNK1281111000_PermutationMNK____MMAAtom_ThrID1281_ShapeMNK6419216_TVLayoutA12864160164_TVLayoutB1281921601192__0
18128255,7808,27,1920,1,1,128,1,1,32,0.000,0.004,,,,,NVIDIA H100 80GB HBM3 (0),1,,7,_resgate_adaln_rows_kernel
18136159,16384,27,1,1,132,384,1,1,168,0.000,0.231,,,,,NVIDIA H100 80GB HBM3 (0),1,,7,kernel_cutlass_kernel_quackgemm_actGemmActSm90_object_at__TiledMMA_ThrLayoutVMNK1281111000_PermutationMNK____MMAAtom_ThrID1281_ShapeMNK6419216_TVLayoutA12864160164_TVLayoutB1281921601192__0
18150047,15360,27,240,1,1,288,1,1,94,0.000,0.100,,,,,NVIDIA H100 80GB HBM3 (0),1,,7,"void attn_kernel<(int)1>(CUtensorMap_st, CUtensorMap_st, CUtensorMap_st, __nv_bfloat16 *, int, int, int, int, int, float *)"
18164703,6336,27,1,2,60,384,1,1,168,0.000,0.230,,,,,NVIDIA H100 80GB HBM3 (0),1,,7,kernel_cutlass_kernel_quackgemm_actGemmActSm90_object_at__TiledMMA_ThrLayoutVMNK1281111000_PermutationMNK____MMAAtom_ThrID1281_ShapeMNK6419216_TVLayoutA12864160164_TVLayoutB1281921601192__0
18169503,8576,27,1920,1,1,128,1,1,32,0.000,0.004,,,,,NVIDIA H100 80GB HBM3 (0),1,,7,_resgate_adaln_rows_kernel
18178239,17632,27,1,4,30,384,1,1,168,0.000,0.230,,,,,NVIDIA H100 80GB HBM3 (0),1,,7,kernel_cutlass_kernel_quackgemm_actGemmGatedSm90_object_at__TiledMMA_ThrLayoutVMNK128211112800_PermutationMNK____MMAAtom_ThrID1281_ShapeMNK6419216_TVLayoutA12864160164_TVLayoutB1281921601_0
18195935,9280,27,1,2,60,384,1,1,168,0.000,0.230,,,,,NVIDIA H100 80GB HBM3 (0),1,,7,kernel_cutlass_kernel_quackgemm_actGemmActSm90_object_at__TiledMMA_ThrLayoutVMNK1281111000_PermutationMNK____MMAAtom_ThrID1281_ShapeMNK6419216_TVLayoutA12864160164_TVLayoutB1281921601192__0
18203551,7967,27,1920,1,1,128,1,1,32,0.000,0.004,,,,,NVIDIA H100 80GB HBM3 (0),1,,7,_resgate_adaln_rows_kernel
18211519,16704,27,1,1,132,384,1,1,168,0.000,0.231,,,,,NVIDIA H100 80GB HBM3 (0),1,,7,kernel_cutlass_kernel_quackgemm_actGemmActSm90_object_at__TiledMMA_ThrLayoutVMNK1281111000_PermutationMNK____MMAAtom_ThrID1281_ShapeMNK6419216_TVLayoutA12864160164_TVLayoutB1281921601192__0
18225535,15584,27,240,1,1,288,1,1,94,0.000,0.100,,,,,NVIDIA H100 80GB HBM3 (0),1,,7,"void attn_kernel<(int)1>(CUtensorMap_st, CUtensorMap_st, CUtensorMap_st, __nv_bfloat16 *, int, int, int, int, int, float *)"
18240703,6976,27,1,2,60,384,1,1,168,0.000,0.230,,,,,NVIDIA H100 80GB HBM3 (0),1,,7,kernel_cutlass_kernel_quackgemm_actGemmActSm90_object_at__TiledMMA_ThrLayoutVMNK1281111000_PermutationMNK____MMAAtom_ThrID1281_ShapeMNK6419216_TVLayoutA12864160164_TVLayoutB1281921601192__0
18246367,8896,27,1920,1,1,128,1,1,32,0.000,0.004,,,,,NVIDIA H100 80GB HBM3 (0),1,,7,_resgate_adaln_rows_kernel
18255359,17600,27,1,4,30,384,1,1,168,0.000,0.230,,,,,NVIDIA H100 80GB HBM3 (0),1,,7,kernel_cutlass_kernel_quackgemm_actGemmGatedSm90_object_at__TiledMMA_ThrLayoutVMNK128211112800_PermutationMNK____MMAAtom_ThrID1281_ShapeMNK6419216_TVLayoutA12864160164_TVLayoutB1281921601_0
18273055,9312,27,1,2,60,384,1,1,168,0.000,0.230,,,,,NVIDIA H100 80GB HBM3 (0),1,,7,kernel_cutlass_kernel_quackgemm_actGemmActSm90_object_at__TiledMMA_ThrLayoutVMNK1281111000_PermutationMNK____MMAAtom_ThrID1281_ShapeMNK6419216_TVLayoutA12864160164_TVLayoutB1281921601192__0
18280735,8255,27,1920,1,1,128,1,1,32,0.000,0.004,,,,,NVIDIA H100 80GB HBM3 (0),1,,7,_resgate_adaln_rows_kernel
18288991,16096,27,1,1,132,384,1,1,168,0.000,0.231,,,,,NVIDIA H100 80GB HBM3 (0),1,,7,kernel_cutlass_kernel_quackgemm_actGemmActSm90_object_at__TiledMMA_ThrLayoutVMNK1281111000_PermutationMNK____MMAAtom_ThrID1281_ShapeMNK6419216_TVLayoutA12864160164_TVLayoutB1281921601192__0
18302527,15744,27,240,1,1,288,1,1,94,0.000,0.100,,,,,NVIDIA H100 80GB HBM3 (0),1,,7,"void attn_kernel<(int)1>(CUtensorMap_st, CUtensorMap_st, CUtensorMap_st, __nv_bfloat16 *, int, int, int, int, int, float *)"
18317439,6688,27,1,2,60,384,1,1,168,0.000,0.230,,,,,NVIDIA H100 80GB HBM3 (0),1,,7,kernel_cutlass_kernel_quackgemm_actGemmActSm90_object_at__TiledMMA_ThrLayoutVMNK1281111000_PermutationMNK____MMAAtom_ThrID1281_ShapeMNK6419216_TVLayoutA12864160164_TVLayoutB1281921601192__0
18322751,8256,27,1920,1,1,128,1,1,32,0.000,0.004,,,,,NVIDIA H100 80GB HBM3 (0),1,,7,_resgate_adaln_rows_kernel
18331167,17825,27,1,4,30,384,1,1,168,0.000,0.230,,,,,NVIDIA H100 80GB HBM3 (0),1,,7,kernel_cutlass_kernel_quackgemm_actGemmGatedSm90_object_at__TiledMMA_ThrLayoutVMNK128211112800_PermutationMNK____MMAAtom_ThrID1281_ShapeMNK6419216_TVLayoutA12864160164_TVLayoutB1281921601_0
18348960,9248,27,1,2,60,384,1,1,168,0.000,0.230,,,,,NVIDIA H100 80GB HBM3 (0),1,,7,kernel_cutlass_kernel_quackgemm_actGemmActSm90_object_at__TiledMMA_ThrLayoutVMNK1281111000_PermutationMNK____MMAAtom_ThrID1281_ShapeMNK6419216_TVLayoutA12864160164_TVLayoutB1281921601192__0
18356736,7968,27,1920,1,1,128,1,1,32,0.000,0.004,,,,,NVIDIA H100 80GB HBM3 (0),1,,7,_resgate_adaln_rows_kernel
18364800,16768,27,1,1,132,384,1,1,168,0.000,0.231,,,,,NVIDIA H100 80GB HBM3 (0),1,,7,kernel_cutlass_kernel_quackgemm_actGemmActSm90_object_at__TiledMMA_ThrLayoutVMNK1281111000_PermutationMNK____MMAAtom_ThrID1281_ShapeMNK6419216_TVLayoutA12864160164_TVLayoutB1281921601192__0
18378816,15584,27,240,1,1,288,1,1,94,0.000,0.100,,,,,NVIDIA H100 80GB HBM3 (0),1,,7,"void attn_kernel<(int)1>(CUtensorMap_st, CUtensorMap_st, CUtensorMap_st, __nv_bfloat16 *, int, int, int, int, int, float *)"
18393920,7168,27,1,2,60,384,1,1,168,0.000,0.230,,,,,NVIDIA H100 80GB HBM3 (0),1,,7,kernel_cutlass_kernel_quackgemm_actGemmActSm90_object_at__TiledMMA_ThrLayoutVMNK1281111000_PermutationMNK____MMAAtom_ThrID1281_ShapeMNK6419216_TVLayoutA12864160164_TVLayoutB1281921601192__0
18399808,8992,27,1920,1,1,128,1,1,32,0.000,0.004,,,,,NVIDIA H100 80GB HBM3 (0),1,,7,_resgate_adaln_rows_kernel
18409056,17536,27,1,4,30,384,1,1,168,0.000,0.230,,,,,NVIDIA H100 80GB HBM3 (0),1,,7,kernel_cutlass_kernel_quackgemm_actGemmGatedSm90_object_at__TiledMMA_ThrLayoutVMNK128211112800_PermutationMNK____MMAAtom_ThrID1281_ShapeMNK6419216_TVLayoutA12864160164_TVLayoutB1281921601_0
18426688,9248,27,1,2,60,384,1,1,168,0.000,0.230,,,,,NVIDIA H100 80GB HBM3 (0),1,,7,kernel_cutlass_kernel_quackgemm_actGemmActSm90_object_at__TiledMMA_ThrLayoutVMNK1281111000_PermutationMNK____MMAAtom_ThrID1281_ShapeMNK6419216_TVLayoutA12864160164_TVLayoutB1281921601192__0
18434368,7776,27,1920,1,1,128,1,1,32,0.000,0.004,,,,,NVIDIA H100 80GB HBM3 (0),1,,7,_resgate_adaln_rows_kernel
18442176,17024,27,1,1,132,384,1,1,168,0.000,0.231,,,,,NVIDIA H100 80GB HBM3 (0),1,,7,kernel_cutlass_kernel_quackgemm_actGemmActSm90_object_at__TiledMMA_ThrLayoutVMNK1281111000_PermutationMNK____MMAAtom_ThrID1281_ShapeMNK6419216_TVLayoutA12864160164_TVLayoutB1281921601192__0
18456640,15488,27,240,1,1,288,1,1,94,0.000,0.100,,,,,NVIDIA H100 80GB HBM3 (0),1,,7,"void attn_kernel<(int)1>(CUtensorMap_st, CUtensorMap_st, CUtensorMap_st, __nv_bfloat16 *, int, int, int, int, int, float *)"
18471584,6368,27,1,2,60,384,1,1,168,0.000,0.230,,,,,NVIDIA H100 80GB HBM3 (0),1,,7,kernel_cutlass_kernel_quackgemm_actGemmActSm90_object_at__TiledMMA_ThrLayoutVMNK1281111000_PermutationMNK____MMAAtom_ThrID1281_ShapeMNK6419216_TVLayoutA12864160164_TVLayoutB1281921601192__0
18476384,8543,27,1920,1,1,128,1,1,32,0.000,0.004,,,,,NVIDIA H100 80GB HBM3 (0),1,,7,_resgate_adaln_rows_kernel
18484928,17504,27,1,4,30,384,1,1,168,0.000,0.230,,,,,NVIDIA H100 80GB HBM3 (0),1,,7,kernel_cutlass_kernel_quackgemm_actGemmGatedSm90_object_at__TiledMMA_ThrLayoutVMNK128211112800_PermutationMNK____MMAAtom_ThrID1281_ShapeMNK6419216_TVLayoutA12864160164_TVLayoutB1281921601_0
18502368,9280,27,1,2,60,384,1,1,168,0.000,0.230,,,,,NVIDIA H100 80GB HBM3 (0),1,,7,kernel_cutlass_kernel_quackgemm_actGemmActSm90_object_at__TiledMMA_ThrLayoutVMNK1281111000_PermutationMNK____MMAAtom_ThrID1281_ShapeMNK6419216_TVLayoutA12864160164_TVLayoutB1281921601192__0
18510144,8128,27,1920,1,1,128,1,1,32,0.000,0.004,,,,,NVIDIA H100 80GB HBM3 (0),1,,7,_resgate_adaln_rows_kernel
18518368,16416,27,1,1,132,384,1,1,168,0.000,0.231,,,,,NVIDIA H100 80GB HBM3 (0),1,,7,kernel_cutlass_kernel_quackgemm_actGemmActSm90_object_at__TiledMMA_ThrLayoutVMNK1281111000_PermutationMNK____MMAAtom_ThrID1281_ShapeMNK6419216_TVLayoutA12864160164_TVLayoutB1281921601192__0
18532416,15264,27,240,1,1,288,1,1,94,0.000,0.100,,,,,NVIDIA H100 80GB HBM3 (0),1,,7,"void attn_kernel<(int)1>(CUtensorMap_st, CUtensorMap_st, CUtensorMap_st, __nv_bfloat16 *, int, int, int, int, int, float *)"
18547168,6560,27,1,2,60,384,1,1,168,0.000,0.230,,,,,NVIDIA H100 80GB HBM3 (0),1,,7,kernel_cutlass_kernel_quackgemm_actGemmActSm90_object_at__TiledMMA_ThrLayoutVMNK1281111000_PermutationMNK____MMAAtom_ThrID1281_ShapeMNK6419216_TVLayoutA12864160164_TVLayoutB1281921601192__0
18552064,8288,27,1920,1,1,128,1,1,32,0.000,0.004,,,,,NVIDIA H100 80GB HBM3 (0),1,,7,_resgate_adaln_rows_kernel
18560512,17504,27,1,4,30,384,1,1,168,0.000,0.230,,,,,NVIDIA H100 80GB HBM3 (0),1,,7,kernel_cutlass_kernel_quackgemm_actGemmGatedSm90_object_at__TiledMMA_ThrLayoutVMNK128211112800_PermutationMNK____MMAAtom_ThrID1281_ShapeMNK6419216_TVLayoutA12864160164_TVLayoutB1281921601_0
18577984,9248,27,1,2,60,384,1,1,168,0.000,0.230,,,,,NVIDIA H100 80GB HBM3 (0),1,,7,kernel_cutlass_kernel_quackgemm_actGemmActSm90_object_at__TiledMMA_ThrLayoutVMNK1281111000_PermutationMNK____MMAAtom_ThrID1281_ShapeMNK6419216_TVLayoutA12864160164_TVLayoutB1281921601192__0
18585600,8224,27,1920,1,1,128,1,1,32,0.000,0.004,,,,,NVIDIA H100 80GB HBM3 (0),1,,7,_resgate_adaln_rows_kernel
18594112,16768,27,1,1,132,384,1,1,168,0.000,0.231,,,,,NVIDIA H100 80GB HBM3 (0),1,,7,kernel_cutlass_kernel_quackgemm_actGemmActSm90_object_at__TiledMMA_ThrLayoutVMNK1281111000_PermutationMNK____MMAAtom_ThrID1281_ShapeMNK6419216_TVLayoutA12864160164_TVLayoutB1281921601192__0
18608224,16320,27,240,1,1,288,1,1,94,0.000,0.100,,,,,NVIDIA H100 80GB HBM3 (0),1,,7,"void attn_kernel<(int)1>(CUtensorMap_st, CUtensorMap_st, CUtensorMap_st, __nv_bfloat16 *, int, int, int, int, int, float *)"
18624032,6432,27,1,2,60,384,1,1,168,0.000,0.230,,,,,NVIDIA H100 80GB HBM3 (0),1,,7,kernel_cutlass_kernel_quackgemm_actGemmActSm90_object_at__TiledMMA_ThrLayoutVMNK1281111000_PermutationMNK____MMAAtom_ThrID1281_ShapeMNK6419216_TVLayoutA12864160164_TVLayoutB1281921601192__0
18628992,8447,27,1920,1,1,128,1,1,32,0.000,0.004,,,,,NVIDIA H100 80GB HBM3 (0),1,,7,_resgate_adaln_rows_kernel
18637440,17535,27,1,4,30,384,1,1,168,0.000,0.230,,,,,NVIDIA H100 80GB HBM3 (0),1,,7,kernel_cutlass_kernel_quackgemm_actGemmGatedSm90_object_at__TiledMMA_ThrLayoutVMNK128211112800_PermutationMNK____MMAAtom_ThrID1281_ShapeMNK6419216_TVLayoutA12864160164_TVLayoutB1281921601_0
18654976,9152,27,1,2,60,384,1,1,168,0.000,0.230,,,,,NVIDIA H100 80GB HBM3 (0),1,,7,kernel_cutlass_kernel_quackgemm_actGemmActSm90_object_at__TiledMMA_ThrLayoutVMNK1281111000_PermutationMNK____MMAAtom_ThrID1281_ShapeMNK6419216_TVLayoutA12864160164_TVLayoutB1281921601192__0
18662592,7936,27,1920,1,1,128,1,1,32,0.000,0.004,,,,,NVIDIA H100 80GB HBM3 (0),1,,7,_resgate_adaln_rows_kernel
18670688,17088,27,1,1,132,384,1,1,168,0.000,0.231,,,,,NVIDIA H100 80GB HBM3 (0),1,,7,kernel_cutlass_kernel_quackgemm_actGemmActSm90_object_at__TiledMMA_ThrLayoutVMNK1281111000_PermutationMNK____MMAAtom_ThrID1281_ShapeMNK6419216_TVLayoutA12864160164_TVLayoutB1281921601192__0
18684896,16064,27,240,1,1,288,1,1,94,0.000,0.100,,,,,NVIDIA H100 80GB HBM3 (0),1,,7,"void attn_kernel<(int)1>(CUtensorMap_st, CUtensorMap_st, CUtensorMap_st, __nv_bfloat16 *, int, int, int, int, int, float *)"
18700480,6560,27,1,2,60,384,1,1,168,0.000,0.230,,,,,NVIDIA H100 80GB HBM3 (0),1,,7,kernel_cutlass_kernel_quackgemm_actGemmActSm90_object_at__TiledMMA_ThrLayoutVMNK1281111000_PermutationMNK____MMAAtom_ThrID1281_ShapeMNK6419216_TVLayoutA12864160164_TVLayoutB1281921601192__0
18705440,8448,27,1920,1,1,128,1,1,32,0.000,0.004,,,,,NVIDIA H100 80GB HBM3 (0),1,,7,_resgate_adaln_rows_kernel
18713984,17600,27,1,4,30,384,1,1,168,0.000,0.230,,,,,NVIDIA H100 80GB HBM3 (0),1,,7,kernel_cutlass_kernel_quackgemm_actGemmGatedSm90_object_at__TiledMMA_ThrLayoutVMNK128211112800_PermutationMNK____MMAAtom_ThrID1281_ShapeMNK6419216_TVLayoutA12864160164_TVLayoutB1281921601_0
18731616,9216,27,1,2,60,384,1,1,168,0.000,0.230,,,,,NVIDIA H100 80GB HBM3 (0),1,,7,kernel_cutlass_kernel_quackgemm_actGemmActSm90_object_at__TiledMMA_ThrLayoutVMNK1281111000_PermutationMNK____MMAAtom_ThrID1281_ShapeMNK6419216_TVLayoutA12864160164_TVLayoutB1281921601192__0
18739424,7840,27,1920,1,1,128,1,1,32,0.000,0.004,,,,,NVIDIA H100 80GB HBM3 (0),1,,7,_resgate_adaln_rows_kernel
18747424,16128,27,1,1,132,384,1,1,168,0.000,0.231,,,,,NVIDIA H100 80GB HBM3 (0),1,,7,kernel_cutlass_kernel_quackgemm_actGemmActSm90_object_at__TiledMMA_ThrLayoutVMNK1281111000_PermutationMNK____MMAAtom_ThrID1281_ShapeMNK6419216_TVLayoutA12864160164_TVLayoutB1281921601192__0
18760864,16257,27,240,1,1,288,1,1,94,0.000,0.100,,,,,NVIDIA H100 80GB HBM3 (0),1,,7,"void attn_kernel<(int)1>(CUtensorMap_st, CUtensorMap_st, CUtensorMap_st, __nv_bfloat16 *, int, int, int, int, int, float *)"
18776673,6560,27,1,2,60,384,1,1,168,0.000,0.230,,,,,NVIDIA H100 80GB HBM3 (0),1,,7,kernel_cutlass_kernel_quackgemm_actGemmActSm90_object_at__TiledMMA_ThrLayoutVMNK1281111000_PermutationMNK____MMAAtom_ThrID1281_ShapeMNK6419216_TVLayoutA12864160164_TVLayoutB1281921601192__0
18781793,8480,27,1920,1,1,128,1,1,32,0.000,0.004,,,,,NVIDIA H100 80GB HBM3 (0),1,,7,_resgate_adaln_rows_kernel
18790401,17664,27,1,4,30,384,1,1,168,0.000,0.230,,,,,NVIDIA H100 80GB HBM3 (0),1,,7,kernel_cutlass_kernel_quackgemm_actGemmGatedSm90_object_at__TiledMMA_ThrLayoutVMNK128211112800_PermutationMNK____MMAAtom_ThrID1281_ShapeMNK6419216_TVLayoutA12864160164_TVLayoutB1281921601_0
18808161,9248,27,1,2,60,384,1,1,168,0.000,0.230,,,,,NVIDIA H100 80GB HBM3 (0),1,,7,kernel_cutlass_kernel_quackgemm_actGemmActSm90_object_at__TiledMMA_ThrLayoutVMNK1281111000_PermutationMNK____MMAAtom_ThrID1281_ShapeMNK6419216_TVLayoutA12864160164_TVLayoutB1281921601192__0
18815809,7903,27,1920,1,1,128,1,1,32,0.000,0.004,,,,,NVIDIA H100 80GB HBM3 (0),1,,7,_resgate_adaln_rows_kernel
18823713,16736,27,1,1,132,384,1,1,168,0.000,0.231,,,,,NVIDIA H100 80GB HBM3 (0),1,,7,kernel_cutlass_kernel_quackgemm_actGemmActSm90_object_at__TiledMMA_ThrLayoutVMNK1281111000_PermutationMNK____MMAAtom_ThrID1281_ShapeMNK6419216_TVLayoutA12864160164_TVLayoutB1281921601192__0
18837601,15680,27,240,1,1,288,1,1,94,0.000,0.100,,,,,NVIDIA H100 80GB HBM3 (0),1,,7,"void attn_kernel<(int)1>(CUtensorMap_st, CUtensorMap_st, CUtensorMap_st, __nv_bfloat16 *, int, int, int, int, int, float *)"
18852737,6400,27,1,2,60,384,1,1,168,0.000,0.230,,,,,NVIDIA H100 80GB HBM3 (0),1,,7,kernel_cutlass_kernel_quackgemm_actGemmActSm90_object_at__TiledMMA_ThrLayoutVMNK1281111000_PermutationMNK____MMAAtom_ThrID1281_ShapeMNK6419216_TVLayoutA12864160164_TVLayoutB1281921601192__0
18857633,8544,27,1920,1,1,128,1,1,32,0.000,0.004,,,,,NVIDIA H100 80GB HBM3 (0),1,,7,_resgate_adaln_rows_kernel
18866273,17728,27,1,4,30,384,1,1,168,0.000,0.230,,,,,NVIDIA H100 80GB HBM3 (0),1,,7,kernel_cutlass_kernel_quackgemm_actGemmGatedSm90_object_at__TiledMMA_ThrLayoutVMNK128211112800_PermutationMNK____MMAAtom_ThrID1281_ShapeMNK6419216_TVLayoutA12864160164_TVLayoutB1281921601_0
18884065,9312,27,1,2,60,384,1,1,168,0.000,0.230,,,,,NVIDIA H100 80GB HBM3 (0),1,,7,kernel_cutlass_kernel_quackgemm_actGemmActSm90_object_at__TiledMMA_ThrLayoutVMNK1281111000_PermutationMNK____MMAAtom_ThrID1281_ShapeMNK6419216_TVLayoutA12864160164_TVLayoutB1281921601192__0
18891809,7904,27,1920,1,1,128,1,1,32,0.000,0.004,,,,,NVIDIA H100 80GB HBM3 (0),1,,7,_resgate_adaln_rows_kernel
18899873,16352,27,1,1,132,384,1,1,168,0.000,0.231,,,,,NVIDIA H100 80GB HBM3 (0),1,,7,kernel_cutlass_kernel_quackgemm_actGemmActSm90_object_at__TiledMMA_ThrLayoutVMNK1281111000_PermutationMNK____MMAAtom_ThrID1281_ShapeMNK6419216_TVLayoutA12864160164_TVLayoutB1281921601192__0
18913505,15904,27,240,1,1,288,1,1,94,0.000,0.100,,,,,NVIDIA H100 80GB HBM3 (0),1,,7,"void attn_kernel<(int)1>(CUtensorMap_st, CUtensorMap_st, CUtensorMap_st, __nv_bfloat16 *, int, int, int, int, int, float *)"
18928705,6464,27,1,2,60,384,1,1,168,0.000,0.230,,,,,NVIDIA H100 80GB HBM3 (0),1,,7,kernel_cutlass_kernel_quackgemm_actGemmActSm90_object_at__TiledMMA_ThrLayoutVMNK1281111000_PermutationMNK____MMAAtom_ThrID1281_ShapeMNK6419216_TVLayoutA12864160164_TVLayoutB1281921601192__0
18933697,8512,27,1920,1,1,128,1,1,32,0.000,0.004,,,,,NVIDIA H100 80GB HBM3 (0),1,,7,_resgate_adaln_rows_kernel
18942177,17696,27,1,4,30,384,1,1,168,0.000,0.230,,,,,NVIDIA H100 80GB HBM3 (0),1,,7,kernel_cutlass_kernel_quackgemm_actGemmGatedSm90_object_at__TiledMMA_ThrLayoutVMNK128211112800_PermutationMNK____MMAAtom_ThrID1281_ShapeMNK6419216_TVLayoutA12864160164_TVLayoutB1281921601_0
18959713,9248,27,1,2,60,384,1,1,168,0.000,0.230,,,,,NVIDIA H100 80GB HBM3 (0),1,,7,kernel_cutlass_kernel_quackgemm_actGemmActSm90_object_at__TiledMMA_ThrLayoutVMNK1281111000_PermutationMNK____MMAAtom_ThrID1281_ShapeMNK6419216_TVLayoutA12864160164_TVLayoutB1281921601192__0
18967425,8256,27,1920,1,1,128,1,1,32,0.000,0.004,,,,,NVIDIA H100 80GB HBM3 (0),1,,7,_resgate_adaln_rows_kernel
18975809,16640,27,1,1,132,384,1,1,168,0.000,0.231,,,,,NVIDIA H100 80GB HBM3 (0),1,,7,kernel_cutlass_kernel_quackgemm_actGemmActSm90_object_at__TiledMMA_ThrLayoutVMNK1281111000_PermutationMNK____MMAAtom_ThrID1281_ShapeMNK6419216_TVLayoutA12864160164_TVLayoutB1281921601192__0
18990177,14944,27,240,1,1,288,1,1,94,0.000,0.100,,,,,NVIDIA H100 80GB HBM3 (0),1,,7,"void attn_kernel<(int)1>(CUtensorMap_st, CUtensorMap_st, CUtensorMap_st, __nv_bfloat16 *, int, int, int, int, int, float *)"
19004641,6816,27,1,2,60,384,1,1,168,0.000,0.230,,,,,NVIDIA H100 80GB HBM3 (0),1,,7,kernel_cutlass_kernel_quackgemm_actGemmActSm90_object_at__TiledMMA_ThrLayoutVMNK1281111000_PermutationMNK____MMAAtom_ThrID1281_ShapeMNK6419216_TVLayoutA12864160164_TVLayoutB1281921601192__0
19009825,8736,27,1920,1,1,128,1,1,32,0.000,0.004,,,,,NVIDIA H100 80GB HBM3 (0),1,,7,_resgate_adaln_rows_kernel
19018657,17728,27,1,4,30,384,1,1,168,0.000,0.230,,,,,NVIDIA H100 80GB HBM3 (0),1,,7,kernel_cutlass_kernel_quackgemm_actGemmGatedSm90_object_at__TiledMMA_ThrLayoutVMNK128211112800_PermutationMNK____MMAAtom_ThrID1281_ShapeMNK6419216_TVLayoutA12864160164_TVLayoutB1281921601_0
19036289,9376,27,1,2,60,384,1,1,168,0.000,0.230,,,,,NVIDIA H100 80GB HBM3 (0),1,,7,kernel_cutlass_kernel_quackgemm_actGemmActSm90_object_at__TiledMMA_ThrLayoutVMNK1281111000_PermutationMNK____MMAAtom_ThrID1281_ShapeMNK6419216_TVLayoutA12864160164_TVLayoutB1281921601192__0
19044225,7936,27,1920,1,1,128,1,1,32,0.000,0.004,,,,,NVIDIA H100 80GB HBM3 (0),1,,7,_resgate_adaln_rows_kernel
19052289,16832,27,1,1,132,384,1,1,168,0.000,0.231,,,,,NVIDIA H100 80GB HBM3 (0),1,,7,kernel_cutlass_kernel_quackgemm_actGemmActSm90_object_at__TiledMMA_ThrLayoutVMNK1281111000_PermutationMNK____MMAAtom_ThrID1281_ShapeMNK6419216_TVLayoutA12864160164_TVLayoutB1281921601192__0
19066241,16064,27,240,1,1,288,1,1,94,0.000,0.100,,,,,NVIDIA H100 80GB HBM3 (0),1,,7,"void attn_kernel<(int)1>(CUtensorMap_st, CUtensorMap_st, CUtensorMap_st, __nv_bfloat16 *, int, int, int, int, int, float *)"
19081857,6368,27,1,2,60,384,1,1,168,0.000,0.230,,,,,NVIDIA H100 80GB HBM3 (0),1,,7,kernel_cutlass_kernel_quackgemm_actGemmActSm90_object_at__TiledMMA_ThrLayoutVMNK1281111000_PermutationMNK____MMAAtom_ThrID1281_ShapeMNK6419216_TVLayoutA12864160164_TVLayoutB1281921601192__0
19086785,8480,27,1920,1,1,128,1,1,32,0.000,0.004,,,,,NVIDIA H100 80GB HBM3 (0),1,,7,_resgate_adaln_rows_kernel
19095393,17536,27,1,4,30,384,1,1,168,0.000,0.230,,,,,NVIDIA H100 80GB HBM3 (0),1,,7,kernel_cutlass_kernel_quackgemm_actGemmGatedSm90_object_at__TiledMMA_ThrLayoutVMNK128211112800_PermutationMNK____MMAAtom_ThrID1281_ShapeMNK6419216_TVLayoutA12864160164_TVLayoutB1281921601_0
19112993,9216,27,1,2,60,384,1,1,168,0.000,0.230,,,,,NVIDIA H100 80GB HBM3 (0),1,,7,kernel_cutlass_kernel_quackgemm_actGemmActSm90_object_at__TiledMMA_ThrLayoutVMNK1281111000_PermutationMNK____MMAAtom_ThrID1281_ShapeMNK6419216_TVLayoutA12864160164_TVLayoutB1281921601192__0
19120577,7776,27,1920,1,1,128,1,1,32,0.000,0.004,,,,,NVIDIA H100 80GB HBM3 (0),1,,7,_resgate_adaln_rows_kernel
19128417,16800,27,1,1,132,384,1,1,168,0.000,0.231,,,,,NVIDIA H100 80GB HBM3 (0),1,,7,kernel_cutlass_kernel_quackgemm_actGemmActSm90_object_at__TiledMMA_ThrLayoutVMNK1281111000_PermutationMNK____MMAAtom_ThrID1281_ShapeMNK6419216_TVLayoutA12864160164_TVLayoutB1281921601192__0
19142369,15712,27,240,1,1,288,1,1,94,0.000,0.100,,,,,NVIDIA H100 80GB HBM3 (0),1,,7,"void attn_kernel<(int)1>(CUtensorMap_st, CUtensorMap_st, CUtensorMap_st, __nv_bfloat16 *, int, int, int, int, int, float *)"
19157537,6560,27,1,2,60,384,1,1,168,0.000,0.230,,,,,NVIDIA H100 80GB HBM3 (0),1,,7,kernel_cutlass_kernel_quackgemm_actGemmActSm90_object_at__TiledMMA_ThrLayoutVMNK1281111000_PermutationMNK____MMAAtom_ThrID1281_ShapeMNK6419216_TVLayoutA12864160164_TVLayoutB1281921601192__0
19162721,8448,27,1920,1,1,128,1,1,32,0.000,0.004,,,,,NVIDIA H100 80GB HBM3 (0),1,,7,_resgate_adaln_rows_kernel
19171297,17600,27,1,4,30,384,1,1,168,0.000,0.230,,,,,NVIDIA H100 80GB HBM3 (0),1,,7,kernel_cutlass_kernel_quackgemm_actGemmGatedSm90_object_at__TiledMMA_ThrLayoutVMNK128211112800_PermutationMNK____MMAAtom_ThrID1281_ShapeMNK6419216_TVLayoutA12864160164_TVLayoutB1281921601_0
19188993,9216,27,1,2,60,384,1,1,168,0.000,0.230,,,,,NVIDIA H100 80GB HBM3 (0),1,,7,kernel_cutlass_kernel_quackgemm_actGemmActSm90_object_at__TiledMMA_ThrLayoutVMNK1281111000_PermutationMNK____MMAAtom_ThrID1281_ShapeMNK6419216_TVLayoutA12864160164_TVLayoutB1281921601192__0
19196673,7872,27,1920,1,1,128,1,1,32,0.000,0.004,,,,,NVIDIA H100 80GB HBM3 (0),1,,7,_resgate_adaln_rows_kernel
19204609,16641,27,1,1,132,384,1,1,168,0.000,0.231,,,,,NVIDIA H100 80GB HBM3 (0),1,,7,kernel_cutlass_kernel_quackgemm_actGemmActSm90_object_at__TiledMMA_ThrLayoutVMNK1281111000_PermutationMNK____MMAAtom_ThrID1281_ShapeMNK6419216_TVLayoutA12864160164_TVLayoutB1281921601192__0
19218306,16224,27,240,1,1,288,1,1,94,0.000,0.100,,,,,NVIDIA H100 80GB HBM3 (0),1,,7,"void attn_kernel<(int)1>(CUtensorMap_st, CUtensorMap_st, CUtensorMap_st, __nv_bfloat16 *, int, int, int, int, int, float *)"
19233730,6400,27,1,2,60,384,1,1,168,0.000,0.230,,,,,NVIDIA H100 80GB HBM3 (0),1,,7,kernel_cutlass_kernel_quackgemm_actGemmActSm90_object_at__TiledMMA_ThrLayoutVMNK1281111000_PermutationMNK____MMAAtom_ThrID1281_ShapeMNK6419216_TVLayoutA12864160164_TVLayoutB1281921601192__0
19238658,8448,27,1920,1,1,128,1,1,32,0.000,0.004,,,,,NVIDIA H100 80GB HBM3 (0),1,,7,_resgate_adaln_rows_kernel
19247330,17824,27,1,4,30,384,1,1,168,0.000,0.230,,,,,NVIDIA H100 80GB HBM3 (0),1,,7,kernel_cutlass_kernel_quackgemm_actGemmGatedSm90_object_at__TiledMMA_ThrLayoutVMNK128211112800_PermutationMNK____MMAAtom_ThrID1281_ShapeMNK6419216_TVLayoutA12864160164_TVLayoutB1281921601_0
19265090,9440,27,1,2,60,384,1,1,168,0.000,0.230,,,,,NVIDIA H100 80GB HBM3 (0),1,,7,kernel_cutlass_kernel_quackgemm_actGemmActSm90_object_at__TiledMMA_ThrLayoutVMNK1281111000_PermutationMNK____MMAAtom_ThrID1281_ShapeMNK6419216_TVLayoutA12864160164_TVLayoutB1281921601192__0
19272866,8384,27,1920,1,1,128,1,1,32,0.000,0.004,,,,,NVIDIA H100 80GB HBM3 (0),1,,7,_resgate_adaln_rows_kernel
19281282,16544,27,1,1,132,384,1,1,168,0.000,0.231,,,,,NVIDIA H100 80GB HBM3 (0),1,,7,kernel_cutlass_kernel_quackgemm_actGemmActSm90_object_at__TiledMMA_ThrLayoutVMNK1281111000_PermutationMNK____MMAAtom_ThrID1281_ShapeMNK6419216_TVLayoutA12864160164_TVLayoutB1281921601192__0
19294786,15872,27,240,1,1,288,1,1,94,0.000,0.100,,,,,NVIDIA H100 80GB HBM3 (0),1,,7,"void attn_kernel<(int)1>(CUtensorMap_st, CUtensorMap_st, CUtensorMap_st, __nv_bfloat16 *, int, int, int, int, int, float *)"
19310178,6304,27,1,2,60,384,1,1,168,0.000,0.230,,,,,NVIDIA H100 80GB HBM3 (0),1,,7,kernel_cutlass_kernel_quackgemm_actGemmActSm90_object_at__TiledMMA_ThrLayoutVMNK1281111000_PermutationMNK____MMAAtom_ThrID1281_ShapeMNK6419216_TVLayoutA12864160164_TVLayoutB1281921601192__0
19315170,8352,27,1920,1,1,128,1,1,32,0.000,0.004,,,,,NVIDIA H100 80GB HBM3 (0),1,,7,_resgate_adaln_rows_kernel
19323682,17600,27,1,4,30,384,1,1,168,0.000,0.230,,,,,NVIDIA H100 80GB HBM3 (0),1,,7,kernel_cutlass_kernel_quackgemm_actGemmGatedSm90_object_at__TiledMMA_ThrLayoutVMNK128211112800_PermutationMNK____MMAAtom_ThrID1281_ShapeMNK6419216_TVLayoutA12864160164_TVLayoutB1281921601_0
19341442,9632,27,1,2,60,384,1,1,168,0.000,0.230,,,,,NVIDIA H100 80GB HBM3 (0),1,,7,kernel_cutlass_kernel_quackgemm_actGemmActSm90_object_at__TiledMMA_ThrLayoutVMNK1281111000_PermutationMNK____MMAAtom_ThrID1281_ShapeMNK6419216_TVLayoutA12864160164_TVLayoutB1281921601192__0
19349218,8576,27,1920,1,1,128,1,1,32,0.000,0.004,,,,,NVIDIA H100 80GB HBM3 (0),1,,7,_resgate_adaln_rows_kernel
19357858,16992,27,1,1,132,384,1,1,168,0.000,0.231,,,,,NVIDIA H100 80GB HBM3 (0),1,,7,kernel_cutlass_kernel_quackgemm_actGemmActSm90_object_at__TiledMMA_ThrLayoutVMNK1281111000_PermutationMNK____MMAAtom_ThrID1281_ShapeMNK6419216_TVLayoutA12864160164_TVLayoutB1281921601192__0
19372258,15776,27,240,1,1,288,1,1,94,0.000,0.100,,,,,NVIDIA H100 80GB HBM3 (0),1,,7,"void attn_kernel<(int)1>(CUtensorMap_st, CUtensorMap_st, CUtensorMap_st, __nv_bfloat16 *, int, int, int, int, int, float *)"
19387458,6368,27,1,2,60,384,1,1,168,0.000,0.230,,,,,NVIDIA H100 80GB HBM3 (0),1,,7,kernel_cutlass_kernel_quackgemm_actGemmActSm90_object_at__TiledMMA_ThrLayoutVMNK1281111000_PermutationMNK____MMAAtom_ThrID1281_ShapeMNK6419216_TVLayoutA12864160164_TVLayoutB1281921601192__0
19392354,8288,27,1920,1,1,128,1,1,32,0.000,0.004,,,,,NVIDIA H100 80GB HBM3 (0),1,,7,_resgate_adaln_rows_kernel
19400866,17568,27,1,4,30,384,1,1,168,0.000,0.230,,,,,NVIDIA H100 80GB HBM3 (0),1,,7,kernel_cutlass_kernel_quackgemm_actGemmGatedSm90_object_at__TiledMMA_ThrLayoutVMNK128211112800_PermutationMNK____MMAAtom_ThrID1281_ShapeMNK6419216_TVLayoutA12864160164_TVLayoutB1281921601_0
19418498,9088,27,1,2,60,384,1,1,168,0.000,0.230,,,,,NVIDIA H100 80GB HBM3 (0),1,,7,kernel_cutlass_kernel_quackgemm_actGemmActSm90_object_at__TiledMMA_ThrLayoutVMNK1281111000_PermutationMNK____MMAAtom_ThrID1281_ShapeMNK6419216_TVLayoutA12864160164_TVLayoutB1281921601192__0
19426082,8064,27,1920,1,1,128,1,1,32,0.000,0.004,,,,,NVIDIA H100 80GB HBM3 (0),1,,7,_resgate_adaln_rows_kernel
19434178,16448,27,1,1,132,384,1,1,168,0.000,0.231,,,,,NVIDIA H100 80GB HBM3 (0),1,,7,kernel_cutlass_kernel_quackgemm_actGemmActSm90_object_at__TiledMMA_ThrLayoutVMNK1281111000_PermutationMNK____MMAAtom_ThrID1281_ShapeMNK6419216_TVLayoutA12864160164_TVLayoutB1281921601192__0
19447970,15776,27,240,1,1,288,1,1,94,0.000,0.100,,,,,NVIDIA H100 80GB HBM3 (0),1,,7,"void attn_kernel<(int)1>(CUtensorMap_st, CUtensorMap_st, CUtensorMap_st, __nv_bfloat16 *, int, int, int, int, int, float *)"
19463298,6496,27,1,2,60,384,1,1,168,0.000,0.230,,,,,NVIDIA H100 80GB HBM3 (0),1,,7,kernel_cutlass_kernel_quackgemm_actGemmActSm90_object_at__TiledMMA_ThrLayoutVMNK1281111000_PermutationMNK____MMAAtom_ThrID1281_ShapeMNK6419216_TVLayoutA12864160164_TVLayoutB1281921601192__0
19468226,8480,27,1920,1,1,128,1,1,32,0.000,0.004,,,,,NVIDIA H100 80GB HBM3 (0),1,,7,_resgate_adaln_rows_kernel
19476802,17600,27,1,4,30,384,1,1,168,0.000,0.230,,,,,NVIDIA H100 80GB HBM3 (0),1,,7,kernel_cutlass_kernel_quackgemm_actGemmGatedSm90_object_at__TiledMMA_ThrLayoutVMNK128211112800_PermutationMNK____MMAAtom_ThrID1281_ShapeMNK6419216_TVLayoutA12864160164_TVLayoutB1281921601_0
19494306,9088,27,1,2,60,384,1,1,168,0.000,0.230,,,,,NVIDIA H100 80GB HBM3 (0),1,,7,kernel_cutlass_kernel_quackgemm_actGemmActSm90_object_at__TiledMMA_ThrLayoutVMNK1281111000_PermutationMNK____MMAAtom_ThrID1281_ShapeMNK6419216_TVLayoutA12864160164_TVLayoutB1281921601192__0
19501890,8032,27,1920,1,1,128,1,1,32,0.000,0.004,,,,,NVIDIA H100 80GB HBM3 (0),1,,7,_resgate_adaln_rows_kernel
19510050,16544,27,1,1,132,384,1,1,168,0.000,0.231,,,,,NVIDIA H100 80GB HBM3 (0),1,,7,kernel_cutlass_kernel_quackgemm_actGemmActSm90_object_at__TiledMMA_ThrLayoutVMNK1281111000_PermutationMNK____MMAAtom_ThrID1281_ShapeMNK6419216_TVLayoutA12864160164_TVLayoutB1281921601192__0
19523842,15904,27,240,1,1,288,1,1,94,0.000,0.100,,,,,NVIDIA H100 80GB HBM3 (0),1,,7,"void attn_kernel<(int)1>(CUtensorMap_st, CUtensorMap_st, CUtensorMap_st, __nv_bfloat16 *, int, int, int, int, int, float *)"
19539298,6464,27,1,2,60,384,1,1,168,0.000,0.230,,,,,NVIDIA H100 80GB HBM3 (0),1,,7,kernel_cutlass_kernel_quackgemm_actGemmActSm90_object_at__TiledMMA_ThrLayoutVMNK1281111000_PermutationMNK____MMAAtom_ThrID1281_ShapeMNK6419216_TVLayoutA12864160164_TVLayoutB1281921601192__0
19544258,8544,27,1920,1,1,128,1,1,32,0.000,0.004,,,,,NVIDIA H100 80GB HBM3 (0),1,,7,_resgate_adaln_rows_kernel
19552898,17664,27,1,4,30,384,1,1,168,0.000,0.230,,,,,NVIDIA H100 80GB HBM3 (0),1,,7,kernel_cutlass_kernel_quackgemm_actGemmGatedSm90_object_at__TiledMMA_ThrLayoutVMNK128211112800_PermutationMNK____MMAAtom_ThrID1281_ShapeMNK6419216_TVLayoutA12864160164_TVLayoutB1281921601_0
19570434,9248,27,1,2,60,384,1,1,168,0.000,0.230,,,,,NVIDIA H100 80GB HBM3 (0),1,,7,kernel_cutlass_kernel_quackgemm_actGemmActSm90_object_at__TiledMMA_ThrLayoutVMNK1281111000_PermutationMNK____MMAAtom_ThrID1281_ShapeMNK6419216_TVLayoutA12864160164_TVLayoutB1281921601192__0
19578146,7936,27,1920,1,1,128,1,1,32,0.000,0.004,,,,,NVIDIA H100 80GB HBM3 (0),1,,7,_resgate_adaln_rows_kernel
19586178,16768,27,1,1,132,384,1,1,168,0.000,0.231,,,,,NVIDIA H100 80GB HBM3 (0),1,,7,kernel_cutlass_kernel_quackgemm_actGemmActSm90_object_at__TiledMMA_ThrLayoutVMNK1281111000_PermutationMNK____MMAAtom_ThrID1281_ShapeMNK6419216_TVLayoutA12864160164_TVLayoutB1281921601192__0
19600098,15264,27,240,1,1,288,1,1,94,0.000,0.100,,,,,NVIDIA H100 80GB HBM3 (0),1,,7,"void attn_kernel<(int)1>(CUtensorMap_st, CUtensorMap_st, CUtensorMap_st, __nv_bfloat16 *, int, int, int, int, int, float *)"
19614914,6432,27,1,2,60,384,1,1,168,0.000,0.230,,,,,NVIDIA H100 80GB HBM3 (0),1,,7,kernel_cutlass_kernel_quackgemm_actGemmActSm90_object_at__TiledMMA_ThrLayoutVMNK1281111000_PermutationMNK____MMAAtom_ThrID1281_ShapeMNK6419216_TVLayoutA12864160164_TVLayoutB1281921601192__0
19619842,8480,27,1920,1,1,128,1,1,32,0.000,0.004,,,,,NVIDIA H100 80GB HBM3 (0),1,,7,_resgate_adaln_rows_kernel
19628482,17632,27,1,4,30,384,1,1,168,0.000,0.230,,,,,NVIDIA H100 80GB HBM3 (0),1,,7,kernel_cutlass_kernel_quackgemm_actGemmGatedSm90_object_at__TiledMMA_ThrLayoutVMNK128211112800_PermutationMNK____MMAAtom_ThrID1281_ShapeMNK6419216_TVLayoutA12864160164_TVLayoutB1281921601_0
19646115,9760,27,1,2,60,384,1,1,168,0.000,0.230,,,,,NVIDIA H100 80GB HBM3 (0),1,,7,kernel_cutlass_kernel_quackgemm_actGemmActSm90_object_at__TiledMMA_ThrLayoutVMNK1281111000_PermutationMNK____MMAAtom_ThrID1281_ShapeMNK6419216_TVLayoutA12864160164_TVLayoutB1281921601192__0
19654531,7712,27,1920,1,1,128,1,1,32,0.000,0.004,,,,,NVIDIA H100 80GB HBM3 (0),1,,7,_resgate_adaln_rows_kernel
19662339,16544,27,1,1,132,384,1,1,168,0.000,0.231,,,,,NVIDIA H100 80GB HBM3 (0),1,,7,kernel_cutlass_kernel_quackgemm_actGemmActSm90_object_at__TiledMMA_ThrLayoutVMNK1281111000_PermutationMNK____MMAAtom_ThrID1281_ShapeMNK6419216_TVLayoutA12864160164_TVLayoutB1281921601192__0
19676227,15584,27,240,1,1,288,1,1,94,0.000,0.100,,,,,NVIDIA H100 80GB HBM3 (0),1,,7,"void attn_kernel<(int)1>(CUtensorMap_st, CUtensorMap_st, CUtensorMap_st, __nv_bfloat16 *, int, int, int, int, int, float *)"
19691267,6400,27,1,2,60,384,1,1,168,0.000,0.230,,,,,NVIDIA H100 80GB HBM3 (0),1,,7,kernel_cutlass_kernel_quackgemm_actGemmActSm90_object_at__TiledMMA_ThrLayoutVMNK1281111000_PermutationMNK____MMAAtom_ThrID1281_ShapeMNK6419216_TVLayoutA12864160164_TVLayoutB1281921601192__0
19696131,8864,27,1920,1,1,128,1,1,32,0.000,0.004,,,,,NVIDIA H100 80GB HBM3 (0),1,,7,_resgate_adaln_rows_kernel
19705059,17632,27,1,4,30,384,1,1,168,0.000,0.230,,,,,NVIDIA H100 80GB HBM3 (0),1,,7,kernel_cutlass_kernel_quackgemm_actGemmGatedSm90_object_at__TiledMMA_ThrLayoutVMNK128211112800_PermutationMNK____MMAAtom_ThrID1281_ShapeMNK6419216_TVLayoutA12864160164_TVLayoutB1281921601_0
19722723,9088,27,1,2,60,384,1,1,168,0.000,0.230,,,,,NVIDIA H100 80GB HBM3 (0),1,,7,kernel_cutlass_kernel_quackgemm_actGemmActSm90_object_at__TiledMMA_ThrLayoutVMNK1281111000_PermutationMNK____MMAAtom_ThrID1281_ShapeMNK6419216_TVLayoutA12864160164_TVLayoutB1281921601192__0
19730403,7936,27,1920,1,1,128,1,1,32,0.000,0.004,,,,,NVIDIA H100 80GB HBM3 (0),1,,7,_resgate_adaln_rows_kernel
19738467,17216,27,1,1,132,384,1,1,168,0.000,0.231,,,,,NVIDIA H100 80GB HBM3 (0),1,,7,kernel_cutlass_kernel_quackgemm_actGemmActSm90_object_at__TiledMMA_ThrLayoutVMNK1281111000_PermutationMNK____MMAAtom_ThrID1281_ShapeMNK6419216_TVLayoutA12864160164_TVLayoutB1281921601192__0
19752483,16320,27,240,1,1,288,1,1,94,0.000,0.100,,,,,NVIDIA H100 80GB HBM3 (0),1,,7,"void attn_kernel<(int)1>(CUtensorMap_st, CUtensorMap_st, CUtensorMap_st, __nv_bfloat16 *, int, int, int, int, int, float *)"
19768323,6432,27,1,2,60,384,1,1,168,0.000,0.230,,,,,NVIDIA H100 80GB HBM3 (0),1,,7,kernel_cutlass_kernel_quackgemm_actGemmActSm90_object_at__TiledMMA_ThrLayoutVMNK1281111000_PermutationMNK____MMAAtom_ThrID1281_ShapeMNK6419216_TVLayoutA12864160164_TVLayoutB1281921601192__0
19773187,8352,27,1920,1,1,128,1,1,32,0.000,0.004,,,,,NVIDIA H100 80GB HBM3 (0),1,,7,_resgate_adaln_rows_kernel
19781635,17568,27,1,4,30,384,1,1,168,0.000,0.230,,,,,NVIDIA H100 80GB HBM3 (0),1,,7,kernel_cutlass_kernel_quackgemm_actGemmGatedSm90_object_at__TiledMMA_ThrLayoutVMNK128211112800_PermutationMNK____MMAAtom_ThrID1281_ShapeMNK6419216_TVLayoutA12864160164_TVLayoutB1281921601_0
19799171,9248,27,1,2,60,384,1,1,168,0.000,0.230,,,,,NVIDIA H100 80GB HBM3 (0),1,,7,kernel_cutlass_kernel_quackgemm_actGemmActSm90_object_at__TiledMMA_ThrLayoutVMNK1281111000_PermutationMNK____MMAAtom_ThrID1281_ShapeMNK6419216_TVLayoutA12864160164_TVLayoutB1281921601192__0
19807267,5216,27,960,1,1,256,1,1,32,0.000,0.008,,,,,NVIDIA H100 80GB HBM3 (0),1,,7,_resgate_adaln_rows_kernel
19812899,2720,27,1440,1,1,128,1,1,32,0.000,0.000,,,,,NVIDIA H100 80GB HBM3 (0),1,,7,"void at::native::vectorized_elementwise_kernel<(int)8, at::native::bfloat16_copy_kernel_cuda(at::TensorIteratorBase &)::[lambda(float) (instance 1)], std::array<char *, (unsigned long)2>>(int, T2, T3)"
