kernel,arch,dtype,bucket,modules,streams,lengths,units,shapes
adaln_bwd_dx_dlnw_triton,sm86,bfloat16+float32,shape_key=140741783847754,adaptive_layernorm|augmented_attention|conditioned_transition,atom_single,2048|3072,8,"{""atom_single"": [2048, 3072]}"
adaln_bwd_dx_dlnw_triton,sm86,bfloat16+float32,shape_key=281479272203082,adaptive_layernorm|augmented_attention|conditioned_transition,atom_single,4096|5120|6144|7168,16,"{""atom_single"": [4096, 5120, 6144, 7168]}"
adaln_bwd_dx_dlnw_triton,sm86,bfloat16+float32,shape_key=562954248913738,adaptive_layernorm|augmented_attention|conditioned_transition,atom_single,8192,4,"{""atom_single"": [8192]}"
adaln_bwd_dx_dlnw_triton,sm86,bfloat16+float32,shape_key=70373039670090,adaptive_layernorm|augmented_attention|conditioned_transition,atom_single,1024,4,"{""atom_single"": [1024]}"
adaln_bwd_dx_dlnw_triton,sm86,float32,shape_key=140741783847754,adaptive_layernorm|augmented_attention|conditioned_transition,atom_single,2048|3072,8,"{""atom_single"": [2048, 3072]}"
adaln_bwd_dx_dlnw_triton,sm86,float32,shape_key=281479272203082,adaptive_layernorm|augmented_attention|conditioned_transition,atom_single,4096|5120|6144|7168,16,"{""atom_single"": [4096, 5120, 6144, 7168]}"
adaln_bwd_dx_dlnw_triton,sm86,float32,shape_key=562954248913738,adaptive_layernorm|augmented_attention|conditioned_transition,atom_single,8192,4,"{""atom_single"": [8192]}"
adaln_bwd_dx_dlnw_triton,sm86,float32,shape_key=70373039670090,adaptive_layernorm|augmented_attention|conditioned_transition,atom_single,1024,4,"{""atom_single"": [1024]}"
adaln_bwd_pre_dx_triton,sm86,bfloat16+float32,shape_key=12888048410,adaptive_layernorm|augmented_attention|conditioned_transition,token_single,768,8,"{""token_single"": [768]}"
adaln_bwd_pre_dx_triton,sm86,bfloat16+float32,shape_key=137439478554,adaptive_layernorm|augmented_attention|conditioned_transition,atom_single,8192,4,"{""atom_single"": [8192]}"
adaln_bwd_pre_dx_triton,sm86,bfloat16+float32,shape_key=17180394266,adaptive_layernorm|augmented_attention|conditioned_transition,atom_single,1024,4,"{""atom_single"": [1024]}"
adaln_bwd_pre_dx_triton,sm86,bfloat16+float32,shape_key=34360263450,adaptive_layernorm|augmented_attention|conditioned_transition,atom_single,2048|3072,8,"{""atom_single"": [2048, 3072]}"
adaln_bwd_pre_dx_triton,sm86,bfloat16+float32,shape_key=6445597466,adaptive_layernorm|augmented_attention|conditioned_transition,token_single,384,8,"{""token_single"": [384]}"
adaln_bwd_pre_dx_triton,sm86,bfloat16+float32,shape_key=68720001818,adaptive_layernorm|augmented_attention|conditioned_transition,atom_single,4096|5120|6144|7168,16,"{""atom_single"": [4096, 5120, 6144, 7168]}"
adaln_bwd_pre_dx_triton,sm86,float32,shape_key=12888048410,adaptive_layernorm|augmented_attention|conditioned_transition,token_single,768,8,"{""token_single"": [768]}"
adaln_bwd_pre_dx_triton,sm86,float32,shape_key=137439478554,adaptive_layernorm|augmented_attention|conditioned_transition,atom_single,8192,4,"{""atom_single"": [8192]}"
adaln_bwd_pre_dx_triton,sm86,float32,shape_key=17180394266,adaptive_layernorm|augmented_attention|conditioned_transition,atom_single,1024,4,"{""atom_single"": [1024]}"
adaln_bwd_pre_dx_triton,sm86,float32,shape_key=34360263450,adaptive_layernorm|augmented_attention|conditioned_transition,atom_single,2048|3072,8,"{""atom_single"": [2048, 3072]}"
adaln_bwd_pre_dx_triton,sm86,float32,shape_key=6445597466,adaptive_layernorm|augmented_attention|conditioned_transition,token_single,384,8,"{""token_single"": [384]}"
adaln_bwd_pre_dx_triton,sm86,float32,shape_key=68720001818,adaptive_layernorm|augmented_attention|conditioned_transition,atom_single,4096|5120|6144|7168,16,"{""atom_single"": [4096, 5120, 6144, 7168]}"
adaln_epilogue_saveact_triton,sm86,bfloat16+float32,"HAS_SB=1,shape_key=137439478554",adaptive_layernorm|augmented_attention|conditioned_transition,atom_single,8192,4,"{""atom_single"": [8192]}"
adaln_epilogue_saveact_triton,sm86,bfloat16+float32,"HAS_SB=1,shape_key=17180394266",adaptive_layernorm|augmented_attention|conditioned_transition,atom_single,1024,4,"{""atom_single"": [1024]}"
adaln_epilogue_saveact_triton,sm86,bfloat16+float32,"HAS_SB=1,shape_key=34360263450",adaptive_layernorm|augmented_attention|conditioned_transition,atom_single,2048|3072,8,"{""atom_single"": [2048, 3072]}"
adaln_epilogue_saveact_triton,sm86,bfloat16+float32,"HAS_SB=1,shape_key=68720001818",adaptive_layernorm|augmented_attention|conditioned_transition,atom_single,4096|5120|6144|7168,16,"{""atom_single"": [4096, 5120, 6144, 7168]}"
adaln_epilogue_saveact_triton,sm86,float32,"HAS_SB=1,shape_key=12888048410",adaptive_layernorm|augmented_attention|conditioned_transition,token_single,768,8,"{""token_single"": [768]}"
adaln_epilogue_saveact_triton,sm86,float32,"HAS_SB=1,shape_key=137439478554",adaptive_layernorm|augmented_attention|conditioned_transition,atom_single,8192,4,"{""atom_single"": [8192]}"
adaln_epilogue_saveact_triton,sm86,float32,"HAS_SB=1,shape_key=17180394266",adaptive_layernorm|augmented_attention|conditioned_transition,atom_single,1024,4,"{""atom_single"": [1024]}"
adaln_epilogue_saveact_triton,sm86,float32,"HAS_SB=1,shape_key=34360263450",adaptive_layernorm|augmented_attention|conditioned_transition,atom_single,2048|3072,8,"{""atom_single"": [2048, 3072]}"
adaln_epilogue_saveact_triton,sm86,float32,"HAS_SB=1,shape_key=6445597466",adaptive_layernorm|augmented_attention|conditioned_transition,token_single,384,8,"{""token_single"": [384]}"
adaln_epilogue_saveact_triton,sm86,float32,"HAS_SB=1,shape_key=68720001818",adaptive_layernorm|augmented_attention|conditioned_transition,atom_single,4096|5120|6144|7168,16,"{""atom_single"": [4096, 5120, 6144, 7168]}"
adaln_epilogue_triton,sm86,float32,shape_key=10740564762,adaptive_layernorm|augmented_attention|conditioned_transition,token_single,640,8,"{""token_single"": [640]}"
adaln_epilogue_triton,sm86,float32,shape_key=12888048410,adaptive_layernorm|augmented_attention|conditioned_transition,token_single,768,8,"{""token_single"": [768]}"
adaln_epilogue_triton,sm86,float32,shape_key=2150630170,adaptive_layernorm|augmented_attention|conditioned_transition,token_single,128,8,"{""token_single"": [128]}"
adaln_epilogue_triton,sm86,float32,shape_key=4298113818,adaptive_layernorm|augmented_attention|conditioned_transition,token_single,256,8,"{""token_single"": [256]}"
adaln_epilogue_triton,sm86,float32,shape_key=6445597466,adaptive_layernorm|augmented_attention|conditioned_transition,token_single,384,8,"{""token_single"": [384]}"
adaln_epilogue_triton,sm86,float32,shape_key=8593081114,adaptive_layernorm|augmented_attention|conditioned_transition,token_single,512,8,"{""token_single"": [512]}"
adaln_fwd_gate_triton,sm86,bfloat16+float32,shape_key=26394724663855,adaptive_layernorm|augmented_attention|conditioned_transition,token_single,384,4,"{""token_single"": [384]}"
adaln_fwd_gate_triton,sm86,bfloat16+float32,shape_key=26401167114799,adaptive_layernorm|augmented_attention|conditioned_transition,token_single,384,4,"{""token_single"": [384]}"
adaln_fwd_gate_triton,sm86,bfloat16+float32,shape_key=52783003730479,adaptive_layernorm|augmented_attention|conditioned_transition,token_single,768,4,"{""token_single"": [768]}"
adaln_fwd_gate_triton,sm86,bfloat16+float32,shape_key=52789446181423,adaptive_layernorm|augmented_attention|conditioned_transition,token_single,768,4,"{""token_single"": [768]}"
adaln_fwd_triton,sm86,bfloat16,shape_key=140739636363823,adaptive_layernorm|augmented_attention|conditioned_transition,atom_single,2048|3072,8,"{""atom_single"": [2048, 3072]}"
adaln_fwd_triton,sm86,bfloat16,shape_key=281477124719151,adaptive_layernorm|augmented_attention|conditioned_transition,atom_single,4096|5120|6144|7168,16,"{""atom_single"": [4096, 5120, 6144, 7168]}"
adaln_fwd_triton,sm86,bfloat16,shape_key=562952101429807,adaptive_layernorm|augmented_attention|conditioned_transition,atom_single,8192,4,"{""atom_single"": [8192]}"
adaln_fwd_triton,sm86,bfloat16,shape_key=70370892186159,adaptive_layernorm|augmented_attention|conditioned_transition,atom_single,1024,4,"{""atom_single"": [1024]}"
adaln_fwd_triton,sm86,float32,shape_key=140739636363823,adaptive_layernorm|augmented_attention|conditioned_transition,atom_single,2048|3072,8,"{""atom_single"": [2048, 3072]}"
adaln_fwd_triton,sm86,float32,shape_key=281477124719151,adaptive_layernorm|augmented_attention|conditioned_transition,atom_single,4096|5120|6144|7168,16,"{""atom_single"": [4096, 5120, 6144, 7168]}"
adaln_fwd_triton,sm86,float32,shape_key=562952101429807,adaptive_layernorm|augmented_attention|conditioned_transition,atom_single,8192,4,"{""atom_single"": [8192]}"
adaln_fwd_triton,sm86,float32,shape_key=70370892186159,adaptive_layernorm|augmented_attention|conditioned_transition,atom_single,1024,4,"{""atom_single"": [1024]}"
adaln_gemm_gate_triton,sm86,bfloat16+float32,shape_key=17598631641647,adaptive_layernorm|augmented_attention|conditioned_transition,token_single,256,4,"{""token_single"": [256]}"
adaln_gemm_gate_triton,sm86,bfloat16+float32,shape_key=17605074092591,adaptive_layernorm|augmented_attention|conditioned_transition,token_single,256,4,"{""token_single"": [256]}"
adaln_gemm_gate_triton,sm86,bfloat16+float32,shape_key=26394724663855,adaptive_layernorm|augmented_attention|conditioned_transition,token_single,384,4,"{""token_single"": [384]}"
adaln_gemm_gate_triton,sm86,bfloat16+float32,shape_key=26401167114799,adaptive_layernorm|augmented_attention|conditioned_transition,token_single,384,4,"{""token_single"": [384]}"
adaln_gemm_gate_triton,sm86,bfloat16+float32,shape_key=35190817686063,adaptive_layernorm|augmented_attention|conditioned_transition,token_single,512,4,"{""token_single"": [512]}"
adaln_gemm_gate_triton,sm86,bfloat16+float32,shape_key=35197260137007,adaptive_layernorm|augmented_attention|conditioned_transition,token_single,512,4,"{""token_single"": [512]}"
adaln_gemm_gate_triton,sm86,bfloat16+float32,shape_key=43986910708271,adaptive_layernorm|augmented_attention|conditioned_transition,token_single,640,4,"{""token_single"": [640]}"
adaln_gemm_gate_triton,sm86,bfloat16+float32,shape_key=43993353159215,adaptive_layernorm|augmented_attention|conditioned_transition,token_single,640,4,"{""token_single"": [640]}"
adaln_gemm_gate_triton,sm86,bfloat16+float32,shape_key=52783003730479,adaptive_layernorm|augmented_attention|conditioned_transition,token_single,768,4,"{""token_single"": [768]}"
adaln_gemm_gate_triton,sm86,bfloat16+float32,shape_key=52789446181423,adaptive_layernorm|augmented_attention|conditioned_transition,token_single,768,4,"{""token_single"": [768]}"
adaln_gemm_gate_triton,sm86,bfloat16+float32,shape_key=8802538619439,adaptive_layernorm|augmented_attention|conditioned_transition,token_single,128,4,"{""token_single"": [128]}"
adaln_gemm_gate_triton,sm86,bfloat16+float32,shape_key=8808981070383,adaptive_layernorm|augmented_attention|conditioned_transition,token_single,128,4,"{""token_single"": [128]}"
augmented_attention_bwd_pre_triton,sm86,bfloat16+float32,shape_key=140737555597786,augmented_attention,atom_single,2048|3072,4,"{""atom_single"": [2048, 3072]}"
augmented_attention_bwd_pre_triton,sm86,bfloat16+float32,shape_key=26388312754650,projected_attention,token_pair,384,1,"{""token_pair"": [384]}"
augmented_attention_bwd_pre_triton,sm86,bfloat16+float32,shape_key=26388346243546,projected_attention,token_pair,384,1,"{""token_pair"": [384]}"
augmented_attention_bwd_pre_triton,sm86,bfloat16+float32,shape_key=26388346309082,projected_attention,token_pair,384,1,"{""token_pair"": [384]}"
augmented_attention_bwd_pre_triton,sm86,bfloat16+float32,shape_key=26388413417946,projected_attention,token_pair,384,1,"{""token_pair"": [384]}"
augmented_attention_bwd_pre_triton,sm86,bfloat16+float32,shape_key=26388413483482,projected_attention,token_single,384,1,"{""token_single"": [384]}"
augmented_attention_bwd_pre_triton,sm86,bfloat16+float32,shape_key=26388480526810,projected_attention,token_pair,384,1,"{""token_pair"": [384]}"
augmented_attention_bwd_pre_triton,sm86,bfloat16+float32,shape_key=26388547602906,projected_attention,token_single,384,1,"{""token_single"": [384]}"
augmented_attention_bwd_pre_triton,sm86,bfloat16+float32,shape_key=26388547701210,augmented_attention|projected_attention,token_single,384,5,"{""token_single"": [384]}"
augmented_attention_bwd_pre_triton,sm86,bfloat16+float32,shape_key=281475043953114,augmented_attention,atom_single,4096|5120|6144|7168,8,"{""atom_single"": [4096, 5120, 6144, 7168]}"
augmented_attention_bwd_pre_triton,sm86,bfloat16+float32,shape_key=52776591821274,projected_attention,token_pair,768,1,"{""token_pair"": [768]}"
augmented_attention_bwd_pre_triton,sm86,bfloat16+float32,shape_key=52776625310170,projected_attention,token_pair,768,1,"{""token_pair"": [768]}"
augmented_attention_bwd_pre_triton,sm86,bfloat16+float32,shape_key=52776625375706,projected_attention,token_pair,768,1,"{""token_pair"": [768]}"
augmented_attention_bwd_pre_triton,sm86,bfloat16+float32,shape_key=52776692484570,projected_attention,token_pair,768,1,"{""token_pair"": [768]}"
augmented_attention_bwd_pre_triton,sm86,bfloat16+float32,shape_key=52776692550106,projected_attention,token_single,768,1,"{""token_single"": [768]}"
augmented_attention_bwd_pre_triton,sm86,bfloat16+float32,shape_key=52776759593434,projected_attention,token_pair,768,1,"{""token_pair"": [768]}"
augmented_attention_bwd_pre_triton,sm86,bfloat16+float32,shape_key=52776826669530,projected_attention,token_single,768,1,"{""token_single"": [768]}"
augmented_attention_bwd_pre_triton,sm86,bfloat16+float32,shape_key=52776826767834,augmented_attention|projected_attention,token_single,768,5,"{""token_single"": [768]}"
augmented_attention_bwd_pre_triton,sm86,bfloat16+float32,shape_key=562950020663770,augmented_attention,atom_single,8192,2,"{""atom_single"": [8192]}"
augmented_attention_bwd_pre_triton,sm86,bfloat16+float32,shape_key=70368811420122,augmented_attention,atom_single,1024,2,"{""atom_single"": [1024]}"
augmented_attention_bwd_pre_triton,sm86,float32,shape_key=140737555597786,augmented_attention,atom_single,2048|3072,4,"{""atom_single"": [2048, 3072]}"
augmented_attention_bwd_pre_triton,sm86,float32,shape_key=26388547701210,augmented_attention,token_single,384,4,"{""token_single"": [384]}"
augmented_attention_bwd_pre_triton,sm86,float32,shape_key=281475043953114,augmented_attention,atom_single,4096|5120|6144|7168,8,"{""atom_single"": [4096, 5120, 6144, 7168]}"
augmented_attention_bwd_pre_triton,sm86,float32,shape_key=52776826767834,augmented_attention,token_single,768,4,"{""token_single"": [768]}"
augmented_attention_bwd_pre_triton,sm86,float32,shape_key=562950020663770,augmented_attention,atom_single,8192,2,"{""atom_single"": [8192]}"
augmented_attention_bwd_pre_triton,sm86,float32,shape_key=70368811420122,augmented_attention,atom_single,1024,2,"{""atom_single"": [1024]}"
augmented_attention_bwd_reduce_triton,sm86,float32,shape_key=1024,augmented_attention,atom_single,1024,4,"{""atom_single"": [1024]}"
augmented_attention_bwd_reduce_triton,sm86,float32,shape_key=2048,augmented_attention,atom_single,2048|3072,24,"{""atom_single"": [2048, 3072]}"
augmented_attention_bwd_reduce_triton,sm86,float32,shape_key=384,augmented_attention|projected_attention,token_pair|token_single,384,17,"{""token_pair"": [384], ""token_single"": [384]}"
augmented_attention_bwd_reduce_triton,sm86,float32,shape_key=4096,augmented_attention,atom_single,4096|5120|6144|7168,208,"{""atom_single"": [4096, 5120, 6144, 7168]}"
augmented_attention_bwd_reduce_triton,sm86,float32,shape_key=768,augmented_attention|projected_attention,token_pair|token_single,768,43,"{""token_pair"": [768], ""token_single"": [768]}"
augmented_attention_bwd_reduce_triton,sm86,float32,shape_key=8192,augmented_attention,atom_single,8192,128,"{""atom_single"": [8192]}"
augmented_attention_bwd_split_triton,sm86,bfloat16+float32,"CHUNKED=0,shape_key=26388312754650",projected_attention,token_pair,384,1,"{""token_pair"": [384]}"
augmented_attention_bwd_split_triton,sm86,bfloat16+float32,"CHUNKED=0,shape_key=26388346243546",projected_attention,token_pair,384,1,"{""token_pair"": [384]}"
augmented_attention_bwd_split_triton,sm86,bfloat16+float32,"CHUNKED=0,shape_key=26388346309082",projected_attention,token_pair,384,1,"{""token_pair"": [384]}"
augmented_attention_bwd_split_triton,sm86,bfloat16+float32,"CHUNKED=0,shape_key=26388413483482",projected_attention,token_single,384,1,"{""token_single"": [384]}"
augmented_attention_bwd_split_triton,sm86,bfloat16+float32,"CHUNKED=0,shape_key=26388547602906",projected_attention,token_single,384,1,"{""token_single"": [384]}"
augmented_attention_bwd_split_triton,sm86,bfloat16+float32,"CHUNKED=0,shape_key=26388547701210",augmented_attention|projected_attention,token_single,384,5,"{""token_single"": [384]}"
augmented_attention_bwd_split_triton,sm86,bfloat16+float32,"CHUNKED=0,shape_key=52776692550106",projected_attention,token_single,768,1,"{""token_single"": [768]}"
augmented_attention_bwd_split_triton,sm86,bfloat16+float32,"CHUNKED=0,shape_key=52776826669530",projected_attention,token_single,768,1,"{""token_single"": [768]}"
augmented_attention_bwd_split_triton,sm86,bfloat16+float32,"CHUNKED=0,shape_key=70368811420122",augmented_attention,atom_single,1024,2,"{""atom_single"": [1024]}"
augmented_attention_bwd_split_triton,sm86,bfloat16+float32,"CHUNKED=1,shape_key=140737555597786",augmented_attention,atom_single,2048|3072,12,"{""atom_single"": [2048, 3072]}"
augmented_attention_bwd_split_triton,sm86,bfloat16+float32,"CHUNKED=1,shape_key=26388413417946",projected_attention,token_pair,384,1,"{""token_pair"": [384]}"
augmented_attention_bwd_split_triton,sm86,bfloat16+float32,"CHUNKED=1,shape_key=26388480526810",projected_attention,token_pair,384,2,"{""token_pair"": [384]}"
augmented_attention_bwd_split_triton,sm86,bfloat16+float32,"CHUNKED=1,shape_key=281475043953114",augmented_attention,atom_single,4096|5120|6144|7168,104,"{""atom_single"": [4096, 5120, 6144, 7168]}"
augmented_attention_bwd_split_triton,sm86,bfloat16+float32,"CHUNKED=1,shape_key=52776591821274",projected_attention,token_pair,768,2,"{""token_pair"": [768]}"
augmented_attention_bwd_split_triton,sm86,bfloat16+float32,"CHUNKED=1,shape_key=52776625310170",projected_attention,token_pair,768,3,"{""token_pair"": [768]}"
augmented_attention_bwd_split_triton,sm86,bfloat16+float32,"CHUNKED=1,shape_key=52776625375706",projected_attention,token_pair,768,6,"{""token_pair"": [768]}"
augmented_attention_bwd_split_triton,sm86,bfloat16+float32,"CHUNKED=1,shape_key=52776692484570",projected_attention,token_pair,768,6,"{""token_pair"": [768]}"
augmented_attention_bwd_split_triton,sm86,bfloat16+float32,"CHUNKED=1,shape_key=52776759593434",projected_attention,token_pair,768,6,"{""token_pair"": [768]}"
augmented_attention_bwd_split_triton,sm86,bfloat16+float32,"CHUNKED=1,shape_key=52776826767834",augmented_attention|projected_attention,token_single,768,10,"{""token_single"": [768]}"
augmented_attention_bwd_split_triton,sm86,bfloat16+float32,"CHUNKED=1,shape_key=562950020663770",augmented_attention,atom_single,8192,64,"{""atom_single"": [8192]}"
augmented_attention_bwd_split_triton,sm86,float32,"CHUNKED=0,shape_key=26388547701210",augmented_attention,token_single,384,4,"{""token_single"": [384]}"
augmented_attention_bwd_split_triton,sm86,float32,"CHUNKED=0,shape_key=70368811420122",augmented_attention,atom_single,1024,2,"{""atom_single"": [1024]}"
augmented_attention_bwd_split_triton,sm86,float32,"CHUNKED=1,shape_key=140737555597786",augmented_attention,atom_single,2048|3072,12,"{""atom_single"": [2048, 3072]}"
augmented_attention_bwd_split_triton,sm86,float32,"CHUNKED=1,shape_key=281475043953114",augmented_attention,atom_single,4096|5120|6144|7168,104,"{""atom_single"": [4096, 5120, 6144, 7168]}"
augmented_attention_bwd_split_triton,sm86,float32,"CHUNKED=1,shape_key=52776826767834",augmented_attention,token_single,768,8,"{""token_single"": [768]}"
augmented_attention_bwd_split_triton,sm86,float32,"CHUNKED=1,shape_key=562950020663770",augmented_attention,atom_single,8192,64,"{""atom_single"": [8192]}"
augmented_attention_fwd_triton,sm86,bfloat16+float32,shape_key=140737555597786,augmented_attention,atom_single,2048|3072,8,"{""atom_single"": [2048, 3072]}"
augmented_attention_fwd_triton,sm86,bfloat16+float32,shape_key=17592219732442,projected_attention,token_pair,256,1,"{""token_pair"": [256]}"
augmented_attention_fwd_triton,sm86,bfloat16+float32,shape_key=17592253221338,projected_attention,token_pair,256,1,"{""token_pair"": [256]}"
augmented_attention_fwd_triton,sm86,bfloat16+float32,shape_key=17592253286874,projected_attention,token_pair,256,1,"{""token_pair"": [256]}"
augmented_attention_fwd_triton,sm86,bfloat16+float32,shape_key=17592320395738,projected_attention,token_pair,256,1,"{""token_pair"": [256]}"
augmented_attention_fwd_triton,sm86,bfloat16+float32,shape_key=17592320461274,projected_attention,token_single,256,1,"{""token_single"": [256]}"
augmented_attention_fwd_triton,sm86,bfloat16+float32,shape_key=17592387504602,projected_attention,token_pair,256,1,"{""token_pair"": [256]}"
augmented_attention_fwd_triton,sm86,bfloat16+float32,shape_key=17592454580698,projected_attention,token_single,256,1,"{""token_single"": [256]}"
augmented_attention_fwd_triton,sm86,bfloat16+float32,shape_key=17592454679002,augmented_attention|projected_attention,token_single,256,5,"{""token_single"": [256]}"
augmented_attention_fwd_triton,sm86,bfloat16+float32,shape_key=26388312754650,projected_attention,token_pair,384,2,"{""token_pair"": [384]}"
augmented_attention_fwd_triton,sm86,bfloat16+float32,shape_key=26388346243546,projected_attention,token_pair,384,2,"{""token_pair"": [384]}"
augmented_attention_fwd_triton,sm86,bfloat16+float32,shape_key=26388346309082,projected_attention,token_pair,384,2,"{""token_pair"": [384]}"
augmented_attention_fwd_triton,sm86,bfloat16+float32,shape_key=26388413417946,projected_attention,token_pair,384,2,"{""token_pair"": [384]}"
augmented_attention_fwd_triton,sm86,bfloat16+float32,shape_key=26388413483482,projected_attention,token_single,384,2,"{""token_single"": [384]}"
augmented_attention_fwd_triton,sm86,bfloat16+float32,shape_key=26388480526810,projected_attention,token_pair,384,2,"{""token_pair"": [384]}"
augmented_attention_fwd_triton,sm86,bfloat16+float32,shape_key=26388547602906,projected_attention,token_single,384,2,"{""token_single"": [384]}"
augmented_attention_fwd_triton,sm86,bfloat16+float32,shape_key=26388547701210,augmented_attention|projected_attention,token_single,384,10,"{""token_single"": [384]}"
augmented_attention_fwd_triton,sm86,bfloat16+float32,shape_key=281475043953114,augmented_attention,atom_single,4096|5120|6144|7168,16,"{""atom_single"": [4096, 5120, 6144, 7168]}"
augmented_attention_fwd_triton,sm86,bfloat16+float32,shape_key=35184405776858,projected_attention,token_pair,512,1,"{""token_pair"": [512]}"
augmented_attention_fwd_triton,sm86,bfloat16+float32,shape_key=35184439265754,projected_attention,token_pair,512,1,"{""token_pair"": [512]}"
augmented_attention_fwd_triton,sm86,bfloat16+float32,shape_key=35184439331290,projected_attention,token_pair,512,1,"{""token_pair"": [512]}"
augmented_attention_fwd_triton,sm86,bfloat16+float32,shape_key=35184506440154,projected_attention,token_pair,512,1,"{""token_pair"": [512]}"
augmented_attention_fwd_triton,sm86,bfloat16+float32,shape_key=35184506505690,projected_attention,token_single,512,1,"{""token_single"": [512]}"
augmented_attention_fwd_triton,sm86,bfloat16+float32,shape_key=35184573549018,projected_attention,token_pair,512,1,"{""token_pair"": [512]}"
augmented_attention_fwd_triton,sm86,bfloat16+float32,shape_key=35184640625114,projected_attention,token_single,512,1,"{""token_single"": [512]}"
augmented_attention_fwd_triton,sm86,bfloat16+float32,shape_key=35184640723418,augmented_attention|projected_attention,token_single,512,5,"{""token_single"": [512]}"
augmented_attention_fwd_triton,sm86,bfloat16+float32,shape_key=43980498799066,projected_attention,token_pair,640,1,"{""token_pair"": [640]}"
augmented_attention_fwd_triton,sm86,bfloat16+float32,shape_key=43980532287962,projected_attention,token_pair,640,1,"{""token_pair"": [640]}"
augmented_attention_fwd_triton,sm86,bfloat16+float32,shape_key=43980532353498,projected_attention,token_pair,640,1,"{""token_pair"": [640]}"
augmented_attention_fwd_triton,sm86,bfloat16+float32,shape_key=43980599462362,projected_attention,token_pair,640,1,"{""token_pair"": [640]}"
augmented_attention_fwd_triton,sm86,bfloat16+float32,shape_key=43980599527898,projected_attention,token_single,640,1,"{""token_single"": [640]}"
augmented_attention_fwd_triton,sm86,bfloat16+float32,shape_key=43980666571226,projected_attention,token_pair,640,1,"{""token_pair"": [640]}"
augmented_attention_fwd_triton,sm86,bfloat16+float32,shape_key=43980733647322,projected_attention,token_single,640,1,"{""token_single"": [640]}"
augmented_attention_fwd_triton,sm86,bfloat16+float32,shape_key=43980733745626,augmented_attention|projected_attention,token_single,640,5,"{""token_single"": [640]}"
augmented_attention_fwd_triton,sm86,bfloat16+float32,shape_key=52776591821274,projected_attention,token_pair,768,2,"{""token_pair"": [768]}"
augmented_attention_fwd_triton,sm86,bfloat16+float32,shape_key=52776625310170,projected_attention,token_pair,768,2,"{""token_pair"": [768]}"
augmented_attention_fwd_triton,sm86,bfloat16+float32,shape_key=52776625375706,projected_attention,token_pair,768,2,"{""token_pair"": [768]}"
augmented_attention_fwd_triton,sm86,bfloat16+float32,shape_key=52776692484570,projected_attention,token_pair,768,2,"{""token_pair"": [768]}"
augmented_attention_fwd_triton,sm86,bfloat16+float32,shape_key=52776692550106,projected_attention,token_single,768,2,"{""token_single"": [768]}"
augmented_attention_fwd_triton,sm86,bfloat16+float32,shape_key=52776759593434,projected_attention,token_pair,768,2,"{""token_pair"": [768]}"
augmented_attention_fwd_triton,sm86,bfloat16+float32,shape_key=52776826669530,projected_attention,token_single,768,2,"{""token_single"": [768]}"
augmented_attention_fwd_triton,sm86,bfloat16+float32,shape_key=52776826767834,augmented_attention|projected_attention,token_single,768,10,"{""token_single"": [768]}"
augmented_attention_fwd_triton,sm86,bfloat16+float32,shape_key=562950020663770,augmented_attention,atom_single,8192,4,"{""atom_single"": [8192]}"
augmented_attention_fwd_triton,sm86,bfloat16+float32,shape_key=70368811420122,augmented_attention,atom_single,1024,4,"{""atom_single"": [1024]}"
augmented_attention_fwd_triton,sm86,bfloat16+float32,shape_key=8796126710234,projected_attention,token_pair,128,1,"{""token_pair"": [128]}"
augmented_attention_fwd_triton,sm86,bfloat16+float32,shape_key=8796160199130,projected_attention,token_pair,128,1,"{""token_pair"": [128]}"
augmented_attention_fwd_triton,sm86,bfloat16+float32,shape_key=8796160264666,projected_attention,token_pair,128,1,"{""token_pair"": [128]}"
augmented_attention_fwd_triton,sm86,bfloat16+float32,shape_key=8796227373530,projected_attention,token_pair,128,1,"{""token_pair"": [128]}"
augmented_attention_fwd_triton,sm86,bfloat16+float32,shape_key=8796227439066,projected_attention,token_single,128,1,"{""token_single"": [128]}"
augmented_attention_fwd_triton,sm86,bfloat16+float32,shape_key=8796294482394,projected_attention,token_pair,128,1,"{""token_pair"": [128]}"
augmented_attention_fwd_triton,sm86,bfloat16+float32,shape_key=8796361558490,projected_attention,token_single,128,1,"{""token_single"": [128]}"
augmented_attention_fwd_triton,sm86,bfloat16+float32,shape_key=8796361656794,augmented_attention|projected_attention,token_single,128,5,"{""token_single"": [128]}"
augmented_attention_fwd_triton,sm86,float32,shape_key=140737555597786,augmented_attention,atom_single,2048|3072,8,"{""atom_single"": [2048, 3072]}"
augmented_attention_fwd_triton,sm86,float32,shape_key=17592454679002,augmented_attention,token_single,256,4,"{""token_single"": [256]}"
augmented_attention_fwd_triton,sm86,float32,shape_key=26388547701210,augmented_attention,token_single,384,8,"{""token_single"": [384]}"
augmented_attention_fwd_triton,sm86,float32,shape_key=281475043953114,augmented_attention,atom_single,4096|5120|6144|7168,16,"{""atom_single"": [4096, 5120, 6144, 7168]}"
augmented_attention_fwd_triton,sm86,float32,shape_key=35184640723418,augmented_attention,token_single,512,4,"{""token_single"": [512]}"
augmented_attention_fwd_triton,sm86,float32,shape_key=43980733745626,augmented_attention,token_single,640,4,"{""token_single"": [640]}"
augmented_attention_fwd_triton,sm86,float32,shape_key=52776826767834,augmented_attention,token_single,768,8,"{""token_single"": [768]}"
augmented_attention_fwd_triton,sm86,float32,shape_key=562950020663770,augmented_attention,atom_single,8192,4,"{""atom_single"": [8192]}"
augmented_attention_fwd_triton,sm86,float32,shape_key=70368811420122,augmented_attention,atom_single,1024,4,"{""atom_single"": [1024]}"
augmented_attention_fwd_triton,sm86,float32,shape_key=8796361656794,augmented_attention,token_single,128,4,"{""token_single"": [128]}"
cond_transition_bwd_gemm_swiglu_triton,sm86,bfloat16,shape_key=140739636889840,conditioned_transition,atom_single,2048|3072,2,"{""atom_single"": [2048, 3072]}"
cond_transition_bwd_gemm_swiglu_triton,sm86,bfloat16,shape_key=26401170262256,conditioned_transition,token_single,384,2,"{""token_single"": [384]}"
cond_transition_bwd_gemm_swiglu_triton,sm86,bfloat16,shape_key=281477125245168,conditioned_transition,atom_single,4096|5120|6144|7168,4,"{""atom_single"": [4096, 5120, 6144, 7168]}"
cond_transition_bwd_gemm_swiglu_triton,sm86,bfloat16,shape_key=52789449328880,conditioned_transition,token_single,768,2,"{""token_single"": [768]}"
cond_transition_bwd_gemm_swiglu_triton,sm86,bfloat16,shape_key=562952101955824,conditioned_transition,atom_single,8192,1,"{""atom_single"": [8192]}"
cond_transition_bwd_gemm_swiglu_triton,sm86,bfloat16,shape_key=70370892712176,conditioned_transition,atom_single,1024,1,"{""atom_single"": [1024]}"
cond_transition_bwd_gemm_swiglu_triton,sm86,float32,shape_key=140739636889840,conditioned_transition,atom_single,2048|3072,2,"{""atom_single"": [2048, 3072]}"
cond_transition_bwd_gemm_swiglu_triton,sm86,float32,shape_key=281477125245168,conditioned_transition,atom_single,4096|5120|6144|7168,4,"{""atom_single"": [4096, 5120, 6144, 7168]}"
cond_transition_bwd_gemm_swiglu_triton,sm86,float32,shape_key=562952101955824,conditioned_transition,atom_single,8192,1,"{""atom_single"": [8192]}"
cond_transition_bwd_gemm_swiglu_triton,sm86,float32,shape_key=70370892712176,conditioned_transition,atom_single,1024,1,"{""atom_single"": [1024]}"
cond_transition_bwd_swiglu_flat_triton,sm86,float32,shape_key=12891194877,conditioned_transition,token_single,768,2,"{""token_single"": [768]}"
cond_transition_bwd_swiglu_flat_triton,sm86,float32,shape_key=6448743933,conditioned_transition,token_single,384,2,"{""token_single"": [384]}"
cond_transition_expand_swiglu_triton,sm86,bfloat16,shape_key=17605077239974,conditioned_transition,token_single,256,2,"{""token_single"": [256]}"
cond_transition_expand_swiglu_triton,sm86,bfloat16,shape_key=26401170262182,conditioned_transition,token_single,384,2,"{""token_single"": [384]}"
cond_transition_expand_swiglu_triton,sm86,bfloat16,shape_key=35197263284390,conditioned_transition,token_single,512,2,"{""token_single"": [512]}"
cond_transition_expand_swiglu_triton,sm86,bfloat16,shape_key=43993356306598,conditioned_transition,token_single,640,2,"{""token_single"": [640]}"
cond_transition_expand_swiglu_triton,sm86,bfloat16,shape_key=52789449328806,conditioned_transition,token_single,768,2,"{""token_single"": [768]}"
cond_transition_expand_swiglu_triton,sm86,bfloat16,shape_key=8808984217766,conditioned_transition,token_single,128,2,"{""token_single"": [128]}"
cond_transition_expand_swiglu_triton,sm86,float32,shape_key=17605077239974,conditioned_transition,token_single,256,2,"{""token_single"": [256]}"
cond_transition_expand_swiglu_triton,sm86,float32,shape_key=26401170262182,conditioned_transition,token_single,384,2,"{""token_single"": [384]}"
cond_transition_expand_swiglu_triton,sm86,float32,shape_key=35197263284390,conditioned_transition,token_single,512,2,"{""token_single"": [512]}"
cond_transition_expand_swiglu_triton,sm86,float32,shape_key=43993356306598,conditioned_transition,token_single,640,2,"{""token_single"": [640]}"
cond_transition_expand_swiglu_triton,sm86,float32,shape_key=52789449328806,conditioned_transition,token_single,768,2,"{""token_single"": [768]}"
cond_transition_expand_swiglu_triton,sm86,float32,shape_key=8808984217766,conditioned_transition,token_single,128,2,"{""token_single"": [128]}"
cond_transition_fwd_b2b_saveact_triton,sm86,bfloat16,shape_key=1152930302848402281,conditioned_transition,atom_single,4096|5120|6144|7168,4,"{""atom_single"": [4096, 5120, 6144, 7168]}"
cond_transition_fwd_b2b_saveact_triton,sm86,bfloat16,shape_key=2305851807455249257,conditioned_transition,atom_single,8192,1,"{""atom_single"": [8192]}"
cond_transition_fwd_b2b_saveact_triton,sm86,bfloat16,shape_key=288239174393267049,conditioned_transition,atom_single,1024,1,"{""atom_single"": [1024]}"
cond_transition_fwd_b2b_saveact_triton,sm86,bfloat16,shape_key=576469550544978793,conditioned_transition,atom_single,2048|3072,2,"{""atom_single"": [2048, 3072]}"
cond_transition_fwd_b2b_saveact_triton,sm86,float32,shape_key=1152930302848402281,conditioned_transition,atom_single,4096|5120|6144|7168,4,"{""atom_single"": [4096, 5120, 6144, 7168]}"
cond_transition_fwd_b2b_saveact_triton,sm86,float32,shape_key=2305851807455249257,conditioned_transition,atom_single,8192,1,"{""atom_single"": [8192]}"
cond_transition_fwd_b2b_saveact_triton,sm86,float32,shape_key=288239174393267049,conditioned_transition,atom_single,1024,1,"{""atom_single"": [1024]}"
cond_transition_fwd_b2b_saveact_triton,sm86,float32,shape_key=576469550544978793,conditioned_transition,atom_single,2048|3072,2,"{""atom_single"": [2048, 3072]}"
cond_transition_fwd_b2b_triton,sm86,bfloat16,shape_key=1152930302848402281,conditioned_transition,atom_single,4096|5120|6144|7168,4,"{""atom_single"": [4096, 5120, 6144, 7168]}"
cond_transition_fwd_b2b_triton,sm86,bfloat16,shape_key=2305851807455249257,conditioned_transition,atom_single,8192,1,"{""atom_single"": [8192]}"
cond_transition_fwd_b2b_triton,sm86,bfloat16,shape_key=288239174393267049,conditioned_transition,atom_single,1024,1,"{""atom_single"": [1024]}"
cond_transition_fwd_b2b_triton,sm86,bfloat16,shape_key=576469550544978793,conditioned_transition,atom_single,2048|3072,2,"{""atom_single"": [2048, 3072]}"
cond_transition_fwd_b2b_triton,sm86,float32,shape_key=1152930302848402281,conditioned_transition,atom_single,4096|5120|6144|7168,4,"{""atom_single"": [4096, 5120, 6144, 7168]}"
cond_transition_fwd_b2b_triton,sm86,float32,shape_key=2305851807455249257,conditioned_transition,atom_single,8192,1,"{""atom_single"": [8192]}"
cond_transition_fwd_b2b_triton,sm86,float32,shape_key=288239174393267049,conditioned_transition,atom_single,1024,1,"{""atom_single"": [1024]}"
cond_transition_fwd_b2b_triton,sm86,float32,shape_key=576469550544978793,conditioned_transition,atom_single,2048|3072,2,"{""atom_single"": [2048, 3072]}"
cond_transition_squeeze_gate_triton,sm86,bfloat16,shape_key=17598634788545,conditioned_transition,token_single,256,1,"{""token_single"": [256]}"
cond_transition_squeeze_gate_triton,sm86,bfloat16,shape_key=17605077239489,conditioned_transition,token_single,256,1,"{""token_single"": [256]}"
cond_transition_squeeze_gate_triton,sm86,bfloat16,shape_key=26394727810753,conditioned_transition,token_single,384,1,"{""token_single"": [384]}"
cond_transition_squeeze_gate_triton,sm86,bfloat16,shape_key=26401170261697,conditioned_transition,token_single,384,1,"{""token_single"": [384]}"
cond_transition_squeeze_gate_triton,sm86,bfloat16,shape_key=35190820832961,conditioned_transition,token_single,512,1,"{""token_single"": [512]}"
cond_transition_squeeze_gate_triton,sm86,bfloat16,shape_key=35197263283905,conditioned_transition,token_single,512,1,"{""token_single"": [512]}"
cond_transition_squeeze_gate_triton,sm86,bfloat16,shape_key=43986913855169,conditioned_transition,token_single,640,1,"{""token_single"": [640]}"
cond_transition_squeeze_gate_triton,sm86,bfloat16,shape_key=43993356306113,conditioned_transition,token_single,640,1,"{""token_single"": [640]}"
cond_transition_squeeze_gate_triton,sm86,bfloat16,shape_key=52783006877377,conditioned_transition,token_single,768,1,"{""token_single"": [768]}"
cond_transition_squeeze_gate_triton,sm86,bfloat16,shape_key=52789449328321,conditioned_transition,token_single,768,1,"{""token_single"": [768]}"
cond_transition_squeeze_gate_triton,sm86,bfloat16,shape_key=8802541766337,conditioned_transition,token_single,128,1,"{""token_single"": [128]}"
cond_transition_squeeze_gate_triton,sm86,bfloat16,shape_key=8808984217281,conditioned_transition,token_single,128,1,"{""token_single"": [128]}"
cond_transition_squeeze_gate_triton,sm86,float32,shape_key=17598634788545,conditioned_transition,token_single,256,1,"{""token_single"": [256]}"
cond_transition_squeeze_gate_triton,sm86,float32,shape_key=17605077239489,conditioned_transition,token_single,256,1,"{""token_single"": [256]}"
cond_transition_squeeze_gate_triton,sm86,float32,shape_key=26394727810753,conditioned_transition,token_single,384,1,"{""token_single"": [384]}"
cond_transition_squeeze_gate_triton,sm86,float32,shape_key=26401170261697,conditioned_transition,token_single,384,1,"{""token_single"": [384]}"
cond_transition_squeeze_gate_triton,sm86,float32,shape_key=35190820832961,conditioned_transition,token_single,512,1,"{""token_single"": [512]}"
cond_transition_squeeze_gate_triton,sm86,float32,shape_key=35197263283905,conditioned_transition,token_single,512,1,"{""token_single"": [512]}"
cond_transition_squeeze_gate_triton,sm86,float32,shape_key=43986913855169,conditioned_transition,token_single,640,1,"{""token_single"": [640]}"
cond_transition_squeeze_gate_triton,sm86,float32,shape_key=43993356306113,conditioned_transition,token_single,640,1,"{""token_single"": [640]}"
cond_transition_squeeze_gate_triton,sm86,float32,shape_key=52783006877377,conditioned_transition,token_single,768,1,"{""token_single"": [768]}"
cond_transition_squeeze_gate_triton,sm86,float32,shape_key=52789449328321,conditioned_transition,token_single,768,1,"{""token_single"": [768]}"
cond_transition_squeeze_gate_triton,sm86,float32,shape_key=8802541766337,conditioned_transition,token_single,128,1,"{""token_single"": [128]}"
cond_transition_squeeze_gate_triton,sm86,float32,shape_key=8808984217281,conditioned_transition,token_single,128,1,"{""token_single"": [128]}"
cond_transition_swiglu_triton,sm86,bfloat16,shape_key=12891194877,conditioned_transition,token_single,768,2,"{""token_single"": [768]}"
cond_transition_swiglu_triton,sm86,bfloat16,shape_key=6448743933,conditioned_transition,token_single,384,2,"{""token_single"": [384]}"
cond_transition_swiglu_triton,sm86,float32,shape_key=12891194877,conditioned_transition,token_single,768,2,"{""token_single"": [768]}"
cond_transition_swiglu_triton,sm86,float32,shape_key=6448743933,conditioned_transition,token_single,384,2,"{""token_single"": [384]}"
gated_projection_bwd_dx_triton,sm86,bfloat16,shape_key=26389353073463,gated_linear|triangle_attention_checkpoint,msa_token|token_pair,384,4,"{""msa_token"": [384], ""token_pair"": [384]}"
gated_projection_bwd_dx_triton,sm86,bfloat16,shape_key=26389353335607,gated_linear,msa_token,384,1,"{""msa_token"": [384]}"
gated_projection_bwd_dx_triton,sm86,bfloat16,shape_key=26390426815287,gated_linear|triangle_attention_checkpoint,token_pair,384,2,"{""token_pair"": [384]}"
gated_projection_bwd_dx_triton,sm86,bfloat16,shape_key=26390427077431,gated_linear|pairformer_block|triangle_attention_heads,msa_token|token_pair,384,7,"{""msa_token"": [384], ""token_pair"": [384]}"
gated_projection_bwd_dx_triton,sm86,bfloat16,shape_key=26392574561079,triangle_attention_bidirectional,token_pair,384,1,"{""token_pair"": [384]}"
gated_projection_bwd_dx_triton,sm86,bfloat16,shape_key=52777632140087,gated_linear|triangle_attention_checkpoint,msa_token|token_pair,768,4,"{""msa_token"": [768], ""token_pair"": [768]}"
gated_projection_bwd_dx_triton,sm86,bfloat16,shape_key=52777632402231,gated_linear,msa_token,768,1,"{""msa_token"": [768]}"
gated_projection_bwd_dx_triton,sm86,bfloat16,shape_key=52778705881911,gated_linear|triangle_attention_checkpoint,token_pair,768,2,"{""token_pair"": [768]}"
gated_projection_bwd_dx_triton,sm86,bfloat16,shape_key=52778706144055,gated_linear|pairformer_block|triangle_attention_heads,atom_single|msa_token|token_pair,768|1024|2048|3072|4096|5120|6144|7168|8192,15,"{""atom_single"": [1024, 2048, 3072, 4096, 5120, 6144, 7168, 8192], ""msa_token"": [768], ""token_pair"": [768]}"
gated_projection_bwd_dx_triton,sm86,bfloat16,shape_key=52780853627703,triangle_attention_bidirectional,token_pair,768,1,"{""token_pair"": [768]}"
gated_projection_bwd_gate_dropres_triton,sm86,bfloat16,"FROM_PREACT=0,shape_key=12885164826",triangle_multiplication,token_pair,768,2,"{""token_pair"": [768]}"
gated_projection_bwd_gate_dropres_triton,sm86,bfloat16,"FROM_PREACT=0,shape_key=12885426970",pairformer_block|triangle_multiplication|triangle_multiplication_bidirectional,token_pair,768,8,"{""token_pair"": [768]}"
gated_projection_bwd_gate_dropres_triton,sm86,bfloat16,"FROM_PREACT=0,shape_key=12885951258",triangle_multiplication,token_pair,768,2,"{""token_pair"": [768]}"
gated_projection_bwd_gate_dropres_triton,sm86,bfloat16,"FROM_PREACT=0,shape_key=12886475546",triangle_multiplication,token_pair,768,2,"{""token_pair"": [768]}"
gated_projection_bwd_gate_dropres_triton,sm86,bfloat16,"FROM_PREACT=0,shape_key=6442713882",triangle_multiplication,token_pair,384,2,"{""token_pair"": [384]}"
gated_projection_bwd_gate_dropres_triton,sm86,bfloat16,"FROM_PREACT=0,shape_key=6442976026",pairformer_block|triangle_multiplication|triangle_multiplication_bidirectional,token_pair,384,8,"{""token_pair"": [384]}"
gated_projection_bwd_gate_dropres_triton,sm86,bfloat16,"FROM_PREACT=0,shape_key=6443500314",triangle_multiplication,token_pair,384,2,"{""token_pair"": [384]}"
gated_projection_bwd_gate_dropres_triton,sm86,bfloat16,"FROM_PREACT=0,shape_key=6444024602",triangle_multiplication,token_pair,384,2,"{""token_pair"": [384]}"
gated_projection_bwd_gate_flat_triton,sm86,bfloat16,shape_key=147456,conditioned_transition|gated_linear|swa_atom_attention|triangle_attention_checkpoint,atom_single|token_pair,384|3072|4096|5120,10,"{""atom_single"": [3072, 4096, 5120], ""token_pair"": [384]}"
gated_projection_bwd_gate_flat_triton,sm86,bfloat16,shape_key=16384,conditioned_transition|gated_linear|swa_atom_attention,atom_single|token_single,384|768|1024,8,"{""atom_single"": [1024], ""token_single"": [384, 768]}"
gated_projection_bwd_gate_flat_triton,sm86,bfloat16,shape_key=262144,conditioned_transition|swa_atom_attention,atom_single,6144|7168|8192,6,"{""atom_single"": [6144, 7168, 8192]}"
gated_projection_bwd_gate_flat_triton,sm86,bfloat16,shape_key=384,gated_linear,token_single,384,1,"{""token_single"": [384]}"
gated_projection_bwd_gate_flat_triton,sm86,bfloat16,shape_key=589824,gated_linear|triangle_attention_checkpoint,token_pair,768,4,"{""token_pair"": [768]}"
gated_projection_bwd_gate_flat_triton,sm86,bfloat16,shape_key=65536,conditioned_transition|swa_atom_attention,atom_single,2048,2,"{""atom_single"": [2048]}"
gated_projection_bwd_gate_flat_triton,sm86,bfloat16,shape_key=768,gated_linear,token_single,768,1,"{""token_single"": [768]}"
gated_projection_bwd_gate_flat_triton,sm86,float32,shape_key=147456,conditioned_transition,atom_single,3072|4096|5120,3,"{""atom_single"": [3072, 4096, 5120]}"
gated_projection_bwd_gate_flat_triton,sm86,float32,shape_key=16384,conditioned_transition,atom_single|token_single,384|768|1024,5,"{""atom_single"": [1024], ""token_single"": [384, 768]}"
gated_projection_bwd_gate_flat_triton,sm86,float32,shape_key=262144,conditioned_transition,atom_single,6144|7168|8192,3,"{""atom_single"": [6144, 7168, 8192]}"
gated_projection_bwd_gate_flat_triton,sm86,float32,shape_key=65536,conditioned_transition,atom_single,2048,1,"{""atom_single"": [2048]}"
gated_projection_gate_flat_triton,sm86,bfloat16,shape_key=1024,gated_linear,token_single,256|384,2,"{""token_single"": [256, 384]}"
gated_projection_gate_flat_triton,sm86,bfloat16,shape_key=128,gated_linear,token_single,128,1,"{""token_single"": [128]}"
gated_projection_gate_flat_triton,sm86,bfloat16,shape_key=147456,gated_linear|swa_atom_attention|triangle_attention_checkpoint,atom_single|token_pair,384|3072|4096|5120,11,"{""atom_single"": [3072, 4096, 5120], ""token_pair"": [384]}"
gated_projection_gate_flat_triton,sm86,bfloat16,shape_key=16384,conditioned_transition|gated_linear|swa_atom_attention,atom_single|token_pair|token_single,128|384|768|1024,9,"{""atom_single"": [1024], ""token_pair"": [128], ""token_single"": [384, 768]}"
gated_projection_gate_flat_triton,sm86,bfloat16,shape_key=2048,gated_linear,token_single,512|640|768,3,"{""token_single"": [512, 640, 768]}"
gated_projection_gate_flat_triton,sm86,bfloat16,shape_key=256,gated_linear,token_single,256,1,"{""token_single"": [256]}"
gated_projection_gate_flat_triton,sm86,bfloat16,shape_key=262144,gated_linear|swa_atom_attention|triangle_attention_checkpoint,atom_single|token_pair,512|6144|7168|8192,7,"{""atom_single"": [6144, 7168, 8192], ""token_pair"": [512]}"
gated_projection_gate_flat_triton,sm86,bfloat16,shape_key=384,gated_linear,token_single,384,2,"{""token_single"": [384]}"
gated_projection_gate_flat_triton,sm86,bfloat16,shape_key=409600,gated_linear|triangle_attention_checkpoint,token_pair,640,4,"{""token_pair"": [640]}"
gated_projection_gate_flat_triton,sm86,bfloat16,shape_key=512,gated_linear,token_single,512,1,"{""token_single"": [512]}"
gated_projection_gate_flat_triton,sm86,bfloat16,shape_key=589824,gated_linear|triangle_attention_checkpoint,token_pair,768,8,"{""token_pair"": [768]}"
gated_projection_gate_flat_triton,sm86,bfloat16,shape_key=640,gated_linear,token_single,128|640,2,"{""token_single"": [128, 640]}"
gated_projection_gate_flat_triton,sm86,bfloat16,shape_key=65536,gated_linear|swa_atom_attention,atom_single|token_pair,256|2048,3,"{""atom_single"": [2048], ""token_pair"": [256]}"
gated_projection_gate_flat_triton,sm86,bfloat16,shape_key=768,gated_linear,token_single,768,2,"{""token_single"": [768]}"
gated_projection_gate_flat_triton,sm86,float32,shape_key=16384,conditioned_transition,token_single,384|768,4,"{""token_single"": [384, 768]}"
gated_projection_gate_gemm_triton,sm86,bfloat16,shape_key=17593260051255,gated_linear,msa_token|token_pair,256,2,"{""msa_token"": [256], ""token_pair"": [256]}"
gated_projection_gate_gemm_triton,sm86,bfloat16,shape_key=17593260313399,gated_linear,msa_token,256,1,"{""msa_token"": [256]}"
gated_projection_gate_gemm_triton,sm86,bfloat16,shape_key=17594333793079,gated_linear,token_pair,256,1,"{""token_pair"": [256]}"
gated_projection_gate_gemm_triton,sm86,bfloat16,shape_key=17594334055223,gated_linear,msa_token|token_pair,256,2,"{""msa_token"": [256], ""token_pair"": [256]}"
gated_projection_gate_gemm_triton,sm86,bfloat16,shape_key=17596481538871,triangle_attention_bidirectional,token_pair,256,1,"{""token_pair"": [256]}"
gated_projection_gate_gemm_triton,sm86,bfloat16,shape_key=26389353073463,gated_linear|triangle_attention_checkpoint,msa_token|token_pair,384,8,"{""msa_token"": [384], ""token_pair"": [384]}"
gated_projection_gate_gemm_triton,sm86,bfloat16,shape_key=26389353335607,gated_linear,msa_token,384,2,"{""msa_token"": [384]}"
gated_projection_gate_gemm_triton,sm86,bfloat16,shape_key=26390426815287,gated_linear|triangle_attention_checkpoint,token_pair,384,4,"{""token_pair"": [384]}"
gated_projection_gate_gemm_triton,sm86,bfloat16,shape_key=26390427077431,gated_linear|pairformer_block|triangle_attention_heads,msa_token|token_pair,384,12,"{""msa_token"": [384], ""token_pair"": [384]}"
gated_projection_gate_gemm_triton,sm86,bfloat16,shape_key=26392574561079,triangle_attention_bidirectional,token_pair,384,2,"{""token_pair"": [384]}"
gated_projection_gate_gemm_triton,sm86,bfloat16,shape_key=35185446095671,gated_linear|triangle_attention_checkpoint,msa_token|token_pair,512,4,"{""msa_token"": [512], ""token_pair"": [512]}"
gated_projection_gate_gemm_triton,sm86,bfloat16,shape_key=35185446357815,gated_linear,msa_token,512,1,"{""msa_token"": [512]}"
gated_projection_gate_gemm_triton,sm86,bfloat16,shape_key=35186519837495,gated_linear|triangle_attention_checkpoint,token_pair,512,2,"{""token_pair"": [512]}"
gated_projection_gate_gemm_triton,sm86,bfloat16,shape_key=35186520099639,gated_linear|pairformer_block|triangle_attention_heads,msa_token|token_pair,512,5,"{""msa_token"": [512], ""token_pair"": [512]}"
gated_projection_gate_gemm_triton,sm86,bfloat16,shape_key=35188667583287,triangle_attention_bidirectional,token_pair,512,1,"{""token_pair"": [512]}"
gated_projection_gate_gemm_triton,sm86,bfloat16,shape_key=43981539117879,gated_linear|triangle_attention_checkpoint,msa_token|token_pair,640,4,"{""msa_token"": [640], ""token_pair"": [640]}"
gated_projection_gate_gemm_triton,sm86,bfloat16,shape_key=43981539380023,gated_linear,msa_token,640,1,"{""msa_token"": [640]}"
gated_projection_gate_gemm_triton,sm86,bfloat16,shape_key=43982612859703,gated_linear|triangle_attention_checkpoint,token_pair,640,2,"{""token_pair"": [640]}"
gated_projection_gate_gemm_triton,sm86,bfloat16,shape_key=43982613121847,gated_linear|pairformer_block|triangle_attention_heads,msa_token|token_pair,640,5,"{""msa_token"": [640], ""token_pair"": [640]}"
gated_projection_gate_gemm_triton,sm86,bfloat16,shape_key=43984760605495,triangle_attention_bidirectional,token_pair,640,1,"{""token_pair"": [640]}"
gated_projection_gate_gemm_triton,sm86,bfloat16,shape_key=52777632140087,gated_linear|triangle_attention_checkpoint,msa_token|token_pair,768,8,"{""msa_token"": [768], ""token_pair"": [768]}"
gated_projection_gate_gemm_triton,sm86,bfloat16,shape_key=52777632402231,gated_linear,msa_token,768,2,"{""msa_token"": [768]}"
gated_projection_gate_gemm_triton,sm86,bfloat16,shape_key=52778705881911,gated_linear|triangle_attention_checkpoint,token_pair,768,4,"{""token_pair"": [768]}"
gated_projection_gate_gemm_triton,sm86,bfloat16,shape_key=52778706144055,gated_linear|pairformer_block|triangle_attention_heads,atom_single|msa_token|token_pair,768|1024|2048|3072|4096|5120|6144|7168|8192,28,"{""atom_single"": [1024, 2048, 3072, 4096, 5120, 6144, 7168, 8192], ""msa_token"": [768], ""token_pair"": [768]}"
gated_projection_gate_gemm_triton,sm86,bfloat16,shape_key=52780853627703,triangle_attention_bidirectional,token_pair,768,2,"{""token_pair"": [768]}"
gated_projection_gate_gemm_triton,sm86,bfloat16,shape_key=8797167029047,gated_linear,msa_token|token_pair,128,2,"{""msa_token"": [128], ""token_pair"": [128]}"
gated_projection_gate_gemm_triton,sm86,bfloat16,shape_key=8797167291191,gated_linear,msa_token,128,1,"{""msa_token"": [128]}"
gated_projection_gate_gemm_triton,sm86,bfloat16,shape_key=8798240770871,gated_linear,token_pair,128,1,"{""token_pair"": [128]}"
gated_projection_gate_gemm_triton,sm86,bfloat16,shape_key=8798241033015,gated_linear,msa_token|token_pair,128,2,"{""msa_token"": [128], ""token_pair"": [128]}"
gated_projection_gate_gemm_triton,sm86,bfloat16,shape_key=8800388516663,triangle_attention_bidirectional,token_pair,128,1,"{""token_pair"": [128]}"
layernorm_bwd_atomic_strided_triton,sm86,bfloat16+float32,shape_key=2473901425434,triangle_multiplication,token_pair,384,2,"{""token_pair"": [384]}"
layernorm_bwd_atomic_strided_triton,sm86,bfloat16+float32,shape_key=2473901687578,pairformer_block|triangle_multiplication,token_pair,384,6,"{""token_pair"": [384]}"
layernorm_bwd_atomic_strided_triton,sm86,bfloat16+float32,shape_key=2473902211866,triangle_multiplication|triangle_multiplication_bidirectional,token_pair,384,4,"{""token_pair"": [384]}"
layernorm_bwd_atomic_strided_triton,sm86,bfloat16+float32,shape_key=2473902736154,triangle_multiplication,token_pair,384,2,"{""token_pair"": [384]}"
layernorm_bwd_atomic_strided_triton,sm86,bfloat16+float32,shape_key=274879480602,adaptive_layernorm|augmented_attention|conditioned_transition,token_single,384|768,8,"{""token_single"": [384, 768]}"
layernorm_bwd_atomic_strided_triton,sm86,bfloat16+float32,shape_key=274881053466,adaptive_layernorm|augmented_attention|conditioned_transition,token_single,384|768,8,"{""token_single"": [384, 768]}"
layernorm_bwd_atomic_strided_triton,sm86,float32,shape_key=274879480602,adaptive_layernorm|augmented_attention|conditioned_transition,token_single,384|768,8,"{""token_single"": [384, 768]}"
layernorm_bwd_atomic_strided_triton,sm86,float32,shape_key=274881053466,adaptive_layernorm|augmented_attention|conditioned_transition,token_single,384|768,8,"{""token_single"": [384, 768]}"
layernorm_bwd_atomic_triton,sm86,bfloat16+float32,"HAS_ROWSCALE=0,shape_key=1099511694106",layernorm_native,atom_pair,1024,1,"{""atom_pair"": [1024]}"
layernorm_bwd_atomic_triton,sm86,bfloat16+float32,"HAS_ROWSCALE=0,shape_key=1099512152858",layernorm_native,atom_single,2048,2,"{""atom_single"": [2048]}"
layernorm_bwd_atomic_triton,sm86,bfloat16+float32,"HAS_ROWSCALE=0,shape_key=12886475546",layernorm_native,token_single,768,1,"{""token_single"": [768]}"
layernorm_bwd_atomic_triton,sm86,bfloat16+float32,"HAS_ROWSCALE=0,shape_key=12888048410",layernorm_native,token_single,768,1,"{""token_single"": [768]}"
layernorm_bwd_atomic_triton,sm86,bfloat16+float32,"HAS_ROWSCALE=0,shape_key=12888306458",layernorm_native,token_single,768,1,"{""token_single"": [768]}"
layernorm_bwd_atomic_triton,sm86,bfloat16+float32,"HAS_ROWSCALE=0,shape_key=12888314650",layernorm_native,token_single,768,1,"{""token_single"": [768]}"
layernorm_bwd_atomic_triton,sm86,bfloat16+float32,"HAS_ROWSCALE=0,shape_key=137439478554",layernorm_native,atom_single,8192,2,"{""atom_single"": [8192]}"
layernorm_bwd_atomic_triton,sm86,bfloat16+float32,"HAS_ROWSCALE=0,shape_key=17180394266",layernorm_native,atom_single,1024,2,"{""atom_single"": [1024]}"
layernorm_bwd_atomic_triton,sm86,bfloat16+float32,"HAS_ROWSCALE=0,shape_key=2148533018",layernorm_native,noise,1,2,"{""noise"": [1]}"
layernorm_bwd_atomic_triton,sm86,bfloat16+float32,"HAS_ROWSCALE=0,shape_key=2473901425434",layernorm_native|triangle_attention_checkpoint,token_pair,384,4,"{""token_pair"": [384]}"
layernorm_bwd_atomic_triton,sm86,bfloat16+float32,"HAS_ROWSCALE=0,shape_key=2473901687578",augmented_attention|layernorm_native|msa_pair_weighted_averaging|pairformer_block|triangle_attention_bidirectional|triangle_attention_heads,atom_single|msa_token|token_pair|token_single,384|3072|4096|5120,18,"{""atom_single"": [3072, 4096, 5120], ""msa_token"": [384], ""token_pair"": [384], ""token_single"": [384]}"
layernorm_bwd_atomic_triton,sm86,bfloat16+float32,"HAS_ROWSCALE=0,shape_key=2473902211866",augmented_attention|layernorm_native|msa_pair_weighted_averaging|triangle_attention_checkpoint,msa_token|token_pair|token_single,384,7,"{""msa_token"": [384], ""token_pair"": [384], ""token_single"": [384]}"
layernorm_bwd_atomic_triton,sm86,bfloat16+float32,"HAS_ROWSCALE=0,shape_key=2473902256922",layernorm_native,token_pair,384,1,"{""token_pair"": [384]}"
layernorm_bwd_atomic_triton,sm86,bfloat16+float32,"HAS_ROWSCALE=0,shape_key=2473902736154",layernorm_native,token_pair,384,1,"{""token_pair"": [384]}"
layernorm_bwd_atomic_triton,sm86,bfloat16+float32,"HAS_ROWSCALE=0,shape_key=2473903260442",layernorm_native,token_pair,384,1,"{""token_pair"": [384]}"
layernorm_bwd_atomic_triton,sm86,bfloat16+float32,"HAS_ROWSCALE=0,shape_key=274878432026",layernorm_native,atom_single,1024,2,"{""atom_single"": [1024]}"
layernorm_bwd_atomic_triton,sm86,bfloat16+float32,"HAS_ROWSCALE=0,shape_key=274881053466",layernorm_native,token_single,384|768,2,"{""token_single"": [384, 768]}"
layernorm_bwd_atomic_triton,sm86,bfloat16+float32,"HAS_ROWSCALE=0,shape_key=34360001306",layernorm_native|msa_pair_weighted_averaging,msa_token,384,3,"{""msa_token"": [384]}"
layernorm_bwd_atomic_triton,sm86,bfloat16+float32,"HAS_ROWSCALE=0,shape_key=34360263450",layernorm_native|msa_pair_weighted_averaging,atom_single|msa_token,384|2048|3072,9,"{""atom_single"": [2048, 3072], ""msa_token"": [384]}"
layernorm_bwd_atomic_triton,sm86,bfloat16+float32,"HAS_ROWSCALE=0,shape_key=4398046577434",layernorm_native,atom_pair,2048|3072,2,"{""atom_pair"": [2048, 3072]}"
layernorm_bwd_atomic_triton,sm86,bfloat16+float32,"HAS_ROWSCALE=0,shape_key=4398047036186",layernorm_native,atom_single,6144|7168|8192,6,"{""atom_single"": [6144, 7168, 8192]}"
layernorm_bwd_atomic_triton,sm86,bfloat16+float32,"HAS_ROWSCALE=0,shape_key=6444024602",layernorm_native,token_single,384,1,"{""token_single"": [384]}"
layernorm_bwd_atomic_triton,sm86,bfloat16+float32,"HAS_ROWSCALE=0,shape_key=6445597466",layernorm_native,token_single,384,1,"{""token_single"": [384]}"
layernorm_bwd_atomic_triton,sm86,bfloat16+float32,"HAS_ROWSCALE=0,shape_key=6445855514",layernorm_native,token_single,384,1,"{""token_single"": [384]}"
layernorm_bwd_atomic_triton,sm86,bfloat16+float32,"HAS_ROWSCALE=0,shape_key=6445863706",layernorm_native,token_single,384,1,"{""token_single"": [384]}"
layernorm_bwd_atomic_triton,sm86,bfloat16+float32,"HAS_ROWSCALE=0,shape_key=6871947739930",layernorm_native,atom_pair,4096,1,"{""atom_pair"": [4096]}"
layernorm_bwd_atomic_triton,sm86,bfloat16+float32,"HAS_ROWSCALE=0,shape_key=68719739674",layernorm_native|msa_pair_weighted_averaging,msa_token,768,3,"{""msa_token"": [768]}"
layernorm_bwd_atomic_triton,sm86,bfloat16+float32,"HAS_ROWSCALE=0,shape_key=68720001818",layernorm_native|msa_pair_weighted_averaging,atom_single|msa_token,768|4096|5120|6144|7168,13,"{""atom_single"": [4096, 5120, 6144, 7168], ""msa_token"": [768]}"
layernorm_bwd_atomic_triton,sm86,bfloat16+float32,"HAS_ROWSCALE=0,shape_key=9895604716314",augmented_attention|layernorm_native,atom_pair|atom_single,1024|2048|3072|4096|5120|6144|7168|8192,20,"{""atom_pair"": [5120, 6144, 7168, 8192], ""atom_single"": [1024, 2048, 3072, 4096, 5120, 6144, 7168, 8192]}"
layernorm_bwd_atomic_triton,sm86,bfloat16+float32,"HAS_ROWSCALE=0,shape_key=9895604912922",layernorm_native|triangle_attention_checkpoint,token_pair,768,4,"{""token_pair"": [768]}"
layernorm_bwd_atomic_triton,sm86,bfloat16+float32,"HAS_ROWSCALE=0,shape_key=9895605175066",augmented_attention|layernorm_native|msa_pair_weighted_averaging|pairformer_block|triangle_attention_bidirectional|triangle_attention_heads,msa_token|token_pair|token_single,768,12,"{""msa_token"": [768], ""token_pair"": [768], ""token_single"": [768]}"
layernorm_bwd_atomic_triton,sm86,bfloat16+float32,"HAS_ROWSCALE=0,shape_key=9895605699354",augmented_attention|layernorm_native|msa_pair_weighted_averaging|triangle_attention_checkpoint,msa_token|token_pair|token_single,768,7,"{""msa_token"": [768], ""token_pair"": [768], ""token_single"": [768]}"
layernorm_bwd_atomic_triton,sm86,bfloat16+float32,"HAS_ROWSCALE=0,shape_key=9895605744410",layernorm_native,token_pair,768,1,"{""token_pair"": [768]}"
layernorm_bwd_atomic_triton,sm86,bfloat16+float32,"HAS_ROWSCALE=0,shape_key=9895606223642",layernorm_native,token_pair,768,1,"{""token_pair"": [768]}"
layernorm_bwd_atomic_triton,sm86,bfloat16+float32,"HAS_ROWSCALE=0,shape_key=9895606747930",layernorm_native,token_pair,768,1,"{""token_pair"": [768]}"
layernorm_bwd_atomic_triton,sm86,float32,"HAS_ROWSCALE=0,shape_key=2473901687578",augmented_attention,token_single,384,2,"{""token_single"": [384]}"
layernorm_bwd_atomic_triton,sm86,float32,"HAS_ROWSCALE=0,shape_key=2473902211866",augmented_attention,token_single,384,2,"{""token_single"": [384]}"
layernorm_bwd_atomic_triton,sm86,float32,"HAS_ROWSCALE=0,shape_key=9895604716314",augmented_attention,atom_single,1024|2048|3072|4096|5120|6144|7168|8192,16,"{""atom_single"": [1024, 2048, 3072, 4096, 5120, 6144, 7168, 8192]}"
layernorm_bwd_atomic_triton,sm86,float32,"HAS_ROWSCALE=0,shape_key=9895605175066",augmented_attention,token_single,768,2,"{""token_single"": [768]}"
layernorm_bwd_atomic_triton,sm86,float32,"HAS_ROWSCALE=0,shape_key=9895605699354",augmented_attention,token_single,768,2,"{""token_single"": [768]}"
layernorm_bwd_split_mmajor_triton,sm86,bfloat16+float32,shape_key=9895604912922,triangle_multiplication,token_pair,768,2,"{""token_pair"": [768]}"
layernorm_bwd_split_mmajor_triton,sm86,bfloat16+float32,shape_key=9895605175066,pairformer_block|triangle_multiplication,token_pair,768,6,"{""token_pair"": [768]}"
layernorm_bwd_split_triton,sm86,bfloat16+float32,shape_key=12886475546,layernorm_native,token_single,768,1,"{""token_single"": [768]}"
layernorm_bwd_split_triton,sm86,bfloat16+float32,shape_key=12886749978,layernorm_native,token_single,768,1,"{""token_single"": [768]}"
layernorm_bwd_split_triton,sm86,bfloat16+float32,shape_key=12888048410,layernorm_native,token_single,768,1,"{""token_single"": [768]}"
layernorm_bwd_split_triton,sm86,bfloat16+float32,shape_key=12895388442,layernorm_native,token_single,768,1,"{""token_single"": [768]}"
layernorm_bwd_split_triton,sm86,bfloat16+float32,shape_key=2473902736154,layernorm_native|msa_pair_weighted_averaging|triangle_attention_checkpoint,msa_token|token_pair,384,4,"{""msa_token"": [384], ""token_pair"": [384]}"
layernorm_bwd_split_triton,sm86,bfloat16+float32,shape_key=2473903260442,layernorm_native,token_pair,384,1,"{""token_pair"": [384]}"
layernorm_bwd_split_triton,sm86,bfloat16+float32,shape_key=274881053466,layernorm_native,token_single,384|768,2,"{""token_single"": [384, 768]}"
layernorm_bwd_split_triton,sm86,bfloat16+float32,shape_key=6444024602,layernorm_native,token_single,384,1,"{""token_single"": [384]}"
layernorm_bwd_split_triton,sm86,bfloat16+float32,shape_key=6444299034,layernorm_native,token_single,384,1,"{""token_single"": [384]}"
layernorm_bwd_split_triton,sm86,bfloat16+float32,shape_key=6445597466,layernorm_native,token_single,384,1,"{""token_single"": [384]}"
layernorm_bwd_split_triton,sm86,bfloat16+float32,shape_key=6452937498,layernorm_native,token_single,384,1,"{""token_single"": [384]}"
layernorm_bwd_split_triton,sm86,bfloat16+float32,shape_key=9895605699354,triangle_multiplication|triangle_multiplication_bidirectional,token_pair,768,4,"{""token_pair"": [768]}"
layernorm_bwd_split_triton,sm86,bfloat16+float32,shape_key=9895606223642,layernorm_native|msa_pair_weighted_averaging|triangle_attention_checkpoint|triangle_multiplication,msa_token|token_pair,768,6,"{""msa_token"": [768], ""token_pair"": [768]}"
layernorm_bwd_split_triton,sm86,bfloat16+float32,shape_key=9895606747930,layernorm_native,token_pair,768,1,"{""token_pair"": [768]}"
layernorm_fwd_saveact_strided_triton,sm86,bfloat16+float32,shape_key=1099512152858,adaptive_layernorm|augmented_attention|conditioned_transition,atom_single,2048,4,"{""atom_single"": [2048]}"
layernorm_fwd_saveact_strided_triton,sm86,bfloat16+float32,shape_key=2473901425434,triangle_multiplication,token_pair,384,2,"{""token_pair"": [384]}"
layernorm_fwd_saveact_strided_triton,sm86,bfloat16+float32,shape_key=2473901687578,adaptive_layernorm|augmented_attention|conditioned_transition|pairformer_block|triangle_multiplication,atom_single|token_pair,384|3072|4096|5120,18,"{""atom_single"": [3072, 4096, 5120], ""token_pair"": [384]}"
layernorm_fwd_saveact_strided_triton,sm86,bfloat16+float32,shape_key=2473902211866,triangle_multiplication|triangle_multiplication_bidirectional,token_pair,384,4,"{""token_pair"": [384]}"
layernorm_fwd_saveact_strided_triton,sm86,bfloat16+float32,shape_key=2473902736154,triangle_multiplication,token_pair,384,2,"{""token_pair"": [384]}"
layernorm_fwd_saveact_strided_triton,sm86,bfloat16+float32,shape_key=274878432026,adaptive_layernorm|augmented_attention|conditioned_transition,atom_single,1024,4,"{""atom_single"": [1024]}"
layernorm_fwd_saveact_strided_triton,sm86,bfloat16+float32,shape_key=274879480602,adaptive_layernorm|augmented_attention|conditioned_transition,token_single,384|768,8,"{""token_single"": [384, 768]}"
layernorm_fwd_saveact_strided_triton,sm86,bfloat16+float32,shape_key=274881053466,adaptive_layernorm|augmented_attention|conditioned_transition,token_single,384|768,8,"{""token_single"": [384, 768]}"
layernorm_fwd_saveact_strided_triton,sm86,bfloat16+float32,shape_key=4398047036186,adaptive_layernorm|augmented_attention|conditioned_transition,atom_single,6144|7168|8192,12,"{""atom_single"": [6144, 7168, 8192]}"
layernorm_fwd_saveact_strided_triton,sm86,bfloat16+float32,shape_key=9895604912922,triangle_multiplication,token_pair,768,2,"{""token_pair"": [768]}"
layernorm_fwd_saveact_strided_triton,sm86,bfloat16+float32,shape_key=9895605175066,pairformer_block|triangle_multiplication,token_pair,768,6,"{""token_pair"": [768]}"
layernorm_fwd_saveact_strided_triton,sm86,bfloat16+float32,shape_key=9895605699354,triangle_multiplication|triangle_multiplication_bidirectional,token_pair,768,4,"{""token_pair"": [768]}"
layernorm_fwd_saveact_strided_triton,sm86,bfloat16+float32,shape_key=9895606223642,triangle_multiplication,token_pair,768,2,"{""token_pair"": [768]}"
layernorm_fwd_saveact_strided_triton,sm86,float32,shape_key=1099512152858,adaptive_layernorm|augmented_attention|conditioned_transition,atom_single,2048,4,"{""atom_single"": [2048]}"
layernorm_fwd_saveact_strided_triton,sm86,float32,shape_key=2473901687578,adaptive_layernorm|augmented_attention|conditioned_transition,atom_single,3072|4096|5120,12,"{""atom_single"": [3072, 4096, 5120]}"
layernorm_fwd_saveact_strided_triton,sm86,float32,shape_key=274878432026,adaptive_layernorm|augmented_attention|conditioned_transition,atom_single,1024,4,"{""atom_single"": [1024]}"
layernorm_fwd_saveact_strided_triton,sm86,float32,shape_key=274879480602,adaptive_layernorm|augmented_attention|conditioned_transition,token_single,384|768,8,"{""token_single"": [384, 768]}"
layernorm_fwd_saveact_strided_triton,sm86,float32,shape_key=274881053466,adaptive_layernorm|augmented_attention|conditioned_transition,token_single,384|768,8,"{""token_single"": [384, 768]}"
layernorm_fwd_saveact_strided_triton,sm86,float32,shape_key=4398047036186,adaptive_layernorm|augmented_attention|conditioned_transition,atom_single,6144|7168|8192,12,"{""atom_single"": [6144, 7168, 8192]}"
layernorm_fwd_saveact_triton,sm86,bfloat16+float32,"HAS_ROWSCALE=0,shape_key=10738991898",layernorm_native|transition,token_single,640,4,"{""token_single"": [640]}"
layernorm_fwd_saveact_triton,sm86,bfloat16+float32,"HAS_ROWSCALE=0,shape_key=10739266330",layernorm_native,token_single,640,1,"{""token_single"": [640]}"
layernorm_fwd_saveact_triton,sm86,bfloat16+float32,"HAS_ROWSCALE=0,shape_key=10740564762",layernorm_native|transition,token_single,128|640,5,"{""token_single"": [128, 640]}"
layernorm_fwd_saveact_triton,sm86,bfloat16+float32,"HAS_ROWSCALE=0,shape_key=10740822810",layernorm_native,token_single,640,1,"{""token_single"": [640]}"
layernorm_fwd_saveact_triton,sm86,bfloat16+float32,"HAS_ROWSCALE=0,shape_key=10740831002",layernorm_native,token_single,640,1,"{""token_single"": [640]}"
layernorm_fwd_saveact_triton,sm86,bfloat16+float32,"HAS_ROWSCALE=0,shape_key=10747904794",layernorm_native,token_single,640,1,"{""token_single"": [640]}"
layernorm_fwd_saveact_triton,sm86,bfloat16+float32,"HAS_ROWSCALE=0,shape_key=1099511694106",layernorm_native,atom_pair,1024,2,"{""atom_pair"": [1024]}"
layernorm_fwd_saveact_triton,sm86,bfloat16+float32,"HAS_ROWSCALE=0,shape_key=1099511890714",layernorm_native|transition|triangle_multiplication,token_pair,256,3,"{""token_pair"": [256]}"
layernorm_fwd_saveact_triton,sm86,bfloat16+float32,"HAS_ROWSCALE=0,shape_key=1099512152858",augmented_attention|layernorm_native|msa_pair_weighted_averaging|pairformer_block|transition|triangle_attention_bidirectional|triangle_multiplication|triangle_multiplication_bidirectional,atom_single|msa_token|token_pair|token_single,256|2048,15,"{""atom_single"": [2048], ""msa_token"": [256], ""token_pair"": [256], ""token_single"": [256]}"
layernorm_fwd_saveact_triton,sm86,bfloat16+float32,"HAS_ROWSCALE=0,shape_key=1099512677146",augmented_attention|layernorm_native|msa_pair_weighted_averaging|transition|triangle_multiplication,msa_token|token_pair|token_single,256,8,"{""msa_token"": [256], ""token_pair"": [256], ""token_single"": [256]}"
layernorm_fwd_saveact_triton,sm86,bfloat16+float32,"HAS_ROWSCALE=0,shape_key=1099512722202",layernorm_native,token_pair,256,1,"{""token_pair"": [256]}"
layernorm_fwd_saveact_triton,sm86,bfloat16+float32,"HAS_ROWSCALE=0,shape_key=1099513201434",layernorm_native|msa_pair_weighted_averaging|transition|triangle_multiplication,msa_token|token_pair,256,5,"{""msa_token"": [256], ""token_pair"": [256]}"
layernorm_fwd_saveact_triton,sm86,bfloat16+float32,"HAS_ROWSCALE=0,shape_key=1099513725722",layernorm_native,token_pair,256,2,"{""token_pair"": [256]}"
layernorm_fwd_saveact_triton,sm86,bfloat16+float32,"HAS_ROWSCALE=0,shape_key=12886475546",layernorm_native|transition,token_single,768,8,"{""token_single"": [768]}"
layernorm_fwd_saveact_triton,sm86,bfloat16+float32,"HAS_ROWSCALE=0,shape_key=12886749978",layernorm_native,token_single,768,2,"{""token_single"": [768]}"
layernorm_fwd_saveact_triton,sm86,bfloat16+float32,"HAS_ROWSCALE=0,shape_key=12888048410",layernorm_native|transition,token_single,768,6,"{""token_single"": [768]}"
layernorm_fwd_saveact_triton,sm86,bfloat16+float32,"HAS_ROWSCALE=0,shape_key=12888306458",layernorm_native,token_single,768,2,"{""token_single"": [768]}"
layernorm_fwd_saveact_triton,sm86,bfloat16+float32,"HAS_ROWSCALE=0,shape_key=12888314650",layernorm_native,token_single,768,2,"{""token_single"": [768]}"
layernorm_fwd_saveact_triton,sm86,bfloat16+float32,"HAS_ROWSCALE=0,shape_key=12895388442",layernorm_native,token_single,768,2,"{""token_single"": [768]}"
layernorm_fwd_saveact_triton,sm86,bfloat16+float32,"HAS_ROWSCALE=0,shape_key=137439478554",layernorm_native,atom_single,2048|3072|8192,8,"{""atom_single"": [2048, 3072, 8192]}"
layernorm_fwd_saveact_triton,sm86,bfloat16+float32,"HAS_ROWSCALE=0,shape_key=17180132122",layernorm_native|msa_pair_weighted_averaging|transition,msa_token,128,3,"{""msa_token"": [128]}"
layernorm_fwd_saveact_triton,sm86,bfloat16+float32,"HAS_ROWSCALE=0,shape_key=17180394266",layernorm_native|msa_pair_weighted_averaging|transition,atom_single|msa_token,128|1024,8,"{""atom_single"": [1024], ""msa_token"": [128]}"
layernorm_fwd_saveact_triton,sm86,bfloat16+float32,"HAS_ROWSCALE=0,shape_key=17183015706",layernorm_native,token_single,256|384,4,"{""token_single"": [256, 384]}"
layernorm_fwd_saveact_triton,sm86,bfloat16+float32,"HAS_ROWSCALE=0,shape_key=2148533018",layernorm_native,noise,1,4,"{""noise"": [1]}"
layernorm_fwd_saveact_triton,sm86,bfloat16+float32,"HAS_ROWSCALE=0,shape_key=2149057306",layernorm_native|transition,token_single,128,4,"{""token_single"": [128]}"
layernorm_fwd_saveact_triton,sm86,bfloat16+float32,"HAS_ROWSCALE=0,shape_key=2149331738",layernorm_native,token_single,128,1,"{""token_single"": [128]}"
layernorm_fwd_saveact_triton,sm86,bfloat16+float32,"HAS_ROWSCALE=0,shape_key=2150630170",layernorm_native|transition,token_single,128,3,"{""token_single"": [128]}"
layernorm_fwd_saveact_triton,sm86,bfloat16+float32,"HAS_ROWSCALE=0,shape_key=2150888218",layernorm_native,token_single,128,1,"{""token_single"": [128]}"
layernorm_fwd_saveact_triton,sm86,bfloat16+float32,"HAS_ROWSCALE=0,shape_key=2150896410",layernorm_native,token_single,128,1,"{""token_single"": [128]}"
layernorm_fwd_saveact_triton,sm86,bfloat16+float32,"HAS_ROWSCALE=0,shape_key=2157970202",layernorm_native,token_single,128,1,"{""token_single"": [128]}"
layernorm_fwd_saveact_triton,sm86,bfloat16+float32,"HAS_ROWSCALE=0,shape_key=2473901425434",layernorm_native|transition|triangle_attention_checkpoint|triangle_multiplication,token_pair,384,13,"{""token_pair"": [384]}"
layernorm_fwd_saveact_triton,sm86,bfloat16+float32,"HAS_ROWSCALE=0,shape_key=2473901687578",augmented_attention|layernorm_native|msa_pair_weighted_averaging|pairformer_block|transition|triangle_attention_bidirectional|triangle_attention_heads|triangle_multiplication|triangle_multiplication_bidirectional,atom_single|msa_token|token_pair|token_single,384|3072|4096|5120,45,"{""atom_single"": [3072, 4096, 5120], ""msa_token"": [384], ""token_pair"": [384], ""token_single"": [384]}"
layernorm_fwd_saveact_triton,sm86,bfloat16+float32,"HAS_ROWSCALE=0,shape_key=2473902211866",augmented_attention|layernorm_native|msa_pair_weighted_averaging|transition|triangle_attention_checkpoint|triangle_multiplication,msa_token|token_pair|token_single,384,20,"{""msa_token"": [384], ""token_pair"": [384], ""token_single"": [384]}"
layernorm_fwd_saveact_triton,sm86,bfloat16+float32,"HAS_ROWSCALE=0,shape_key=2473902256922",layernorm_native,token_pair,384,2,"{""token_pair"": [384]}"
layernorm_fwd_saveact_triton,sm86,bfloat16+float32,"HAS_ROWSCALE=0,shape_key=2473902736154",layernorm_native|msa_pair_weighted_averaging|transition|triangle_attention_checkpoint|triangle_multiplication,msa_token|token_pair,384,14,"{""msa_token"": [384], ""token_pair"": [384]}"
layernorm_fwd_saveact_triton,sm86,bfloat16+float32,"HAS_ROWSCALE=0,shape_key=2473903260442",layernorm_native,token_pair,384,4,"{""token_pair"": [384]}"
layernorm_fwd_saveact_triton,sm86,bfloat16+float32,"HAS_ROWSCALE=0,shape_key=274878169882",layernorm_native|transition|triangle_multiplication,token_pair,128,3,"{""token_pair"": [128]}"
layernorm_fwd_saveact_triton,sm86,bfloat16+float32,"HAS_ROWSCALE=0,shape_key=274878432026",augmented_attention|layernorm_native|msa_pair_weighted_averaging|pairformer_block|transition|triangle_attention_bidirectional|triangle_multiplication|triangle_multiplication_bidirectional,atom_single|msa_token|token_pair|token_single,128|1024|4096|5120|6144|7168|8192,25,"{""atom_single"": [1024, 4096, 5120, 6144, 7168, 8192], ""msa_token"": [128], ""token_pair"": [128], ""token_single"": [128]}"
layernorm_fwd_saveact_triton,sm86,bfloat16+float32,"HAS_ROWSCALE=0,shape_key=274878956314",augmented_attention|layernorm_native|msa_pair_weighted_averaging|transition|triangle_multiplication,msa_token|token_pair|token_single,128,8,"{""msa_token"": [128], ""token_pair"": [128], ""token_single"": [128]}"
layernorm_fwd_saveact_triton,sm86,bfloat16+float32,"HAS_ROWSCALE=0,shape_key=274879001370",layernorm_native,token_pair,128,1,"{""token_pair"": [128]}"
layernorm_fwd_saveact_triton,sm86,bfloat16+float32,"HAS_ROWSCALE=0,shape_key=274879480602",layernorm_native|msa_pair_weighted_averaging|transition|triangle_multiplication,msa_token|token_pair,128,5,"{""msa_token"": [128], ""token_pair"": [128]}"
layernorm_fwd_saveact_triton,sm86,bfloat16+float32,"HAS_ROWSCALE=0,shape_key=274880004890",layernorm_native,token_pair,128,2,"{""token_pair"": [128]}"
layernorm_fwd_saveact_triton,sm86,bfloat16+float32,"HAS_ROWSCALE=0,shape_key=274881053466",layernorm_native,token_single,384|768,4,"{""token_single"": [384, 768]}"
layernorm_fwd_saveact_triton,sm86,bfloat16+float32,"HAS_ROWSCALE=0,shape_key=34360001306",layernorm_native|msa_pair_weighted_averaging|transition,msa_token,256|384,10,"{""msa_token"": [256, 384]}"
layernorm_fwd_saveact_triton,sm86,bfloat16+float32,"HAS_ROWSCALE=0,shape_key=34360263450",layernorm_native|msa_pair_weighted_averaging|transition,atom_single|msa_token,256|384|2048|3072,22,"{""atom_single"": [2048, 3072], ""msa_token"": [256, 384]}"
layernorm_fwd_saveact_triton,sm86,bfloat16+float32,"HAS_ROWSCALE=0,shape_key=34362884890",layernorm_native,token_single,512|640|768,6,"{""token_single"": [512, 640, 768]}"
layernorm_fwd_saveact_triton,sm86,bfloat16+float32,"HAS_ROWSCALE=0,shape_key=4296540954",layernorm_native|transition,token_single,256,4,"{""token_single"": [256]}"
layernorm_fwd_saveact_triton,sm86,bfloat16+float32,"HAS_ROWSCALE=0,shape_key=4296815386",layernorm_native,token_single,256,1,"{""token_single"": [256]}"
layernorm_fwd_saveact_triton,sm86,bfloat16+float32,"HAS_ROWSCALE=0,shape_key=4298113818",layernorm_native|transition,token_single,256,3,"{""token_single"": [256]}"
layernorm_fwd_saveact_triton,sm86,bfloat16+float32,"HAS_ROWSCALE=0,shape_key=4298371866",layernorm_native,token_single,256,1,"{""token_single"": [256]}"
layernorm_fwd_saveact_triton,sm86,bfloat16+float32,"HAS_ROWSCALE=0,shape_key=4298380058",layernorm_native,token_single,256,1,"{""token_single"": [256]}"
layernorm_fwd_saveact_triton,sm86,bfloat16+float32,"HAS_ROWSCALE=0,shape_key=4305453850",layernorm_native,token_single,256,1,"{""token_single"": [256]}"
layernorm_fwd_saveact_triton,sm86,bfloat16+float32,"HAS_ROWSCALE=0,shape_key=4398046577434",layernorm_native,atom_pair,2048|3072,4,"{""atom_pair"": [2048, 3072]}"
layernorm_fwd_saveact_triton,sm86,bfloat16+float32,"HAS_ROWSCALE=0,shape_key=4398046774042",layernorm_native|transition|triangle_attention_checkpoint|triangle_multiplication,token_pair,512,6,"{""token_pair"": [512]}"
layernorm_fwd_saveact_triton,sm86,bfloat16+float32,"HAS_ROWSCALE=0,shape_key=4398047036186",augmented_attention|layernorm_native|msa_pair_weighted_averaging|pairformer_block|transition|triangle_attention_heads|triangle_multiplication|triangle_multiplication_bidirectional,atom_single|msa_token|token_pair|token_single,512|6144|7168|8192,21,"{""atom_single"": [6144, 7168, 8192], ""msa_token"": [512], ""token_pair"": [512], ""token_single"": [512]}"
layernorm_fwd_saveact_triton,sm86,bfloat16+float32,"HAS_ROWSCALE=0,shape_key=4398047560474",augmented_attention|layernorm_native|msa_pair_weighted_averaging|transition|triangle_attention_checkpoint|triangle_multiplication,msa_token|token_pair|token_single,512,9,"{""msa_token"": [512], ""token_pair"": [512], ""token_single"": [512]}"
layernorm_fwd_saveact_triton,sm86,bfloat16+float32,"HAS_ROWSCALE=0,shape_key=4398047605530",layernorm_native,token_pair,512,1,"{""token_pair"": [512]}"
layernorm_fwd_saveact_triton,sm86,bfloat16+float32,"HAS_ROWSCALE=0,shape_key=4398048084762",layernorm_native|msa_pair_weighted_averaging|transition|triangle_attention_checkpoint|triangle_multiplication,msa_token|token_pair,512,6,"{""msa_token"": [512], ""token_pair"": [512]}"
layernorm_fwd_saveact_triton,sm86,bfloat16+float32,"HAS_ROWSCALE=0,shape_key=4398048609050",layernorm_native,token_pair,512,2,"{""token_pair"": [512]}"
layernorm_fwd_saveact_triton,sm86,bfloat16+float32,"HAS_ROWSCALE=0,shape_key=6444024602",layernorm_native|transition,token_single,384,8,"{""token_single"": [384]}"
layernorm_fwd_saveact_triton,sm86,bfloat16+float32,"HAS_ROWSCALE=0,shape_key=6444299034",layernorm_native,token_single,384,2,"{""token_single"": [384]}"
layernorm_fwd_saveact_triton,sm86,bfloat16+float32,"HAS_ROWSCALE=0,shape_key=6445597466",layernorm_native|transition,token_single,384,6,"{""token_single"": [384]}"
layernorm_fwd_saveact_triton,sm86,bfloat16+float32,"HAS_ROWSCALE=0,shape_key=6445855514",layernorm_native,token_single,384,2,"{""token_single"": [384]}"
layernorm_fwd_saveact_triton,sm86,bfloat16+float32,"HAS_ROWSCALE=0,shape_key=6445863706",layernorm_native,token_single,384,2,"{""token_single"": [384]}"
layernorm_fwd_saveact_triton,sm86,bfloat16+float32,"HAS_ROWSCALE=0,shape_key=6452937498",layernorm_native,token_single,384,2,"{""token_single"": [384]}"
layernorm_fwd_saveact_triton,sm86,bfloat16+float32,"HAS_ROWSCALE=0,shape_key=6871947739930",layernorm_native,atom_pair,4096,2,"{""atom_pair"": [4096]}"
layernorm_fwd_saveact_triton,sm86,bfloat16+float32,"HAS_ROWSCALE=0,shape_key=6871947936538",layernorm_native|transition|triangle_attention_checkpoint|triangle_multiplication,token_pair,640,6,"{""token_pair"": [640]}"
layernorm_fwd_saveact_triton,sm86,bfloat16+float32,"HAS_ROWSCALE=0,shape_key=6871948198682",augmented_attention|layernorm_native|msa_pair_weighted_averaging|pairformer_block|transition|triangle_attention_heads|triangle_multiplication|triangle_multiplication_bidirectional,msa_token|token_pair|token_single,640,15,"{""msa_token"": [640], ""token_pair"": [640], ""token_single"": [640]}"
layernorm_fwd_saveact_triton,sm86,bfloat16+float32,"HAS_ROWSCALE=0,shape_key=6871948722970",augmented_attention|layernorm_native|msa_pair_weighted_averaging|transition|triangle_attention_checkpoint|triangle_multiplication,msa_token|token_pair|token_single,640,9,"{""msa_token"": [640], ""token_pair"": [640], ""token_single"": [640]}"
layernorm_fwd_saveact_triton,sm86,bfloat16+float32,"HAS_ROWSCALE=0,shape_key=6871948768026",layernorm_native,token_pair,640,1,"{""token_pair"": [640]}"
layernorm_fwd_saveact_triton,sm86,bfloat16+float32,"HAS_ROWSCALE=0,shape_key=6871949247258",layernorm_native|msa_pair_weighted_averaging|transition|triangle_attention_checkpoint|triangle_multiplication,msa_token|token_pair,640,6,"{""msa_token"": [640], ""token_pair"": [640]}"
layernorm_fwd_saveact_triton,sm86,bfloat16+float32,"HAS_ROWSCALE=0,shape_key=6871949771546",layernorm_native,token_pair,640,2,"{""token_pair"": [640]}"
layernorm_fwd_saveact_triton,sm86,bfloat16+float32,"HAS_ROWSCALE=0,shape_key=68719739674",layernorm_native|msa_pair_weighted_averaging|transition,msa_token,512|640|768,13,"{""msa_token"": [512, 640, 768]}"
layernorm_fwd_saveact_triton,sm86,bfloat16+float32,"HAS_ROWSCALE=0,shape_key=68720001818",layernorm_native|msa_pair_weighted_averaging|transition,atom_single|msa_token,512|640|768|1024|4096|5120|6144|7168,36,"{""atom_single"": [1024, 4096, 5120, 6144, 7168], ""msa_token"": [512, 640, 768]}"
layernorm_fwd_saveact_triton,sm86,bfloat16+float32,"HAS_ROWSCALE=0,shape_key=8591508250",layernorm_native|transition,token_single,512,4,"{""token_single"": [512]}"
layernorm_fwd_saveact_triton,sm86,bfloat16+float32,"HAS_ROWSCALE=0,shape_key=8591782682",layernorm_native,token_single,512,1,"{""token_single"": [512]}"
layernorm_fwd_saveact_triton,sm86,bfloat16+float32,"HAS_ROWSCALE=0,shape_key=8593081114",layernorm_native|transition,token_single,512,3,"{""token_single"": [512]}"
layernorm_fwd_saveact_triton,sm86,bfloat16+float32,"HAS_ROWSCALE=0,shape_key=8593339162",layernorm_native,token_single,512,1,"{""token_single"": [512]}"
layernorm_fwd_saveact_triton,sm86,bfloat16+float32,"HAS_ROWSCALE=0,shape_key=8593347354",layernorm_native,token_single,512,1,"{""token_single"": [512]}"
layernorm_fwd_saveact_triton,sm86,bfloat16+float32,"HAS_ROWSCALE=0,shape_key=8600421146",layernorm_native,token_single,512,1,"{""token_single"": [512]}"
layernorm_fwd_saveact_triton,sm86,bfloat16+float32,"HAS_ROWSCALE=0,shape_key=9895604716314",augmented_attention|layernorm_native,atom_pair|atom_single,1024|2048|3072|4096|5120|6144|7168|8192,40,"{""atom_pair"": [5120, 6144, 7168, 8192], ""atom_single"": [1024, 2048, 3072, 4096, 5120, 6144, 7168, 8192]}"
layernorm_fwd_saveact_triton,sm86,bfloat16+float32,"HAS_ROWSCALE=0,shape_key=9895604912922",layernorm_native|transition|triangle_attention_checkpoint|triangle_multiplication,token_pair,768,13,"{""token_pair"": [768]}"
layernorm_fwd_saveact_triton,sm86,bfloat16+float32,"HAS_ROWSCALE=0,shape_key=9895605175066",augmented_attention|layernorm_native|msa_pair_weighted_averaging|pairformer_block|transition|triangle_attention_bidirectional|triangle_attention_heads|triangle_multiplication|triangle_multiplication_bidirectional,msa_token|token_pair|token_single,768,39,"{""msa_token"": [768], ""token_pair"": [768], ""token_single"": [768]}"
layernorm_fwd_saveact_triton,sm86,bfloat16+float32,"HAS_ROWSCALE=0,shape_key=9895605699354",augmented_attention|layernorm_native|msa_pair_weighted_averaging|transition|triangle_attention_checkpoint|triangle_multiplication,msa_token|token_pair|token_single,768,20,"{""msa_token"": [768], ""token_pair"": [768], ""token_single"": [768]}"
layernorm_fwd_saveact_triton,sm86,bfloat16+float32,"HAS_ROWSCALE=0,shape_key=9895605744410",layernorm_native,token_pair,768,2,"{""token_pair"": [768]}"
layernorm_fwd_saveact_triton,sm86,bfloat16+float32,"HAS_ROWSCALE=0,shape_key=9895606223642",layernorm_native|msa_pair_weighted_averaging|transition|triangle_attention_checkpoint|triangle_multiplication,msa_token|token_pair,768,14,"{""msa_token"": [768], ""token_pair"": [768]}"
layernorm_fwd_saveact_triton,sm86,bfloat16+float32,"HAS_ROWSCALE=0,shape_key=9895606747930",layernorm_native,token_pair,768,4,"{""token_pair"": [768]}"
layernorm_fwd_saveact_triton,sm86,float32,"HAS_ROWSCALE=0,shape_key=1099512152858",augmented_attention,token_single,256,2,"{""token_single"": [256]}"
layernorm_fwd_saveact_triton,sm86,float32,"HAS_ROWSCALE=0,shape_key=1099512677146",augmented_attention,token_single,256,2,"{""token_single"": [256]}"
layernorm_fwd_saveact_triton,sm86,float32,"HAS_ROWSCALE=0,shape_key=2473901687578",augmented_attention,token_single,384,4,"{""token_single"": [384]}"
layernorm_fwd_saveact_triton,sm86,float32,"HAS_ROWSCALE=0,shape_key=2473902211866",augmented_attention,token_single,384,4,"{""token_single"": [384]}"
layernorm_fwd_saveact_triton,sm86,float32,"HAS_ROWSCALE=0,shape_key=274878432026",augmented_attention,token_single,128,2,"{""token_single"": [128]}"
layernorm_fwd_saveact_triton,sm86,float32,"HAS_ROWSCALE=0,shape_key=274878956314",augmented_attention,token_single,128,2,"{""token_single"": [128]}"
layernorm_fwd_saveact_triton,sm86,float32,"HAS_ROWSCALE=0,shape_key=4398047036186",augmented_attention,token_single,512,2,"{""token_single"": [512]}"
layernorm_fwd_saveact_triton,sm86,float32,"HAS_ROWSCALE=0,shape_key=4398047560474",augmented_attention,token_single,512,2,"{""token_single"": [512]}"
layernorm_fwd_saveact_triton,sm86,float32,"HAS_ROWSCALE=0,shape_key=6871948198682",augmented_attention,token_single,640,2,"{""token_single"": [640]}"
layernorm_fwd_saveact_triton,sm86,float32,"HAS_ROWSCALE=0,shape_key=6871948722970",augmented_attention,token_single,640,2,"{""token_single"": [640]}"
layernorm_fwd_saveact_triton,sm86,float32,"HAS_ROWSCALE=0,shape_key=9895604716314",augmented_attention,atom_single,1024|2048|3072|4096|5120|6144|7168|8192,32,"{""atom_single"": [1024, 2048, 3072, 4096, 5120, 6144, 7168, 8192]}"
layernorm_fwd_saveact_triton,sm86,float32,"HAS_ROWSCALE=0,shape_key=9895605175066",augmented_attention,token_single,768,4,"{""token_single"": [768]}"
layernorm_fwd_saveact_triton,sm86,float32,"HAS_ROWSCALE=0,shape_key=9895605699354",augmented_attention,token_single,768,4,"{""token_single"": [768]}"
layernorm_fwd_strided_triton,sm86,bfloat16,"HAS_W=1,shape_key=10738991898",adaptive_layernorm|augmented_attention|conditioned_transition,token_single,640,4,"{""token_single"": [640]}"
layernorm_fwd_strided_triton,sm86,bfloat16,"HAS_W=1,shape_key=10740564762",adaptive_layernorm|augmented_attention|conditioned_transition,token_single,640,4,"{""token_single"": [640]}"
layernorm_fwd_strided_triton,sm86,bfloat16,"HAS_W=1,shape_key=12886475546",adaptive_layernorm|augmented_attention|conditioned_transition,token_single,768,4,"{""token_single"": [768]}"
layernorm_fwd_strided_triton,sm86,bfloat16,"HAS_W=1,shape_key=12888048410",adaptive_layernorm|augmented_attention|conditioned_transition,token_single,768,4,"{""token_single"": [768]}"
layernorm_fwd_strided_triton,sm86,bfloat16,"HAS_W=1,shape_key=2149057306",adaptive_layernorm|augmented_attention|conditioned_transition,token_single,128,4,"{""token_single"": [128]}"
layernorm_fwd_strided_triton,sm86,bfloat16,"HAS_W=1,shape_key=2150630170",adaptive_layernorm|augmented_attention|conditioned_transition,token_single,128,4,"{""token_single"": [128]}"
layernorm_fwd_strided_triton,sm86,bfloat16,"HAS_W=1,shape_key=4296540954",adaptive_layernorm|augmented_attention|conditioned_transition,token_single,256,4,"{""token_single"": [256]}"
layernorm_fwd_strided_triton,sm86,bfloat16,"HAS_W=1,shape_key=4298113818",adaptive_layernorm|augmented_attention|conditioned_transition,token_single,256,4,"{""token_single"": [256]}"
layernorm_fwd_strided_triton,sm86,bfloat16,"HAS_W=1,shape_key=6444024602",adaptive_layernorm|augmented_attention|conditioned_transition,token_single,384,4,"{""token_single"": [384]}"
layernorm_fwd_strided_triton,sm86,bfloat16,"HAS_W=1,shape_key=6445597466",adaptive_layernorm|augmented_attention|conditioned_transition,token_single,384,4,"{""token_single"": [384]}"
layernorm_fwd_strided_triton,sm86,bfloat16,"HAS_W=1,shape_key=8591508250",adaptive_layernorm|augmented_attention|conditioned_transition,token_single,512,4,"{""token_single"": [512]}"
layernorm_fwd_strided_triton,sm86,bfloat16,"HAS_W=1,shape_key=8593081114",adaptive_layernorm|augmented_attention|conditioned_transition,token_single,512,4,"{""token_single"": [512]}"
layernorm_fwd_strided_triton,sm86,float32,"HAS_W=1,shape_key=10738991898",adaptive_layernorm|augmented_attention|conditioned_transition,token_single,640,4,"{""token_single"": [640]}"
layernorm_fwd_strided_triton,sm86,float32,"HAS_W=1,shape_key=10740564762",adaptive_layernorm|augmented_attention|conditioned_transition,token_single,640,4,"{""token_single"": [640]}"
layernorm_fwd_strided_triton,sm86,float32,"HAS_W=1,shape_key=12886475546",adaptive_layernorm|augmented_attention|conditioned_transition,token_single,768,4,"{""token_single"": [768]}"
layernorm_fwd_strided_triton,sm86,float32,"HAS_W=1,shape_key=12888048410",adaptive_layernorm|augmented_attention|conditioned_transition,token_single,768,4,"{""token_single"": [768]}"
layernorm_fwd_strided_triton,sm86,float32,"HAS_W=1,shape_key=2149057306",adaptive_layernorm|augmented_attention|conditioned_transition,token_single,128,4,"{""token_single"": [128]}"
layernorm_fwd_strided_triton,sm86,float32,"HAS_W=1,shape_key=2150630170",adaptive_layernorm|augmented_attention|conditioned_transition,token_single,128,4,"{""token_single"": [128]}"
layernorm_fwd_strided_triton,sm86,float32,"HAS_W=1,shape_key=4296540954",adaptive_layernorm|augmented_attention|conditioned_transition,token_single,256,4,"{""token_single"": [256]}"
layernorm_fwd_strided_triton,sm86,float32,"HAS_W=1,shape_key=4298113818",adaptive_layernorm|augmented_attention|conditioned_transition,token_single,256,4,"{""token_single"": [256]}"
layernorm_fwd_strided_triton,sm86,float32,"HAS_W=1,shape_key=6444024602",adaptive_layernorm|augmented_attention|conditioned_transition,token_single,384,4,"{""token_single"": [384]}"
layernorm_fwd_strided_triton,sm86,float32,"HAS_W=1,shape_key=6445597466",adaptive_layernorm|augmented_attention|conditioned_transition,token_single,384,4,"{""token_single"": [384]}"
layernorm_fwd_strided_triton,sm86,float32,"HAS_W=1,shape_key=8591508250",adaptive_layernorm|augmented_attention|conditioned_transition,token_single,512,4,"{""token_single"": [512]}"
layernorm_fwd_strided_triton,sm86,float32,"HAS_W=1,shape_key=8593081114",adaptive_layernorm|augmented_attention|conditioned_transition,token_single,512,4,"{""token_single"": [512]}"
layernorm_linear_bwd_fp32_triton,sm86,bfloat16+float32,shape_key=10133100235334847,layernorm_linear_native,token_pair,384,1,"{""token_pair"": [384]}"
layernorm_linear_bwd_fp32_triton,sm86,bfloat16+float32,shape_key=10133100235343039,layernorm_linear_native,token_pair,384,1,"{""token_pair"": [384]}"
layernorm_linear_bwd_fp32_triton,sm86,bfloat16+float32,shape_key=10133101309080767,layernorm_linear_atom_output,atom_single,3072|4096|5120,3,"{""atom_single"": [3072, 4096, 5120]}"
layernorm_linear_bwd_fp32_triton,sm86,bfloat16+float32,shape_key=10133101309084863,layernorm_linear_native,token_pair,384,1,"{""token_pair"": [384]}"
layernorm_linear_bwd_fp32_triton,sm86,bfloat16+float32,shape_key=10133101309101247,layernorm_linear_native,token_pair,384,1,"{""token_pair"": [384]}"
layernorm_linear_bwd_fp32_triton,sm86,bfloat16+float32,shape_key=10133101309134015,layernorm_linear_native,token_pair,384,1,"{""token_pair"": [384]}"
layernorm_linear_bwd_fp32_triton,sm86,bfloat16+float32,shape_key=10133103456584895,layernorm_linear_native,token_pair,384,1,"{""token_pair"": [384]}"
layernorm_linear_bwd_fp32_triton,sm86,bfloat16+float32,shape_key=10133103456617663,layernorm_linear_native,token_pair,384,1,"{""token_pair"": [384]}"
layernorm_linear_bwd_fp32_triton,sm86,bfloat16+float32,shape_key=10133105604068543,layernorm_linear_native,token_pair,384,1,"{""token_pair"": [384]}"
layernorm_linear_bwd_fp32_triton,sm86,bfloat16+float32,shape_key=10133105604084927,layernorm_linear_native,token_pair,384,1,"{""token_pair"": [384]}"
layernorm_linear_bwd_fp32_triton,sm86,bfloat16+float32,shape_key=10133105604101311,layernorm_linear_native,token_pair,384,1,"{""token_pair"": [384]}"
layernorm_linear_bwd_fp32_triton,sm86,bfloat16+float32,shape_key=1125902054339775,layernorm_linear_atom_output,atom_single,1024,1,"{""atom_single"": [1024]}"
layernorm_linear_bwd_fp32_triton,sm86,bfloat16+float32,shape_key=18014398777935039,layernorm_linear_native,atom_pair,2048|3072,2,"{""atom_pair"": [2048, 3072]}"
layernorm_linear_bwd_fp32_triton,sm86,bfloat16+float32,shape_key=18014398777967807,layernorm_linear_native,atom_pair,2048|3072,2,"{""atom_pair"": [2048, 3072]}"
layernorm_linear_bwd_fp32_triton,sm86,bfloat16+float32,shape_key=18014400656979135,layernorm_linear_atom_output,atom_single,6144|7168|8192,3,"{""atom_single"": [6144, 7168, 8192]}"
layernorm_linear_bwd_fp32_triton,sm86,bfloat16+float32,shape_key=28147497939518655,layernorm_linear_native,atom_pair,4096,1,"{""atom_pair"": [4096]}"
layernorm_linear_bwd_fp32_triton,sm86,bfloat16+float32,shape_key=28147497939551423,layernorm_linear_native,atom_pair,4096,1,"{""atom_pair"": [4096]}"
layernorm_linear_bwd_fp32_triton,sm86,bfloat16+float32,shape_key=40532396914787519,layernorm_linear_native,atom_pair,5120|6144|7168|8192,4,"{""atom_pair"": [5120, 6144, 7168, 8192]}"
layernorm_linear_bwd_fp32_triton,sm86,bfloat16+float32,shape_key=40532396914820287,layernorm_linear_native,atom_pair,5120|6144|7168|8192,4,"{""atom_pair"": [5120, 6144, 7168, 8192]}"
layernorm_linear_bwd_fp32_triton,sm86,bfloat16+float32,shape_key=40532397720085695,layernorm_linear_native,token_pair,768,1,"{""token_pair"": [768]}"
layernorm_linear_bwd_fp32_triton,sm86,bfloat16+float32,shape_key=40532397720093887,layernorm_linear_native,token_pair,768,1,"{""token_pair"": [768]}"
layernorm_linear_bwd_fp32_triton,sm86,bfloat16+float32,shape_key=40532398793835711,layernorm_linear_native,token_pair,768,1,"{""token_pair"": [768]}"
layernorm_linear_bwd_fp32_triton,sm86,bfloat16+float32,shape_key=40532398793852095,layernorm_linear_native,token_pair,768,1,"{""token_pair"": [768]}"
layernorm_linear_bwd_fp32_triton,sm86,bfloat16+float32,shape_key=40532398793884863,layernorm_linear_native,token_pair,768,1,"{""token_pair"": [768]}"
layernorm_linear_bwd_fp32_triton,sm86,bfloat16+float32,shape_key=40532400941335743,layernorm_linear_native,token_pair,768,1,"{""token_pair"": [768]}"
layernorm_linear_bwd_fp32_triton,sm86,bfloat16+float32,shape_key=40532400941368511,layernorm_linear_native,token_pair,768,1,"{""token_pair"": [768]}"
layernorm_linear_bwd_fp32_triton,sm86,bfloat16+float32,shape_key=40532403088819391,layernorm_linear_native,token_pair,768,1,"{""token_pair"": [768]}"
layernorm_linear_bwd_fp32_triton,sm86,bfloat16+float32,shape_key=40532403088835775,layernorm_linear_native,token_pair,768,1,"{""token_pair"": [768]}"
layernorm_linear_bwd_fp32_triton,sm86,bfloat16+float32,shape_key=40532403088852159,layernorm_linear_native,token_pair,768,1,"{""token_pair"": [768]}"
layernorm_linear_bwd_fp32_triton,sm86,bfloat16+float32,shape_key=4503599895823551,layernorm_linear_native,atom_pair,1024,1,"{""atom_pair"": [1024]}"
layernorm_linear_bwd_fp32_triton,sm86,bfloat16+float32,shape_key=4503599895856319,layernorm_linear_native,atom_pair,1024,1,"{""atom_pair"": [1024]}"
layernorm_linear_bwd_fp32_triton,sm86,bfloat16+float32,shape_key=4503601774867647,layernorm_linear_atom_output,atom_single,2048,1,"{""atom_single"": [2048]}"
layernorm_linear_fwd_fp32_triton,sm86,bfloat16+float32,shape_key=10133100235334847,layernorm_linear_native,token_pair,384,2,"{""token_pair"": [384]}"
layernorm_linear_fwd_fp32_triton,sm86,bfloat16+float32,shape_key=10133100235343039,layernorm_linear_native,token_pair,384,2,"{""token_pair"": [384]}"
layernorm_linear_fwd_fp32_triton,sm86,bfloat16+float32,shape_key=10133101309080767,layernorm_linear_atom_output,atom_single,3072|4096|5120,3,"{""atom_single"": [3072, 4096, 5120]}"
layernorm_linear_fwd_fp32_triton,sm86,bfloat16+float32,shape_key=10133101309084863,layernorm_linear_native,token_pair,384,2,"{""token_pair"": [384]}"
layernorm_linear_fwd_fp32_triton,sm86,bfloat16+float32,shape_key=10133101309101247,layernorm_linear_native,token_pair,384,2,"{""token_pair"": [384]}"
layernorm_linear_fwd_fp32_triton,sm86,bfloat16+float32,shape_key=10133101309134015,layernorm_linear_native,token_pair,384,2,"{""token_pair"": [384]}"
layernorm_linear_fwd_fp32_triton,sm86,bfloat16+float32,shape_key=10133103456584895,layernorm_linear_native,token_pair,384,2,"{""token_pair"": [384]}"
layernorm_linear_fwd_fp32_triton,sm86,bfloat16+float32,shape_key=10133103456617663,layernorm_linear_native,token_pair,384,2,"{""token_pair"": [384]}"
layernorm_linear_fwd_fp32_triton,sm86,bfloat16+float32,shape_key=10133105604068543,layernorm_linear_native,token_pair,384,2,"{""token_pair"": [384]}"
layernorm_linear_fwd_fp32_triton,sm86,bfloat16+float32,shape_key=10133105604084927,layernorm_linear_native,token_pair,384,2,"{""token_pair"": [384]}"
layernorm_linear_fwd_fp32_triton,sm86,bfloat16+float32,shape_key=10133105604101311,layernorm_linear_native,token_pair,384,2,"{""token_pair"": [384]}"
layernorm_linear_fwd_fp32_triton,sm86,bfloat16+float32,shape_key=1125900980593855,layernorm_linear_native,token_pair,128,1,"{""token_pair"": [128]}"
layernorm_linear_fwd_fp32_triton,sm86,bfloat16+float32,shape_key=1125900980602047,layernorm_linear_native,token_pair,128,1,"{""token_pair"": [128]}"
layernorm_linear_fwd_fp32_triton,sm86,bfloat16+float32,shape_key=1125902054339775,layernorm_linear_atom_output,atom_single,1024|4096|5120|6144|7168|8192,6,"{""atom_single"": [1024, 4096, 5120, 6144, 7168, 8192]}"
layernorm_linear_fwd_fp32_triton,sm86,bfloat16+float32,shape_key=1125902054343871,layernorm_linear_native,token_pair,128,1,"{""token_pair"": [128]}"
layernorm_linear_fwd_fp32_triton,sm86,bfloat16+float32,shape_key=1125902054360255,layernorm_linear_native,token_pair,128,1,"{""token_pair"": [128]}"
layernorm_linear_fwd_fp32_triton,sm86,bfloat16+float32,shape_key=1125902054393023,layernorm_linear_native,token_pair,128,1,"{""token_pair"": [128]}"
layernorm_linear_fwd_fp32_triton,sm86,bfloat16+float32,shape_key=1125904201843903,layernorm_linear_native,token_pair,128,1,"{""token_pair"": [128]}"
layernorm_linear_fwd_fp32_triton,sm86,bfloat16+float32,shape_key=1125904201876671,layernorm_linear_native,token_pair,128,1,"{""token_pair"": [128]}"
layernorm_linear_fwd_fp32_triton,sm86,bfloat16+float32,shape_key=1125906349327551,layernorm_linear_native,token_pair,128,1,"{""token_pair"": [128]}"
layernorm_linear_fwd_fp32_triton,sm86,bfloat16+float32,shape_key=1125906349343935,layernorm_linear_native,token_pair,128,1,"{""token_pair"": [128]}"
layernorm_linear_fwd_fp32_triton,sm86,bfloat16+float32,shape_key=1125906349360319,layernorm_linear_native,token_pair,128,1,"{""token_pair"": [128]}"
layernorm_linear_fwd_fp32_triton,sm86,bfloat16+float32,shape_key=18014398777935039,layernorm_linear_native,atom_pair,2048|3072,4,"{""atom_pair"": [2048, 3072]}"
layernorm_linear_fwd_fp32_triton,sm86,bfloat16+float32,shape_key=18014398777967807,layernorm_linear_native,atom_pair,2048|3072,4,"{""atom_pair"": [2048, 3072]}"
layernorm_linear_fwd_fp32_triton,sm86,bfloat16+float32,shape_key=18014399583233215,layernorm_linear_native,token_pair,512,1,"{""token_pair"": [512]}"
layernorm_linear_fwd_fp32_triton,sm86,bfloat16+float32,shape_key=18014399583241407,layernorm_linear_native,token_pair,512,1,"{""token_pair"": [512]}"
layernorm_linear_fwd_fp32_triton,sm86,bfloat16+float32,shape_key=18014400656979135,layernorm_linear_atom_output,atom_single,6144|7168|8192,3,"{""atom_single"": [6144, 7168, 8192]}"
layernorm_linear_fwd_fp32_triton,sm86,bfloat16+float32,shape_key=18014400656983231,layernorm_linear_native,token_pair,512,1,"{""token_pair"": [512]}"
layernorm_linear_fwd_fp32_triton,sm86,bfloat16+float32,shape_key=18014400656999615,layernorm_linear_native,token_pair,512,1,"{""token_pair"": [512]}"
layernorm_linear_fwd_fp32_triton,sm86,bfloat16+float32,shape_key=18014400657032383,layernorm_linear_native,token_pair,512,1,"{""token_pair"": [512]}"
layernorm_linear_fwd_fp32_triton,sm86,bfloat16+float32,shape_key=18014402804483263,layernorm_linear_native,token_pair,512,1,"{""token_pair"": [512]}"
layernorm_linear_fwd_fp32_triton,sm86,bfloat16+float32,shape_key=18014402804516031,layernorm_linear_native,token_pair,512,1,"{""token_pair"": [512]}"
layernorm_linear_fwd_fp32_triton,sm86,bfloat16+float32,shape_key=18014404951966911,layernorm_linear_native,token_pair,512,1,"{""token_pair"": [512]}"
layernorm_linear_fwd_fp32_triton,sm86,bfloat16+float32,shape_key=18014404951983295,layernorm_linear_native,token_pair,512,1,"{""token_pair"": [512]}"
layernorm_linear_fwd_fp32_triton,sm86,bfloat16+float32,shape_key=18014404951999679,layernorm_linear_native,token_pair,512,1,"{""token_pair"": [512]}"
layernorm_linear_fwd_fp32_triton,sm86,bfloat16+float32,shape_key=28147497939518655,layernorm_linear_native,atom_pair,4096,2,"{""atom_pair"": [4096]}"
layernorm_linear_fwd_fp32_triton,sm86,bfloat16+float32,shape_key=28147497939551423,layernorm_linear_native,atom_pair,4096,2,"{""atom_pair"": [4096]}"
layernorm_linear_fwd_fp32_triton,sm86,bfloat16+float32,shape_key=28147498744816831,layernorm_linear_native,token_pair,640,1,"{""token_pair"": [640]}"
layernorm_linear_fwd_fp32_triton,sm86,bfloat16+float32,shape_key=28147498744825023,layernorm_linear_native,token_pair,640,1,"{""token_pair"": [640]}"
layernorm_linear_fwd_fp32_triton,sm86,bfloat16+float32,shape_key=28147499818566847,layernorm_linear_native,token_pair,640,1,"{""token_pair"": [640]}"
layernorm_linear_fwd_fp32_triton,sm86,bfloat16+float32,shape_key=28147499818583231,layernorm_linear_native,token_pair,640,1,"{""token_pair"": [640]}"
layernorm_linear_fwd_fp32_triton,sm86,bfloat16+float32,shape_key=28147499818615999,layernorm_linear_native,token_pair,640,1,"{""token_pair"": [640]}"
layernorm_linear_fwd_fp32_triton,sm86,bfloat16+float32,shape_key=28147501966066879,layernorm_linear_native,token_pair,640,1,"{""token_pair"": [640]}"
layernorm_linear_fwd_fp32_triton,sm86,bfloat16+float32,shape_key=28147501966099647,layernorm_linear_native,token_pair,640,1,"{""token_pair"": [640]}"
layernorm_linear_fwd_fp32_triton,sm86,bfloat16+float32,shape_key=28147504113550527,layernorm_linear_native,token_pair,640,1,"{""token_pair"": [640]}"
layernorm_linear_fwd_fp32_triton,sm86,bfloat16+float32,shape_key=28147504113566911,layernorm_linear_native,token_pair,640,1,"{""token_pair"": [640]}"
layernorm_linear_fwd_fp32_triton,sm86,bfloat16+float32,shape_key=28147504113583295,layernorm_linear_native,token_pair,640,1,"{""token_pair"": [640]}"
layernorm_linear_fwd_fp32_triton,sm86,bfloat16+float32,shape_key=281477124207807,layernorm_linear_atom_output,atom_single,1024,1,"{""atom_single"": [1024]}"
layernorm_linear_fwd_fp32_triton,sm86,bfloat16+float32,shape_key=40532396914787519,layernorm_linear_native,atom_pair,5120|6144|7168|8192,8,"{""atom_pair"": [5120, 6144, 7168, 8192]}"
layernorm_linear_fwd_fp32_triton,sm86,bfloat16+float32,shape_key=40532396914820287,layernorm_linear_native,atom_pair,5120|6144|7168|8192,8,"{""atom_pair"": [5120, 6144, 7168, 8192]}"
layernorm_linear_fwd_fp32_triton,sm86,bfloat16+float32,shape_key=40532397720085695,layernorm_linear_native,token_pair,768,2,"{""token_pair"": [768]}"
layernorm_linear_fwd_fp32_triton,sm86,bfloat16+float32,shape_key=40532397720093887,layernorm_linear_native,token_pair,768,2,"{""token_pair"": [768]}"
layernorm_linear_fwd_fp32_triton,sm86,bfloat16+float32,shape_key=40532398793835711,layernorm_linear_native,token_pair,768,2,"{""token_pair"": [768]}"
layernorm_linear_fwd_fp32_triton,sm86,bfloat16+float32,shape_key=40532398793852095,layernorm_linear_native,token_pair,768,2,"{""token_pair"": [768]}"
layernorm_linear_fwd_fp32_triton,sm86,bfloat16+float32,shape_key=40532398793884863,layernorm_linear_native,token_pair,768,2,"{""token_pair"": [768]}"
layernorm_linear_fwd_fp32_triton,sm86,bfloat16+float32,shape_key=40532400941335743,layernorm_linear_native,token_pair,768,2,"{""token_pair"": [768]}"
layernorm_linear_fwd_fp32_triton,sm86,bfloat16+float32,shape_key=40532400941368511,layernorm_linear_native,token_pair,768,2,"{""token_pair"": [768]}"
layernorm_linear_fwd_fp32_triton,sm86,bfloat16+float32,shape_key=40532403088819391,layernorm_linear_native,token_pair,768,2,"{""token_pair"": [768]}"
layernorm_linear_fwd_fp32_triton,sm86,bfloat16+float32,shape_key=40532403088835775,layernorm_linear_native,token_pair,768,2,"{""token_pair"": [768]}"
layernorm_linear_fwd_fp32_triton,sm86,bfloat16+float32,shape_key=40532403088852159,layernorm_linear_native,token_pair,768,2,"{""token_pair"": [768]}"
layernorm_linear_fwd_fp32_triton,sm86,bfloat16+float32,shape_key=4503599895823551,layernorm_linear_native,atom_pair,1024,2,"{""atom_pair"": [1024]}"
layernorm_linear_fwd_fp32_triton,sm86,bfloat16+float32,shape_key=4503599895856319,layernorm_linear_native,atom_pair,1024,2,"{""atom_pair"": [1024]}"
layernorm_linear_fwd_fp32_triton,sm86,bfloat16+float32,shape_key=4503600701121727,layernorm_linear_native,token_pair,256,1,"{""token_pair"": [256]}"
layernorm_linear_fwd_fp32_triton,sm86,bfloat16+float32,shape_key=4503600701129919,layernorm_linear_native,token_pair,256,1,"{""token_pair"": [256]}"
layernorm_linear_fwd_fp32_triton,sm86,bfloat16+float32,shape_key=4503601774867647,layernorm_linear_atom_output,atom_single,2048,1,"{""atom_single"": [2048]}"
layernorm_linear_fwd_fp32_triton,sm86,bfloat16+float32,shape_key=4503601774871743,layernorm_linear_native,token_pair,256,1,"{""token_pair"": [256]}"
layernorm_linear_fwd_fp32_triton,sm86,bfloat16+float32,shape_key=4503601774888127,layernorm_linear_native,token_pair,256,1,"{""token_pair"": [256]}"
layernorm_linear_fwd_fp32_triton,sm86,bfloat16+float32,shape_key=4503601774920895,layernorm_linear_native,token_pair,256,1,"{""token_pair"": [256]}"
layernorm_linear_fwd_fp32_triton,sm86,bfloat16+float32,shape_key=4503603922371775,layernorm_linear_native,token_pair,256,1,"{""token_pair"": [256]}"
layernorm_linear_fwd_fp32_triton,sm86,bfloat16+float32,shape_key=4503603922404543,layernorm_linear_native,token_pair,256,1,"{""token_pair"": [256]}"
layernorm_linear_fwd_fp32_triton,sm86,bfloat16+float32,shape_key=4503606069855423,layernorm_linear_native,token_pair,256,1,"{""token_pair"": [256]}"
layernorm_linear_fwd_fp32_triton,sm86,bfloat16+float32,shape_key=4503606069871807,layernorm_linear_native,token_pair,256,1,"{""token_pair"": [256]}"
layernorm_linear_fwd_fp32_triton,sm86,bfloat16+float32,shape_key=4503606069888191,layernorm_linear_native,token_pair,256,1,"{""token_pair"": [256]}"
layernorm_linear_fwd_fp32_triton,sm86,bfloat16+float32,shape_key=562952100918463,layernorm_linear_atom_output,atom_single,2048|3072,2,"{""atom_single"": [2048, 3072]}"
layernorm_linear_fwd_triton,sm86,bfloat16+float32,"HAS_BIAS=0,SAVE_STATS=0,shape_key=10133101311200266",triangle_attention_bidirectional,token_pair,384,1,"{""token_pair"": [384]}"
layernorm_linear_fwd_triton,sm86,bfloat16+float32,"HAS_BIAS=0,SAVE_STATS=0,shape_key=18014400659098634",triangle_attention_bidirectional,token_pair,512,1,"{""token_pair"": [512]}"
layernorm_linear_fwd_triton,sm86,bfloat16+float32,"HAS_BIAS=0,SAVE_STATS=0,shape_key=28147499820682250",triangle_attention_bidirectional,token_pair,640,1,"{""token_pair"": [640]}"
layernorm_linear_fwd_triton,sm86,bfloat16+float32,"HAS_BIAS=0,SAVE_STATS=0,shape_key=40532398795951114",triangle_attention_bidirectional,token_pair,768,1,"{""token_pair"": [768]}"
layernorm_stats_triton,sm86,bfloat16+float32,shape_key=10740565909,adaptive_layernorm|augmented_attention|conditioned_transition,token_single,640,8,"{""token_single"": [640]}"
layernorm_stats_triton,sm86,bfloat16+float32,shape_key=12888049557,adaptive_layernorm|augmented_attention|conditioned_transition,token_single,768,16,"{""token_single"": [768]}"
layernorm_stats_triton,sm86,bfloat16+float32,shape_key=2150631317,adaptive_layernorm|augmented_attention|conditioned_transition,token_single,128,8,"{""token_single"": [128]}"
layernorm_stats_triton,sm86,bfloat16+float32,shape_key=4298114965,adaptive_layernorm|augmented_attention|conditioned_transition,token_single,256,8,"{""token_single"": [256]}"
layernorm_stats_triton,sm86,bfloat16+float32,shape_key=6445598613,adaptive_layernorm|augmented_attention|conditioned_transition,token_single,384,16,"{""token_single"": [384]}"
layernorm_stats_triton,sm86,bfloat16+float32,shape_key=8593082261,adaptive_layernorm|augmented_attention|conditioned_transition,token_single,512,8,"{""token_single"": [512]}"
outer_product_mean_bwd_epilogue_dw_triton,sm86,bfloat16+float32,shape_key=26388816465662,outer_product_mean,msa_token,384,1,"{""msa_token"": [384]}"
outer_product_mean_bwd_epilogue_dw_triton,sm86,bfloat16+float32,shape_key=26388816989950,outer_product_mean,msa_token,384,1,"{""msa_token"": [384]}"
outer_product_mean_bwd_epilogue_dw_triton,sm86,bfloat16+float32,shape_key=26388817514238,outer_product_mean,msa_token,384,1,"{""msa_token"": [384]}"
outer_product_mean_bwd_epilogue_dw_triton,sm86,bfloat16+float32,shape_key=52777095532286,outer_product_mean,msa_token,768,1,"{""msa_token"": [768]}"
outer_product_mean_bwd_epilogue_dw_triton,sm86,bfloat16+float32,shape_key=52777096056574,outer_product_mean,msa_token,768,1,"{""msa_token"": [768]}"
outer_product_mean_bwd_epilogue_dw_triton,sm86,bfloat16+float32,shape_key=52777096580862,outer_product_mean,msa_token,768,1,"{""msa_token"": [768]}"
outer_product_mean_bwd_epilogue_dx_triton,sm86,bfloat16+float32,shape_key=26388816465662,outer_product_mean,msa_token,384,1,"{""msa_token"": [384]}"
outer_product_mean_bwd_epilogue_dx_triton,sm86,bfloat16+float32,shape_key=26388816989950,outer_product_mean,msa_token,384,1,"{""msa_token"": [384]}"
outer_product_mean_bwd_epilogue_dx_triton,sm86,bfloat16+float32,shape_key=26388817514238,outer_product_mean,msa_token,384,1,"{""msa_token"": [384]}"
outer_product_mean_bwd_epilogue_dx_triton,sm86,bfloat16+float32,shape_key=52777095532286,outer_product_mean,msa_token,768,1,"{""msa_token"": [768]}"
outer_product_mean_bwd_epilogue_dx_triton,sm86,bfloat16+float32,shape_key=52777096056574,outer_product_mean,msa_token,768,1,"{""msa_token"": [768]}"
outer_product_mean_bwd_epilogue_dx_triton,sm86,bfloat16+float32,shape_key=52777096580862,outer_product_mean,msa_token,768,1,"{""msa_token"": [768]}"
outer_product_mean_bwd_layernorm_gemm_triton,sm86,bfloat16+float32,"HAS_MASK=1,shape_key=26388816202553",outer_product_mean,msa_token,384,1,"{""msa_token"": [384]}"
outer_product_mean_bwd_layernorm_gemm_triton,sm86,bfloat16+float32,"HAS_MASK=1,shape_key=26388816464697",outer_product_mean,msa_token,384,2,"{""msa_token"": [384]}"
outer_product_mean_bwd_layernorm_gemm_triton,sm86,bfloat16+float32,"HAS_MASK=1,shape_key=52777095269177",outer_product_mean,msa_token,768,1,"{""msa_token"": [768]}"
outer_product_mean_bwd_layernorm_gemm_triton,sm86,bfloat16+float32,"HAS_MASK=1,shape_key=52777095531321",outer_product_mean,msa_token,768,2,"{""msa_token"": [768]}"
outer_product_mean_epilogue_triton,sm86,bfloat16+float32,"HAS_RES=0,NORM_FIRST=1,shape_key=17592723443454",outer_product_mean,msa_token,256,1,"{""msa_token"": [256]}"
outer_product_mean_epilogue_triton,sm86,bfloat16+float32,"HAS_RES=0,NORM_FIRST=1,shape_key=17592723967742",outer_product_mean,msa_token,256,1,"{""msa_token"": [256]}"
outer_product_mean_epilogue_triton,sm86,bfloat16+float32,"HAS_RES=0,NORM_FIRST=1,shape_key=17592724492030",outer_product_mean,msa_token,256,1,"{""msa_token"": [256]}"
outer_product_mean_epilogue_triton,sm86,bfloat16+float32,"HAS_RES=0,NORM_FIRST=1,shape_key=26388816465662",outer_product_mean,msa_token,384,2,"{""msa_token"": [384]}"
outer_product_mean_epilogue_triton,sm86,bfloat16+float32,"HAS_RES=0,NORM_FIRST=1,shape_key=26388816989950",outer_product_mean,msa_token,384,2,"{""msa_token"": [384]}"
outer_product_mean_epilogue_triton,sm86,bfloat16+float32,"HAS_RES=0,NORM_FIRST=1,shape_key=26388817514238",outer_product_mean,msa_token,384,2,"{""msa_token"": [384]}"
outer_product_mean_epilogue_triton,sm86,bfloat16+float32,"HAS_RES=0,NORM_FIRST=1,shape_key=35184909487870",outer_product_mean,msa_token,512,1,"{""msa_token"": [512]}"
outer_product_mean_epilogue_triton,sm86,bfloat16+float32,"HAS_RES=0,NORM_FIRST=1,shape_key=35184910012158",outer_product_mean,msa_token,512,1,"{""msa_token"": [512]}"
outer_product_mean_epilogue_triton,sm86,bfloat16+float32,"HAS_RES=0,NORM_FIRST=1,shape_key=35184910536446",outer_product_mean,msa_token,512,1,"{""msa_token"": [512]}"
outer_product_mean_epilogue_triton,sm86,bfloat16+float32,"HAS_RES=0,NORM_FIRST=1,shape_key=43981002510078",outer_product_mean,msa_token,640,1,"{""msa_token"": [640]}"
outer_product_mean_epilogue_triton,sm86,bfloat16+float32,"HAS_RES=0,NORM_FIRST=1,shape_key=43981003034366",outer_product_mean,msa_token,640,1,"{""msa_token"": [640]}"
outer_product_mean_epilogue_triton,sm86,bfloat16+float32,"HAS_RES=0,NORM_FIRST=1,shape_key=43981003558654",outer_product_mean,msa_token,640,1,"{""msa_token"": [640]}"
outer_product_mean_epilogue_triton,sm86,bfloat16+float32,"HAS_RES=0,NORM_FIRST=1,shape_key=52777095532286",outer_product_mean,msa_token,768,2,"{""msa_token"": [768]}"
outer_product_mean_epilogue_triton,sm86,bfloat16+float32,"HAS_RES=0,NORM_FIRST=1,shape_key=52777096056574",outer_product_mean,msa_token,768,2,"{""msa_token"": [768]}"
outer_product_mean_epilogue_triton,sm86,bfloat16+float32,"HAS_RES=0,NORM_FIRST=1,shape_key=52777096580862",outer_product_mean,msa_token,768,2,"{""msa_token"": [768]}"
outer_product_mean_epilogue_triton,sm86,bfloat16+float32,"HAS_RES=0,NORM_FIRST=1,shape_key=8796630421246",outer_product_mean,msa_token,128,1,"{""msa_token"": [128]}"
outer_product_mean_epilogue_triton,sm86,bfloat16+float32,"HAS_RES=0,NORM_FIRST=1,shape_key=8796630945534",outer_product_mean,msa_token,128,1,"{""msa_token"": [128]}"
outer_product_mean_epilogue_triton,sm86,bfloat16+float32,"HAS_RES=0,NORM_FIRST=1,shape_key=8796631469822",outer_product_mean,msa_token,128,1,"{""msa_token"": [128]}"
outer_product_mean_layernorm_gemm_triton,sm86,bfloat16+float32,"HAS_MASK=1,shape_key=17592723180345",outer_product_mean,msa_token,256,1,"{""msa_token"": [256]}"
outer_product_mean_layernorm_gemm_triton,sm86,bfloat16+float32,"HAS_MASK=1,shape_key=17592723442489",outer_product_mean,msa_token,256,2,"{""msa_token"": [256]}"
outer_product_mean_layernorm_gemm_triton,sm86,bfloat16+float32,"HAS_MASK=1,shape_key=26388816202553",outer_product_mean,msa_token,384,2,"{""msa_token"": [384]}"
outer_product_mean_layernorm_gemm_triton,sm86,bfloat16+float32,"HAS_MASK=1,shape_key=26388816464697",outer_product_mean,msa_token,384,4,"{""msa_token"": [384]}"
outer_product_mean_layernorm_gemm_triton,sm86,bfloat16+float32,"HAS_MASK=1,shape_key=35184909224761",outer_product_mean,msa_token,512,1,"{""msa_token"": [512]}"
outer_product_mean_layernorm_gemm_triton,sm86,bfloat16+float32,"HAS_MASK=1,shape_key=35184909486905",outer_product_mean,msa_token,512,2,"{""msa_token"": [512]}"
outer_product_mean_layernorm_gemm_triton,sm86,bfloat16+float32,"HAS_MASK=1,shape_key=43981002246969",outer_product_mean,msa_token,640,1,"{""msa_token"": [640]}"
outer_product_mean_layernorm_gemm_triton,sm86,bfloat16+float32,"HAS_MASK=1,shape_key=43981002509113",outer_product_mean,msa_token,640,2,"{""msa_token"": [640]}"
outer_product_mean_layernorm_gemm_triton,sm86,bfloat16+float32,"HAS_MASK=1,shape_key=52777095269177",outer_product_mean,msa_token,768,2,"{""msa_token"": [768]}"
outer_product_mean_layernorm_gemm_triton,sm86,bfloat16+float32,"HAS_MASK=1,shape_key=52777095531321",outer_product_mean,msa_token,768,4,"{""msa_token"": [768]}"
outer_product_mean_layernorm_gemm_triton,sm86,bfloat16+float32,"HAS_MASK=1,shape_key=8796630158137",outer_product_mean,msa_token,128,1,"{""msa_token"": [128]}"
outer_product_mean_layernorm_gemm_triton,sm86,bfloat16+float32,"HAS_MASK=1,shape_key=8796630420281",outer_product_mean,msa_token,128,2,"{""msa_token"": [128]}"
pair_weighted_averaging_bwd_gate_gemm_triton,sm86,bfloat16+float32,"HAS_KEEP=0,shape_key=108087492716036259",msa_pair_weighted_averaging,msa_token,384,1,"{""msa_token"": [384]}"
pair_weighted_averaging_bwd_gate_gemm_triton,sm86,bfloat16+float32,"HAS_KEEP=0,shape_key=216173883772928163",msa_pair_weighted_averaging,msa_token,768,1,"{""msa_token"": [768]}"
pair_weighted_averaging_bwd_gate_gemm_triton,sm86,bfloat16+float32,"HAS_KEEP=1,shape_key=108087492716036259",msa_pair_weighted_averaging,msa_token,384,1,"{""msa_token"": [384]}"
pair_weighted_averaging_bwd_gate_gemm_triton,sm86,bfloat16+float32,"HAS_KEEP=1,shape_key=216173883772928163",msa_pair_weighted_averaging,msa_token,768,1,"{""msa_token"": [768]}"
pair_weighted_averaging_bwd_layernorm_gemm_dw_triton,sm86,bfloat16+float32,shape_key=26388548027564,msa_pair_weighted_averaging,msa_token,384,2,"{""msa_token"": [384]}"
pair_weighted_averaging_bwd_layernorm_gemm_dw_triton,sm86,bfloat16+float32,shape_key=52776827094188,msa_pair_weighted_averaging,msa_token,768,2,"{""msa_token"": [768]}"
pair_weighted_averaging_bwd_layernorm_gemm_dx_dlnw_triton,sm86,bfloat16+float32,shape_key=108087492716036259,msa_pair_weighted_averaging,msa_token,384,2,"{""msa_token"": [384]}"
pair_weighted_averaging_bwd_layernorm_gemm_dx_dlnw_triton,sm86,bfloat16+float32,shape_key=216173883772928163,msa_pair_weighted_averaging,msa_token,768,2,"{""msa_token"": [768]}"
pair_weighted_averaging_bwd_layernorm_gemm_softmax_triton,sm86,bfloat16+float32,"DZP=256,HAS_MASK=1,HP=16,shape_key=26392574070221",msa_pair_weighted_averaging,msa_token,384,2,"{""msa_token"": [384]}"
pair_weighted_averaging_bwd_layernorm_gemm_softmax_triton,sm86,bfloat16+float32,"DZP=256,HAS_MASK=1,HP=16,shape_key=52780853136845",msa_pair_weighted_averaging,msa_token,768,2,"{""msa_token"": [768]}"
pair_weighted_averaging_gate_gemm_triton,sm86,bfloat16+float32,"HAS_KEEP=0,shape_key=108087492716036259",msa_pair_weighted_averaging,msa_token,384,2,"{""msa_token"": [384]}"
pair_weighted_averaging_gate_gemm_triton,sm86,bfloat16+float32,"HAS_KEEP=0,shape_key=144116289735000227",msa_pair_weighted_averaging,msa_token,512,1,"{""msa_token"": [512]}"
pair_weighted_averaging_gate_gemm_triton,sm86,bfloat16+float32,"HAS_KEEP=0,shape_key=180145086753964195",msa_pair_weighted_averaging,msa_token,640,1,"{""msa_token"": [640]}"
pair_weighted_averaging_gate_gemm_triton,sm86,bfloat16+float32,"HAS_KEEP=0,shape_key=216173883772928163",msa_pair_weighted_averaging,msa_token,768,2,"{""msa_token"": [768]}"
pair_weighted_averaging_gate_gemm_triton,sm86,bfloat16+float32,"HAS_KEEP=0,shape_key=36029898678108323",msa_pair_weighted_averaging,msa_token,128,1,"{""msa_token"": [128]}"
pair_weighted_averaging_gate_gemm_triton,sm86,bfloat16+float32,"HAS_KEEP=0,shape_key=72058695697072291",msa_pair_weighted_averaging,msa_token,256,1,"{""msa_token"": [256]}"
pair_weighted_averaging_gate_gemm_triton,sm86,bfloat16+float32,"HAS_KEEP=1,shape_key=108087492716036259",msa_pair_weighted_averaging,msa_token,384,1,"{""msa_token"": [384]}"
pair_weighted_averaging_gate_gemm_triton,sm86,bfloat16+float32,"HAS_KEEP=1,shape_key=216173883772928163",msa_pair_weighted_averaging,msa_token,768,1,"{""msa_token"": [768]}"
pair_weighted_averaging_layernorm_gemm_softmax_triton,sm86,bfloat16+float32,"DZP=256,HAS_MASK=1,HP=16,shape_key=17596481045247",msa_pair_weighted_averaging,msa_token,256,1,"{""msa_token"": [256]}"
pair_weighted_averaging_layernorm_gemm_softmax_triton,sm86,bfloat16+float32,"DZP=256,HAS_MASK=1,HP=16,shape_key=26392574067455",msa_pair_weighted_averaging,msa_token,384,3,"{""msa_token"": [384]}"
pair_weighted_averaging_layernorm_gemm_softmax_triton,sm86,bfloat16+float32,"DZP=256,HAS_MASK=1,HP=16,shape_key=35188667089663",msa_pair_weighted_averaging,msa_token,512,1,"{""msa_token"": [512]}"
pair_weighted_averaging_layernorm_gemm_softmax_triton,sm86,bfloat16+float32,"DZP=256,HAS_MASK=1,HP=16,shape_key=43984760111871",msa_pair_weighted_averaging,msa_token,640,1,"{""msa_token"": [640]}"
pair_weighted_averaging_layernorm_gemm_softmax_triton,sm86,bfloat16+float32,"DZP=256,HAS_MASK=1,HP=16,shape_key=52780853134079",msa_pair_weighted_averaging,msa_token,768,3,"{""msa_token"": [768]}"
pair_weighted_averaging_layernorm_gemm_softmax_triton,sm86,bfloat16+float32,"DZP=256,HAS_MASK=1,HP=16,shape_key=8800388023039",msa_pair_weighted_averaging,msa_token,128,1,"{""msa_token"": [128]}"
pair_weighted_averaging_layernorm_gemm_triton,sm86,bfloat16+float32,shape_key=108087492716531373,msa_pair_weighted_averaging,msa_token,384,3,"{""msa_token"": [384]}"
pair_weighted_averaging_layernorm_gemm_triton,sm86,bfloat16+float32,shape_key=144116289735495341,msa_pair_weighted_averaging,msa_token,512,1,"{""msa_token"": [512]}"
pair_weighted_averaging_layernorm_gemm_triton,sm86,bfloat16+float32,shape_key=180145086754459309,msa_pair_weighted_averaging,msa_token,640,1,"{""msa_token"": [640]}"
pair_weighted_averaging_layernorm_gemm_triton,sm86,bfloat16+float32,shape_key=216173883773423277,msa_pair_weighted_averaging,msa_token,768,3,"{""msa_token"": [768]}"
pair_weighted_averaging_layernorm_gemm_triton,sm86,bfloat16+float32,shape_key=36029898678603437,msa_pair_weighted_averaging,msa_token,128,1,"{""msa_token"": [128]}"
pair_weighted_averaging_layernorm_gemm_triton,sm86,bfloat16+float32,shape_key=72058695697567405,msa_pair_weighted_averaging,msa_token,256,1,"{""msa_token"": [256]}"
qk_norm_rope_bwd_triton,sm86,bfloat16+float32,shape_key=10133099698522197,swa_atom_attention,atom_single,1024,1,"{""atom_single"": [1024]}"
qk_norm_rope_bwd_triton,sm86,bfloat16+float32,shape_key=18014399046420565,swa_atom_attention,atom_single,2048,1,"{""atom_single"": [2048]}"
qk_norm_rope_bwd_triton,sm86,bfloat16+float32,shape_key=40532397183273045,swa_atom_attention,atom_single,3072|4096|5120|6144|7168|8192,6,"{""atom_single"": [3072, 4096, 5120, 6144, 7168, 8192]}"
qk_norm_rope_fwd_triton,sm86,bfloat16+float32,shape_key=10133099698522197,swa_atom_attention,atom_single,1024|8192,2,"{""atom_single"": [1024, 8192]}"
qk_norm_rope_fwd_triton,sm86,bfloat16+float32,shape_key=1125900443781205,swa_atom_attention,atom_single,1024|2048|3072,3,"{""atom_single"": [1024, 2048, 3072]}"
qk_norm_rope_fwd_triton,sm86,bfloat16+float32,shape_key=18014399046420565,swa_atom_attention,atom_single,2048,1,"{""atom_single"": [2048]}"
qk_norm_rope_fwd_triton,sm86,bfloat16+float32,shape_key=40532397183273045,swa_atom_attention,atom_single,3072|4096|5120|6144|7168|8192,6,"{""atom_single"": [3072, 4096, 5120, 6144, 7168, 8192]}"
qk_norm_rope_fwd_triton,sm86,bfloat16+float32,shape_key=4503600164309077,swa_atom_attention,atom_single,4096|5120|6144|7168,4,"{""atom_single"": [4096, 5120, 6144, 7168]}"
rmsnorm_adamod_bwd_triton,sm86,bfloat16+float32,"HAS_WEIGHT=0,shape_key=10133101309594634",rms_norm_modulation,atom_single,3072|4096|5120,3,"{""atom_single"": [3072, 4096, 5120]}"
rmsnorm_adamod_bwd_triton,sm86,bfloat16+float32,"HAS_WEIGHT=0,shape_key=1125902054853642",rms_norm_modulation,atom_single,1024,1,"{""atom_single"": [1024]}"
rmsnorm_adamod_bwd_triton,sm86,bfloat16+float32,"HAS_WEIGHT=0,shape_key=18014400657493002",rms_norm_modulation,atom_single,6144|7168|8192,3,"{""atom_single"": [6144, 7168, 8192]}"
rmsnorm_adamod_bwd_triton,sm86,bfloat16+float32,"HAS_WEIGHT=0,shape_key=4503601775381514",rms_norm_modulation,atom_single,2048,1,"{""atom_single"": [2048]}"
rmsnorm_adamod_fwd_triton,sm86,bfloat16+float32,"HAS_WEIGHT=0,shape_key=10133101309594634",rms_norm_modulation,atom_single,3072|4096|5120,3,"{""atom_single"": [3072, 4096, 5120]}"
rmsnorm_adamod_fwd_triton,sm86,bfloat16+float32,"HAS_WEIGHT=0,shape_key=1125902054853642",rms_norm_modulation,atom_single,1024|4096|5120|6144|7168|8192,6,"{""atom_single"": [1024, 4096, 5120, 6144, 7168, 8192]}"
rmsnorm_adamod_fwd_triton,sm86,bfloat16+float32,"HAS_WEIGHT=0,shape_key=18014400657493002",rms_norm_modulation,atom_single,6144|7168|8192,3,"{""atom_single"": [6144, 7168, 8192]}"
rmsnorm_adamod_fwd_triton,sm86,bfloat16+float32,"HAS_WEIGHT=0,shape_key=281477124721674",rms_norm_modulation,atom_single,1024,1,"{""atom_single"": [1024]}"
rmsnorm_adamod_fwd_triton,sm86,bfloat16+float32,"HAS_WEIGHT=0,shape_key=4503601775381514",rms_norm_modulation,atom_single,2048,1,"{""atom_single"": [2048]}"
rmsnorm_adamod_fwd_triton,sm86,bfloat16+float32,"HAS_WEIGHT=0,shape_key=562952101432330",rms_norm_modulation,atom_single,2048|3072,2,"{""atom_single"": [2048, 3072]}"
swa_gate_out_fwd_triton,sm86,bfloat16,shape_key=1125902054853431,swa_atom_attention,atom_single,4096|5120|6144|7168|8192,5,"{""atom_single"": [4096, 5120, 6144, 7168, 8192]}"
swa_gate_out_fwd_triton,sm86,bfloat16,shape_key=281477124721463,swa_atom_attention,atom_single,1024,1,"{""atom_single"": [1024]}"
swa_gate_out_fwd_triton,sm86,bfloat16,shape_key=562952101432119,swa_atom_attention,atom_single,2048|3072,2,"{""atom_single"": [2048, 3072]}"
transition_bwd_swiglu_recompute_triton,sm86,bfloat16,"NORMALIZE=0,STORE_H=1,shape_key=10133100235851942",transition,token_pair,384,1,"{""token_pair"": [384]}"
transition_bwd_swiglu_recompute_triton,sm86,bfloat16,"NORMALIZE=0,STORE_H=1,shape_key=10133101310118054",swiglu_ffn|transition,atom_single|token_pair,384|3072|4096|5120,5,"{""atom_single"": [3072, 4096, 5120], ""token_pair"": [384]}"
transition_bwd_swiglu_recompute_triton,sm86,bfloat16,"NORMALIZE=0,STORE_H=1,shape_key=10133101311166630",pairformer_block|transition,token_pair,384,3,"{""token_pair"": [384]}"
transition_bwd_swiglu_recompute_triton,sm86,bfloat16,"NORMALIZE=0,STORE_H=1,shape_key=10133103458650278",transition,token_pair,384,1,"{""token_pair"": [384]}"
transition_bwd_swiglu_recompute_triton,sm86,bfloat16,"NORMALIZE=0,STORE_H=1,shape_key=10133103460747430",transition,token_pair,384,1,"{""token_pair"": [384]}"
transition_bwd_swiglu_recompute_triton,sm86,bfloat16,"NORMALIZE=0,STORE_H=1,shape_key=10133105610328230",transition,token_pair,384,1,"{""token_pair"": [384]}"
transition_bwd_swiglu_recompute_triton,sm86,bfloat16,"NORMALIZE=0,STORE_H=1,shape_key=1125902055377062",swiglu_ffn,atom_single,1024,1,"{""atom_single"": [1024]}"
transition_bwd_swiglu_recompute_triton,sm86,bfloat16,"NORMALIZE=0,STORE_H=1,shape_key=140738563147942",transition,msa_token,384,1,"{""msa_token"": [384]}"
transition_bwd_swiglu_recompute_triton,sm86,bfloat16,"NORMALIZE=0,STORE_H=1,shape_key=140739637938342",transition,msa_token,384,1,"{""msa_token"": [384]}"
transition_bwd_swiglu_recompute_triton,sm86,bfloat16,"NORMALIZE=0,STORE_H=1,shape_key=18014400658016422",swiglu_ffn,atom_single,6144|7168|8192,3,"{""atom_single"": [6144, 7168, 8192]}"
transition_bwd_swiglu_recompute_triton,sm86,bfloat16,"NORMALIZE=0,STORE_H=1,shape_key=26394724665510",swiglu_ffn|transition,token_single,384,2,"{""token_single"": [384]}"
transition_bwd_swiglu_recompute_triton,sm86,bfloat16,"NORMALIZE=0,STORE_H=1,shape_key=26394727811238",transition,token_single,384,1,"{""token_single"": [384]}"
transition_bwd_swiglu_recompute_triton,sm86,bfloat16,"NORMALIZE=0,STORE_H=1,shape_key=26401170262182",transition,token_single,384,1,"{""token_single"": [384]}"
transition_bwd_swiglu_recompute_triton,sm86,bfloat16,"NORMALIZE=0,STORE_H=1,shape_key=281476051503270",transition,msa_token,768,1,"{""msa_token"": [768]}"
transition_bwd_swiglu_recompute_triton,sm86,bfloat16,"NORMALIZE=0,STORE_H=1,shape_key=281477126293670",transition,msa_token,768,1,"{""msa_token"": [768]}"
transition_bwd_swiglu_recompute_triton,sm86,bfloat16,"NORMALIZE=0,STORE_H=1,shape_key=40532397720602790",transition,token_pair,768,1,"{""token_pair"": [768]}"
transition_bwd_swiglu_recompute_triton,sm86,bfloat16,"NORMALIZE=0,STORE_H=1,shape_key=40532398794868902",swiglu_ffn|transition,token_pair,768,2,"{""token_pair"": [768]}"
transition_bwd_swiglu_recompute_triton,sm86,bfloat16,"NORMALIZE=0,STORE_H=1,shape_key=40532398795917478",pairformer_block|transition,token_pair,768,3,"{""token_pair"": [768]}"
transition_bwd_swiglu_recompute_triton,sm86,bfloat16,"NORMALIZE=0,STORE_H=1,shape_key=40532400943401126",transition,token_pair,768,1,"{""token_pair"": [768]}"
transition_bwd_swiglu_recompute_triton,sm86,bfloat16,"NORMALIZE=0,STORE_H=1,shape_key=40532400945498278",transition,token_pair,768,1,"{""token_pair"": [768]}"
transition_bwd_swiglu_recompute_triton,sm86,bfloat16,"NORMALIZE=0,STORE_H=1,shape_key=40532403095079078",transition,token_pair,768,1,"{""token_pair"": [768]}"
transition_bwd_swiglu_recompute_triton,sm86,bfloat16,"NORMALIZE=0,STORE_H=1,shape_key=4503601775904934",swiglu_ffn,atom_single,2048,1,"{""atom_single"": [2048]}"
transition_bwd_swiglu_recompute_triton,sm86,bfloat16,"NORMALIZE=0,STORE_H=1,shape_key=52783003732134",swiglu_ffn|transition,token_single,768,2,"{""token_single"": [768]}"
transition_bwd_swiglu_recompute_triton,sm86,bfloat16,"NORMALIZE=0,STORE_H=1,shape_key=52783006877862",transition,token_single,768,1,"{""token_single"": [768]}"
transition_bwd_swiglu_recompute_triton,sm86,bfloat16,"NORMALIZE=0,STORE_H=1,shape_key=52789449328806",transition,token_single,768,1,"{""token_single"": [768]}"
transition_expand_swiglu_triton,sm86,bfloat16,shape_key=10133100235851942,transition,token_pair,384,2,"{""token_pair"": [384]}"
transition_expand_swiglu_triton,sm86,bfloat16,shape_key=10133101310118054,swiglu_ffn|transition,atom_single|token_pair,384|3072|4096|5120,7,"{""atom_single"": [3072, 4096, 5120], ""token_pair"": [384]}"
transition_expand_swiglu_triton,sm86,bfloat16,shape_key=10133101311166630,pairformer_block|transition,token_pair,384,5,"{""token_pair"": [384]}"
transition_expand_swiglu_triton,sm86,bfloat16,shape_key=10133103458650278,transition,token_pair,384,2,"{""token_pair"": [384]}"
transition_expand_swiglu_triton,sm86,bfloat16,shape_key=10133103460747430,transition,token_pair,384,2,"{""token_pair"": [384]}"
transition_expand_swiglu_triton,sm86,bfloat16,shape_key=10133105610328230,transition,token_pair,384,2,"{""token_pair"": [384]}"
transition_expand_swiglu_triton,sm86,bfloat16,shape_key=1125900981110950,transition,token_pair,128,1,"{""token_pair"": [128]}"
transition_expand_swiglu_triton,sm86,bfloat16,shape_key=1125902055377062,swiglu_ffn|transition,atom_single|token_pair,128|1024|4096|5120|6144|7168|8192,8,"{""atom_single"": [1024, 4096, 5120, 6144, 7168, 8192], ""token_pair"": [128]}"
transition_expand_swiglu_triton,sm86,bfloat16,shape_key=1125902056425638,pairformer_block|transition,token_pair,128,2,"{""token_pair"": [128]}"
transition_expand_swiglu_triton,sm86,bfloat16,shape_key=1125904203909286,transition,token_pair,128,1,"{""token_pair"": [128]}"
transition_expand_swiglu_triton,sm86,bfloat16,shape_key=1125904206006438,transition,token_pair,128,1,"{""token_pair"": [128]}"
transition_expand_swiglu_triton,sm86,bfloat16,shape_key=1125906355587238,transition,token_pair,128,1,"{""token_pair"": [128]}"
transition_expand_swiglu_triton,sm86,bfloat16,shape_key=140738563147942,transition,msa_token,256|384,3,"{""msa_token"": [256, 384]}"
transition_expand_swiglu_triton,sm86,bfloat16,shape_key=140739637938342,transition,msa_token,256|384,3,"{""msa_token"": [256, 384]}"
transition_expand_swiglu_triton,sm86,bfloat16,shape_key=17598631643302,swiglu_ffn|transition,token_single,256,2,"{""token_single"": [256]}"
transition_expand_swiglu_triton,sm86,bfloat16,shape_key=17598634789030,transition,token_single,256,1,"{""token_single"": [256]}"
transition_expand_swiglu_triton,sm86,bfloat16,shape_key=17605077239974,transition,token_single,256,1,"{""token_single"": [256]}"
transition_expand_swiglu_triton,sm86,bfloat16,shape_key=18014399583750310,transition,token_pair,512,1,"{""token_pair"": [512]}"
transition_expand_swiglu_triton,sm86,bfloat16,shape_key=18014400658016422,swiglu_ffn|transition,atom_single|token_pair,512|6144|7168|8192,5,"{""atom_single"": [6144, 7168, 8192], ""token_pair"": [512]}"
transition_expand_swiglu_triton,sm86,bfloat16,shape_key=18014400659064998,pairformer_block|transition,token_pair,512,2,"{""token_pair"": [512]}"
transition_expand_swiglu_triton,sm86,bfloat16,shape_key=18014402806548646,transition,token_pair,512,1,"{""token_pair"": [512]}"
transition_expand_swiglu_triton,sm86,bfloat16,shape_key=18014402808645798,transition,token_pair,512,1,"{""token_pair"": [512]}"
transition_expand_swiglu_triton,sm86,bfloat16,shape_key=18014404958226598,transition,token_pair,512,1,"{""token_pair"": [512]}"
transition_expand_swiglu_triton,sm86,bfloat16,shape_key=26394724665510,swiglu_ffn|transition,token_single,384,4,"{""token_single"": [384]}"
transition_expand_swiglu_triton,sm86,bfloat16,shape_key=26394727811238,transition,token_single,384,2,"{""token_single"": [384]}"
transition_expand_swiglu_triton,sm86,bfloat16,shape_key=26401170262182,transition,token_single,384,2,"{""token_single"": [384]}"
transition_expand_swiglu_triton,sm86,bfloat16,shape_key=28147498745333926,transition,token_pair,640,1,"{""token_pair"": [640]}"
transition_expand_swiglu_triton,sm86,bfloat16,shape_key=28147499819600038,swiglu_ffn|transition,token_pair,640,2,"{""token_pair"": [640]}"
transition_expand_swiglu_triton,sm86,bfloat16,shape_key=28147499820648614,pairformer_block|transition,token_pair,640,2,"{""token_pair"": [640]}"
transition_expand_swiglu_triton,sm86,bfloat16,shape_key=28147501968132262,transition,token_pair,640,1,"{""token_pair"": [640]}"
transition_expand_swiglu_triton,sm86,bfloat16,shape_key=28147501970229414,transition,token_pair,640,1,"{""token_pair"": [640]}"
transition_expand_swiglu_triton,sm86,bfloat16,shape_key=28147504119810214,transition,token_pair,640,1,"{""token_pair"": [640]}"
transition_expand_swiglu_triton,sm86,bfloat16,shape_key=281476051503270,transition,msa_token,512|640|768,4,"{""msa_token"": [512, 640, 768]}"
transition_expand_swiglu_triton,sm86,bfloat16,shape_key=281477125245094,swiglu_ffn,atom_single,1024,1,"{""atom_single"": [1024]}"
transition_expand_swiglu_triton,sm86,bfloat16,shape_key=281477126293670,transition,msa_token,512|640|768,4,"{""msa_token"": [512, 640, 768]}"
transition_expand_swiglu_triton,sm86,bfloat16,shape_key=35190817687718,swiglu_ffn|transition,token_single,512,2,"{""token_single"": [512]}"
transition_expand_swiglu_triton,sm86,bfloat16,shape_key=35190820833446,transition,token_single,512,1,"{""token_single"": [512]}"
transition_expand_swiglu_triton,sm86,bfloat16,shape_key=35197263284390,transition,token_single,512,1,"{""token_single"": [512]}"
transition_expand_swiglu_triton,sm86,bfloat16,shape_key=40532397720602790,transition,token_pair,768,2,"{""token_pair"": [768]}"
transition_expand_swiglu_triton,sm86,bfloat16,shape_key=40532398794868902,swiglu_ffn|transition,token_pair,768,4,"{""token_pair"": [768]}"
transition_expand_swiglu_triton,sm86,bfloat16,shape_key=40532398795917478,pairformer_block|transition,token_pair,768,5,"{""token_pair"": [768]}"
transition_expand_swiglu_triton,sm86,bfloat16,shape_key=40532400943401126,transition,token_pair,768,2,"{""token_pair"": [768]}"
transition_expand_swiglu_triton,sm86,bfloat16,shape_key=40532400945498278,transition,token_pair,768,2,"{""token_pair"": [768]}"
transition_expand_swiglu_triton,sm86,bfloat16,shape_key=40532403095079078,transition,token_pair,768,2,"{""token_pair"": [768]}"
transition_expand_swiglu_triton,sm86,bfloat16,shape_key=43986910709926,swiglu_ffn|transition,token_single,640,2,"{""token_single"": [640]}"
transition_expand_swiglu_triton,sm86,bfloat16,shape_key=43986913855654,transition,token_single,640,1,"{""token_single"": [640]}"
transition_expand_swiglu_triton,sm86,bfloat16,shape_key=43993356306598,transition,token_single,640,1,"{""token_single"": [640]}"
transition_expand_swiglu_triton,sm86,bfloat16,shape_key=4503600701638822,transition,token_pair,256,1,"{""token_pair"": [256]}"
transition_expand_swiglu_triton,sm86,bfloat16,shape_key=4503601775904934,swiglu_ffn|transition,atom_single|token_pair,256|2048,3,"{""atom_single"": [2048], ""token_pair"": [256]}"
transition_expand_swiglu_triton,sm86,bfloat16,shape_key=4503601776953510,pairformer_block|transition,token_pair,256,2,"{""token_pair"": [256]}"
transition_expand_swiglu_triton,sm86,bfloat16,shape_key=4503603924437158,transition,token_pair,256,1,"{""token_pair"": [256]}"
transition_expand_swiglu_triton,sm86,bfloat16,shape_key=4503603926534310,transition,token_pair,256,1,"{""token_pair"": [256]}"
transition_expand_swiglu_triton,sm86,bfloat16,shape_key=4503606076115110,transition,token_pair,256,1,"{""token_pair"": [256]}"
transition_expand_swiglu_triton,sm86,bfloat16,shape_key=52783003732134,swiglu_ffn|transition,token_single,768,4,"{""token_single"": [768]}"
transition_expand_swiglu_triton,sm86,bfloat16,shape_key=52783006877862,transition,token_single,768,2,"{""token_single"": [768]}"
transition_expand_swiglu_triton,sm86,bfloat16,shape_key=52789449328806,transition,token_single,768,2,"{""token_single"": [768]}"
transition_expand_swiglu_triton,sm86,bfloat16,shape_key=562952101955750,swiglu_ffn,atom_single,2048|3072,2,"{""atom_single"": [2048, 3072]}"
transition_expand_swiglu_triton,sm86,bfloat16,shape_key=70369818970278,transition,msa_token,128,1,"{""msa_token"": [128]}"
transition_expand_swiglu_triton,sm86,bfloat16,shape_key=70370893760678,transition,msa_token,128,1,"{""msa_token"": [128]}"
transition_expand_swiglu_triton,sm86,bfloat16,shape_key=8802538621094,swiglu_ffn|transition,token_single,128,2,"{""token_single"": [128]}"
transition_expand_swiglu_triton,sm86,bfloat16,shape_key=8802541766822,transition,token_single,128,1,"{""token_single"": [128]}"
transition_expand_swiglu_triton,sm86,bfloat16,shape_key=8808984217766,transition,token_single,128,1,"{""token_single"": [128]}"
transition_squeeze_residual_triton,sm86,bfloat16,shape_key=10133101309332490,transition,token_pair,384,2,"{""token_pair"": [384]}"
transition_squeeze_residual_triton,sm86,bfloat16,shape_key=10133103457078282,transition,token_pair,384,2,"{""token_pair"": [384]}"
transition_squeeze_residual_triton,sm86,bfloat16,shape_key=10133107752045578,pairformer_block|transition,token_pair,384,5,"{""token_pair"": [384]}"
transition_squeeze_residual_triton,sm86,bfloat16,shape_key=10133107752569866,transition,token_pair,384,2,"{""token_pair"": [384]}"
transition_squeeze_residual_triton,sm86,bfloat16,shape_key=10133116342504458,transition,token_pair,384,2,"{""token_pair"": [384]}"
transition_squeeze_residual_triton,sm86,bfloat16,shape_key=10133124932963338,transition,token_pair,384,2,"{""token_pair"": [384]}"
transition_squeeze_residual_triton,sm86,bfloat16,shape_key=1125902054591498,transition,token_pair,128,1,"{""token_pair"": [128]}"
transition_squeeze_residual_triton,sm86,bfloat16,shape_key=1125904202337290,transition,token_pair,128,1,"{""token_pair"": [128]}"
transition_squeeze_residual_triton,sm86,bfloat16,shape_key=1125908497304586,pairformer_block|transition,token_pair,128,2,"{""token_pair"": [128]}"
transition_squeeze_residual_triton,sm86,bfloat16,shape_key=1125908497828874,transition,token_pair,128,1,"{""token_pair"": [128]}"
transition_squeeze_residual_triton,sm86,bfloat16,shape_key=1125917087763466,transition,token_pair,128,1,"{""token_pair"": [128]}"
transition_squeeze_residual_triton,sm86,bfloat16,shape_key=1125925678222346,transition,token_pair,128,1,"{""token_pair"": [128]}"
transition_squeeze_residual_triton,sm86,bfloat16,shape_key=140741783587850,transition,msa_token,256|384,3,"{""msa_token"": [256, 384]}"
transition_squeeze_residual_triton,sm86,bfloat16,shape_key=140746078817290,transition,msa_token,256|384,3,"{""msa_token"": [256, 384]}"
transition_squeeze_residual_triton,sm86,bfloat16,shape_key=17605072522250,transition,token_single,256,1,"{""token_single"": [256]}"
transition_squeeze_residual_triton,sm86,bfloat16,shape_key=17617957424138,transition,token_single,256,1,"{""token_single"": [256]}"
transition_squeeze_residual_triton,sm86,bfloat16,shape_key=17617958997002,transition,token_single,256,1,"{""token_single"": [256]}"
transition_squeeze_residual_triton,sm86,bfloat16,shape_key=18014400657230858,transition,token_pair,512,1,"{""token_pair"": [512]}"
transition_squeeze_residual_triton,sm86,bfloat16,shape_key=18014402804976650,transition,token_pair,512,1,"{""token_pair"": [512]}"
transition_squeeze_residual_triton,sm86,bfloat16,shape_key=18014407099943946,pairformer_block|transition,token_pair,512,2,"{""token_pair"": [512]}"
transition_squeeze_residual_triton,sm86,bfloat16,shape_key=18014407100468234,transition,token_pair,512,1,"{""token_pair"": [512]}"
transition_squeeze_residual_triton,sm86,bfloat16,shape_key=18014415690402826,transition,token_pair,512,1,"{""token_pair"": [512]}"
transition_squeeze_residual_triton,sm86,bfloat16,shape_key=18014424280861706,transition,token_pair,512,1,"{""token_pair"": [512]}"
transition_squeeze_residual_triton,sm86,bfloat16,shape_key=26401165544458,transition,token_single,384,2,"{""token_single"": [384]}"
transition_squeeze_residual_triton,sm86,bfloat16,shape_key=26414050446346,transition,token_single,384,2,"{""token_single"": [384]}"
transition_squeeze_residual_triton,sm86,bfloat16,shape_key=26414052019210,transition,token_single,384,2,"{""token_single"": [384]}"
transition_squeeze_residual_triton,sm86,bfloat16,shape_key=28147499818814474,transition,token_pair,640,1,"{""token_pair"": [640]}"
transition_squeeze_residual_triton,sm86,bfloat16,shape_key=28147501966560266,transition,token_pair,640,1,"{""token_pair"": [640]}"
transition_squeeze_residual_triton,sm86,bfloat16,shape_key=28147506261527562,pairformer_block|transition,token_pair,640,2,"{""token_pair"": [640]}"
transition_squeeze_residual_triton,sm86,bfloat16,shape_key=28147506262051850,transition,token_pair,640,1,"{""token_pair"": [640]}"
transition_squeeze_residual_triton,sm86,bfloat16,shape_key=28147514851986442,transition,token_pair,640,1,"{""token_pair"": [640]}"
transition_squeeze_residual_triton,sm86,bfloat16,shape_key=28147523442445322,transition,token_pair,640,1,"{""token_pair"": [640]}"
transition_squeeze_residual_triton,sm86,bfloat16,shape_key=281479271943178,transition,msa_token,512|640|768,4,"{""msa_token"": [512, 640, 768]}"
transition_squeeze_residual_triton,sm86,bfloat16,shape_key=281483567172618,transition,msa_token,512|640|768,4,"{""msa_token"": [512, 640, 768]}"
transition_squeeze_residual_triton,sm86,bfloat16,shape_key=35197258566666,transition,token_single,512,1,"{""token_single"": [512]}"
transition_squeeze_residual_triton,sm86,bfloat16,shape_key=35210143468554,transition,token_single,512,1,"{""token_single"": [512]}"
transition_squeeze_residual_triton,sm86,bfloat16,shape_key=35210145041418,transition,token_single,512,1,"{""token_single"": [512]}"
transition_squeeze_residual_triton,sm86,bfloat16,shape_key=40532398794083338,transition,token_pair,768,2,"{""token_pair"": [768]}"
transition_squeeze_residual_triton,sm86,bfloat16,shape_key=40532400941829130,transition,token_pair,768,2,"{""token_pair"": [768]}"
transition_squeeze_residual_triton,sm86,bfloat16,shape_key=40532405236796426,pairformer_block|transition,token_pair,768,5,"{""token_pair"": [768]}"
transition_squeeze_residual_triton,sm86,bfloat16,shape_key=40532405237320714,transition,token_pair,768,2,"{""token_pair"": [768]}"
transition_squeeze_residual_triton,sm86,bfloat16,shape_key=40532413827255306,transition,token_pair,768,2,"{""token_pair"": [768]}"
transition_squeeze_residual_triton,sm86,bfloat16,shape_key=40532422417714186,transition,token_pair,768,2,"{""token_pair"": [768]}"
transition_squeeze_residual_triton,sm86,bfloat16,shape_key=43993351588874,transition,token_single,640,1,"{""token_single"": [640]}"
transition_squeeze_residual_triton,sm86,bfloat16,shape_key=44006236490762,transition,token_single,640,1,"{""token_single"": [640]}"
transition_squeeze_residual_triton,sm86,bfloat16,shape_key=44006238063626,transition,token_single,640,1,"{""token_single"": [640]}"
transition_squeeze_residual_triton,sm86,bfloat16,shape_key=4503601775119370,transition,token_pair,256,1,"{""token_pair"": [256]}"
transition_squeeze_residual_triton,sm86,bfloat16,shape_key=4503603922865162,transition,token_pair,256,1,"{""token_pair"": [256]}"
transition_squeeze_residual_triton,sm86,bfloat16,shape_key=4503608217832458,pairformer_block|transition,token_pair,256,2,"{""token_pair"": [256]}"
transition_squeeze_residual_triton,sm86,bfloat16,shape_key=4503608218356746,transition,token_pair,256,1,"{""token_pair"": [256]}"
transition_squeeze_residual_triton,sm86,bfloat16,shape_key=4503616808291338,transition,token_pair,256,1,"{""token_pair"": [256]}"
transition_squeeze_residual_triton,sm86,bfloat16,shape_key=4503625398750218,transition,token_pair,256,1,"{""token_pair"": [256]}"
transition_squeeze_residual_triton,sm86,bfloat16,shape_key=52789444611082,transition,token_single,768,2,"{""token_single"": [768]}"
transition_squeeze_residual_triton,sm86,bfloat16,shape_key=52802329512970,transition,token_single,768,2,"{""token_single"": [768]}"
transition_squeeze_residual_triton,sm86,bfloat16,shape_key=52802331085834,transition,token_single,768,2,"{""token_single"": [768]}"
transition_squeeze_residual_triton,sm86,bfloat16,shape_key=70373039410186,transition,msa_token,128,1,"{""msa_token"": [128]}"
transition_squeeze_residual_triton,sm86,bfloat16,shape_key=70377334639626,transition,msa_token,128,1,"{""msa_token"": [128]}"
transition_squeeze_residual_triton,sm86,bfloat16,shape_key=8808979500042,transition,token_single,128,1,"{""token_single"": [128]}"
transition_squeeze_residual_triton,sm86,bfloat16,shape_key=8821864401930,transition,token_single,128,1,"{""token_single"": [128]}"
transition_squeeze_residual_triton,sm86,bfloat16,shape_key=8821865974794,transition,token_single,128,1,"{""token_single"": [128]}"
triangle_attention_bwd_dkdv_triton,sm86,bfloat16+float32,shape_key=12884969510,triangle_attention_checkpoint,token_pair,768,1,"{""token_pair"": [768]}"
triangle_attention_bwd_dkdv_triton,sm86,bfloat16+float32,shape_key=12885035046,pairformer_block|triangle_attention_checkpoint|triangle_attention_heads,token_pair,768,9,"{""token_pair"": [768]}"
triangle_attention_bwd_dkdv_triton,sm86,bfloat16+float32,shape_key=6442518566,triangle_attention_checkpoint,token_pair,384,1,"{""token_pair"": [384]}"
triangle_attention_bwd_dkdv_triton,sm86,bfloat16+float32,shape_key=6442584102,pairformer_block|triangle_attention_checkpoint|triangle_attention_heads,token_pair,384,9,"{""token_pair"": [384]}"
triangle_attention_bwd_dq_triton,sm86,bfloat16+float32,shape_key=12884969510,triangle_attention_checkpoint,token_pair,768,1,"{""token_pair"": [768]}"
triangle_attention_bwd_dq_triton,sm86,bfloat16+float32,shape_key=12885035046,pairformer_block|triangle_attention_checkpoint|triangle_attention_heads,token_pair,768,9,"{""token_pair"": [768]}"
triangle_attention_bwd_dq_triton,sm86,bfloat16+float32,shape_key=6442518566,triangle_attention_checkpoint,token_pair,384,1,"{""token_pair"": [384]}"
triangle_attention_bwd_dq_triton,sm86,bfloat16+float32,shape_key=6442584102,pairformer_block|triangle_attention_checkpoint|triangle_attention_heads,token_pair,384,9,"{""token_pair"": [384]}"
triangle_attention_bwd_pre_triton,sm86,bfloat16+float32,shape_key=12884969510,triangle_attention_checkpoint,token_pair,768,1,"{""token_pair"": [768]}"
triangle_attention_bwd_pre_triton,sm86,bfloat16+float32,shape_key=12885035046,pairformer_block|triangle_attention_checkpoint|triangle_attention_heads,token_pair,768,9,"{""token_pair"": [768]}"
triangle_attention_bwd_pre_triton,sm86,bfloat16+float32,shape_key=6442518566,triangle_attention_checkpoint,token_pair,384,1,"{""token_pair"": [384]}"
triangle_attention_bwd_pre_triton,sm86,bfloat16+float32,shape_key=6442584102,pairformer_block|triangle_attention_checkpoint|triangle_attention_heads,token_pair,384,9,"{""token_pair"": [384]}"
triangle_attention_fwd_triton,sm86,bfloat16+float32,shape_key=17592219732442,triangle_attention_checkpoint,token_pair,256,1,"{""token_pair"": [256]}"
triangle_attention_fwd_triton,sm86,bfloat16+float32,shape_key=17592253221338,triangle_attention_checkpoint,token_pair,256,1,"{""token_pair"": [256]}"
triangle_attention_fwd_triton,sm86,bfloat16+float32,shape_key=17592253286874,pairformer_block|triangle_attention_checkpoint|triangle_attention_heads,token_pair,256,4,"{""token_pair"": [256]}"
triangle_attention_fwd_triton,sm86,bfloat16+float32,shape_key=17592320395738,triangle_attention_checkpoint,token_pair,256,1,"{""token_pair"": [256]}"
triangle_attention_fwd_triton,sm86,bfloat16+float32,shape_key=17592387504602,triangle_attention_checkpoint,token_pair,256,1,"{""token_pair"": [256]}"
triangle_attention_fwd_triton,sm86,bfloat16+float32,shape_key=26388312754650,triangle_attention_checkpoint,token_pair,384,2,"{""token_pair"": [384]}"
triangle_attention_fwd_triton,sm86,bfloat16+float32,shape_key=26388346243546,triangle_attention_checkpoint,token_pair,384,2,"{""token_pair"": [384]}"
triangle_attention_fwd_triton,sm86,bfloat16+float32,shape_key=26388346309082,pairformer_block|triangle_attention_checkpoint|triangle_attention_heads,token_pair,384,10,"{""token_pair"": [384]}"
triangle_attention_fwd_triton,sm86,bfloat16+float32,shape_key=26388413417946,triangle_attention_checkpoint,token_pair,384,2,"{""token_pair"": [384]}"
triangle_attention_fwd_triton,sm86,bfloat16+float32,shape_key=26388480526810,triangle_attention_checkpoint,token_pair,384,2,"{""token_pair"": [384]}"
triangle_attention_fwd_triton,sm86,bfloat16+float32,shape_key=35184405776858,triangle_attention_checkpoint,token_pair,512,1,"{""token_pair"": [512]}"
triangle_attention_fwd_triton,sm86,bfloat16+float32,shape_key=35184439265754,triangle_attention_checkpoint,token_pair,512,1,"{""token_pair"": [512]}"
triangle_attention_fwd_triton,sm86,bfloat16+float32,shape_key=35184439331290,pairformer_block|triangle_attention_checkpoint|triangle_attention_heads,token_pair,512,4,"{""token_pair"": [512]}"
triangle_attention_fwd_triton,sm86,bfloat16+float32,shape_key=35184506440154,triangle_attention_checkpoint,token_pair,512,1,"{""token_pair"": [512]}"
triangle_attention_fwd_triton,sm86,bfloat16+float32,shape_key=35184573549018,triangle_attention_checkpoint,token_pair,512,1,"{""token_pair"": [512]}"
triangle_attention_fwd_triton,sm86,bfloat16+float32,shape_key=43980498799066,triangle_attention_checkpoint,token_pair,640,1,"{""token_pair"": [640]}"
triangle_attention_fwd_triton,sm86,bfloat16+float32,shape_key=43980532287962,triangle_attention_checkpoint,token_pair,640,1,"{""token_pair"": [640]}"
triangle_attention_fwd_triton,sm86,bfloat16+float32,shape_key=43980532353498,pairformer_block|triangle_attention_checkpoint|triangle_attention_heads,token_pair,640,4,"{""token_pair"": [640]}"
triangle_attention_fwd_triton,sm86,bfloat16+float32,shape_key=43980599462362,triangle_attention_checkpoint,token_pair,640,1,"{""token_pair"": [640]}"
triangle_attention_fwd_triton,sm86,bfloat16+float32,shape_key=43980666571226,triangle_attention_checkpoint,token_pair,640,1,"{""token_pair"": [640]}"
triangle_attention_fwd_triton,sm86,bfloat16+float32,shape_key=52776591821274,triangle_attention_checkpoint,token_pair,768,2,"{""token_pair"": [768]}"
triangle_attention_fwd_triton,sm86,bfloat16+float32,shape_key=52776625310170,triangle_attention_checkpoint,token_pair,768,2,"{""token_pair"": [768]}"
triangle_attention_fwd_triton,sm86,bfloat16+float32,shape_key=52776625375706,pairformer_block|triangle_attention_checkpoint|triangle_attention_heads,token_pair,768,10,"{""token_pair"": [768]}"
triangle_attention_fwd_triton,sm86,bfloat16+float32,shape_key=52776692484570,triangle_attention_checkpoint,token_pair,768,2,"{""token_pair"": [768]}"
triangle_attention_fwd_triton,sm86,bfloat16+float32,shape_key=52776759593434,triangle_attention_checkpoint,token_pair,768,2,"{""token_pair"": [768]}"
triangle_attention_fwd_triton,sm86,bfloat16+float32,shape_key=8796126710234,triangle_attention_checkpoint,token_pair,128,1,"{""token_pair"": [128]}"
triangle_attention_fwd_triton,sm86,bfloat16+float32,shape_key=8796160199130,triangle_attention_checkpoint,token_pair,128,1,"{""token_pair"": [128]}"
triangle_attention_fwd_triton,sm86,bfloat16+float32,shape_key=8796160264666,pairformer_block|triangle_attention_checkpoint|triangle_attention_heads,token_pair,128,4,"{""token_pair"": [128]}"
triangle_attention_fwd_triton,sm86,bfloat16+float32,shape_key=8796227373530,triangle_attention_checkpoint,token_pair,128,1,"{""token_pair"": [128]}"
triangle_attention_fwd_triton,sm86,bfloat16+float32,shape_key=8796294482394,triangle_attention_checkpoint,token_pair,128,1,"{""token_pair"": [128]}"
trimul_bwd_gate_packed_triton,sm86,bfloat16,shape_key=12885166596,triangle_multiplication,token_pair,768,2,"{""token_pair"": [768]}"
trimul_bwd_gate_packed_triton,sm86,bfloat16,shape_key=12885428740,pairformer_block|triangle_multiplication,token_pair,768,6,"{""token_pair"": [768]}"
trimul_bwd_gate_packed_triton,sm86,bfloat16,shape_key=12885953028,triangle_multiplication|triangle_multiplication_bidirectional,token_pair,768,4,"{""token_pair"": [768]}"
trimul_bwd_gate_packed_triton,sm86,bfloat16,shape_key=12886477316,triangle_multiplication,token_pair,768,2,"{""token_pair"": [768]}"
trimul_bwd_gate_packed_triton,sm86,bfloat16,shape_key=6442715652,triangle_multiplication,token_pair,384,2,"{""token_pair"": [384]}"
trimul_bwd_gate_packed_triton,sm86,bfloat16,shape_key=6442977796,pairformer_block|triangle_multiplication,token_pair,384,6,"{""token_pair"": [384]}"
trimul_bwd_gate_packed_triton,sm86,bfloat16,shape_key=6443502084,triangle_multiplication|triangle_multiplication_bidirectional,token_pair,384,4,"{""token_pair"": [384]}"
trimul_bwd_gate_packed_triton,sm86,bfloat16,shape_key=6444026372,triangle_multiplication,token_pair,384,2,"{""token_pair"": [384]}"
trimul_gemm_gate_mmajor_triton,sm86,bfloat16,"SAVE_PREACT=0,shape_key=17593260051846",triangle_multiplication,token_pair,256,1,"{""token_pair"": [256]}"
trimul_gemm_gate_mmajor_triton,sm86,bfloat16,"SAVE_PREACT=0,shape_key=17594334055814",pairformer_block|triangle_multiplication,token_pair,256,3,"{""token_pair"": [256]}"
trimul_gemm_gate_mmajor_triton,sm86,bfloat16,"SAVE_PREACT=0,shape_key=17596481539462",triangle_multiplication_bidirectional,token_pair,256,1,"{""token_pair"": [256]}"
trimul_gemm_gate_mmajor_triton,sm86,bfloat16,"SAVE_PREACT=0,shape_key=17596482063750",triangle_multiplication,token_pair,256,1,"{""token_pair"": [256]}"
trimul_gemm_gate_mmajor_triton,sm86,bfloat16,"SAVE_PREACT=0,shape_key=17598630071686",triangle_multiplication,token_pair,256,1,"{""token_pair"": [256]}"
trimul_gemm_gate_mmajor_triton,sm86,bfloat16,"SAVE_PREACT=0,shape_key=26389353074054",triangle_multiplication,token_pair,384,1,"{""token_pair"": [384]}"
trimul_gemm_gate_mmajor_triton,sm86,bfloat16,"SAVE_PREACT=0,shape_key=26390427078022",pairformer_block|triangle_multiplication,token_pair,384,3,"{""token_pair"": [384]}"
trimul_gemm_gate_mmajor_triton,sm86,bfloat16,"SAVE_PREACT=0,shape_key=26392574561670",triangle_multiplication_bidirectional,token_pair,384,1,"{""token_pair"": [384]}"
trimul_gemm_gate_mmajor_triton,sm86,bfloat16,"SAVE_PREACT=0,shape_key=26392575085958",triangle_multiplication,token_pair,384,1,"{""token_pair"": [384]}"
trimul_gemm_gate_mmajor_triton,sm86,bfloat16,"SAVE_PREACT=0,shape_key=26394723093894",triangle_multiplication,token_pair,384,1,"{""token_pair"": [384]}"
trimul_gemm_gate_mmajor_triton,sm86,bfloat16,"SAVE_PREACT=0,shape_key=35185446096262",triangle_multiplication,token_pair,512,1,"{""token_pair"": [512]}"
trimul_gemm_gate_mmajor_triton,sm86,bfloat16,"SAVE_PREACT=0,shape_key=35186520100230",pairformer_block|triangle_multiplication,token_pair,512,3,"{""token_pair"": [512]}"
trimul_gemm_gate_mmajor_triton,sm86,bfloat16,"SAVE_PREACT=0,shape_key=35188667583878",triangle_multiplication_bidirectional,token_pair,512,1,"{""token_pair"": [512]}"
trimul_gemm_gate_mmajor_triton,sm86,bfloat16,"SAVE_PREACT=0,shape_key=35188668108166",triangle_multiplication,token_pair,512,1,"{""token_pair"": [512]}"
trimul_gemm_gate_mmajor_triton,sm86,bfloat16,"SAVE_PREACT=0,shape_key=35190816116102",triangle_multiplication,token_pair,512,1,"{""token_pair"": [512]}"
trimul_gemm_gate_mmajor_triton,sm86,bfloat16,"SAVE_PREACT=0,shape_key=43981539118470",triangle_multiplication,token_pair,640,1,"{""token_pair"": [640]}"
trimul_gemm_gate_mmajor_triton,sm86,bfloat16,"SAVE_PREACT=0,shape_key=43982613122438",pairformer_block|triangle_multiplication,token_pair,640,3,"{""token_pair"": [640]}"
trimul_gemm_gate_mmajor_triton,sm86,bfloat16,"SAVE_PREACT=0,shape_key=43984760606086",triangle_multiplication_bidirectional,token_pair,640,1,"{""token_pair"": [640]}"
trimul_gemm_gate_mmajor_triton,sm86,bfloat16,"SAVE_PREACT=0,shape_key=43984761130374",triangle_multiplication,token_pair,640,1,"{""token_pair"": [640]}"
trimul_gemm_gate_mmajor_triton,sm86,bfloat16,"SAVE_PREACT=0,shape_key=43986909138310",triangle_multiplication,token_pair,640,1,"{""token_pair"": [640]}"
trimul_gemm_gate_mmajor_triton,sm86,bfloat16,"SAVE_PREACT=0,shape_key=52777632140678",triangle_multiplication,token_pair,768,1,"{""token_pair"": [768]}"
trimul_gemm_gate_mmajor_triton,sm86,bfloat16,"SAVE_PREACT=0,shape_key=52778706144646",pairformer_block|triangle_multiplication,token_pair,768,3,"{""token_pair"": [768]}"
trimul_gemm_gate_mmajor_triton,sm86,bfloat16,"SAVE_PREACT=0,shape_key=52780853628294",triangle_multiplication_bidirectional,token_pair,768,1,"{""token_pair"": [768]}"
trimul_gemm_gate_mmajor_triton,sm86,bfloat16,"SAVE_PREACT=0,shape_key=52780854152582",triangle_multiplication,token_pair,768,1,"{""token_pair"": [768]}"
trimul_gemm_gate_mmajor_triton,sm86,bfloat16,"SAVE_PREACT=0,shape_key=52783002160518",triangle_multiplication,token_pair,768,1,"{""token_pair"": [768]}"
trimul_gemm_gate_mmajor_triton,sm86,bfloat16,"SAVE_PREACT=0,shape_key=8797167029638",triangle_multiplication,token_pair,128,1,"{""token_pair"": [128]}"
trimul_gemm_gate_mmajor_triton,sm86,bfloat16,"SAVE_PREACT=0,shape_key=8798241033606",pairformer_block|triangle_multiplication,token_pair,128,3,"{""token_pair"": [128]}"
trimul_gemm_gate_mmajor_triton,sm86,bfloat16,"SAVE_PREACT=0,shape_key=8800388517254",triangle_multiplication_bidirectional,token_pair,128,1,"{""token_pair"": [128]}"
trimul_gemm_gate_mmajor_triton,sm86,bfloat16,"SAVE_PREACT=0,shape_key=8800389041542",triangle_multiplication,token_pair,128,1,"{""token_pair"": [128]}"
trimul_gemm_gate_mmajor_triton,sm86,bfloat16,"SAVE_PREACT=0,shape_key=8802537049478",triangle_multiplication,token_pair,128,1,"{""token_pair"": [128]}"
trimul_gemm_gate_mmajor_triton,sm86,bfloat16,"SAVE_PREACT=1,shape_key=26389353074054",triangle_multiplication,token_pair,384,2,"{""token_pair"": [384]}"
trimul_gemm_gate_mmajor_triton,sm86,bfloat16,"SAVE_PREACT=1,shape_key=26390427078022",pairformer_block|triangle_multiplication,token_pair,384,6,"{""token_pair"": [384]}"
trimul_gemm_gate_mmajor_triton,sm86,bfloat16,"SAVE_PREACT=1,shape_key=26392574561670",triangle_multiplication_bidirectional,token_pair,384,2,"{""token_pair"": [384]}"
trimul_gemm_gate_mmajor_triton,sm86,bfloat16,"SAVE_PREACT=1,shape_key=26392575085958",triangle_multiplication,token_pair,384,2,"{""token_pair"": [384]}"
trimul_gemm_gate_mmajor_triton,sm86,bfloat16,"SAVE_PREACT=1,shape_key=26394723093894",triangle_multiplication,token_pair,384,2,"{""token_pair"": [384]}"
trimul_gemm_gate_mmajor_triton,sm86,bfloat16,"SAVE_PREACT=1,shape_key=52777632140678",triangle_multiplication,token_pair,768,2,"{""token_pair"": [768]}"
trimul_gemm_gate_mmajor_triton,sm86,bfloat16,"SAVE_PREACT=1,shape_key=52778706144646",pairformer_block|triangle_multiplication,token_pair,768,6,"{""token_pair"": [768]}"
trimul_gemm_gate_mmajor_triton,sm86,bfloat16,"SAVE_PREACT=1,shape_key=52780853628294",triangle_multiplication_bidirectional,token_pair,768,2,"{""token_pair"": [768]}"
trimul_gemm_gate_mmajor_triton,sm86,bfloat16,"SAVE_PREACT=1,shape_key=52780854152582",triangle_multiplication,token_pair,768,2,"{""token_pair"": [768]}"
trimul_gemm_gate_mmajor_triton,sm86,bfloat16,"SAVE_PREACT=1,shape_key=52783002160518",triangle_multiplication,token_pair,768,2,"{""token_pair"": [768]}"
trimul_input_dual_bwd_triton,sm86,bfloat16,"M=147456,fs0=1,fs1=147456,gs0=128,gs1=1,shape_key=108095195740373145,vs0=128,vs1=1,ws0=1,ws1=128",pairformer_block|triangle_multiplication,token_pair,384,6,"{""token_pair"": [384]}"
trimul_input_dual_bwd_triton,sm86,bfloat16,"M=147456,fs0=1,fs1=147456,gs0=128,gs1=1,shape_key=108095204330307737,vs0=128,vs1=1,ws0=1,ws1=128",triangle_multiplication_bidirectional,token_pair,384,2,"{""token_pair"": [384]}"
trimul_input_dual_bwd_triton,sm86,bfloat16,"M=147456,fs0=1,fs1=147456,gs0=256,gs1=1,shape_key=108104000423854233,vs0=256,vs1=1,ws0=1,ws1=256",triangle_multiplication,token_pair,384,2,"{""token_pair"": [384]}"
trimul_input_dual_bwd_triton,sm86,bfloat16,"M=147456,fs0=1,fs1=147456,gs0=384,gs1=1,shape_key=108112805107335321,vs0=384,vs1=1,ws0=1,ws1=384",triangle_multiplication,token_pair,384,2,"{""token_pair"": [384]}"
trimul_input_dual_bwd_triton,sm86,bfloat16,"M=147456,fs0=1,fs1=147456,gs0=64,gs1=1,shape_key=108090793398632601,vs0=64,vs1=1,ws0=1,ws1=64",triangle_multiplication,token_pair,384,2,"{""token_pair"": [384]}"
trimul_input_dual_bwd_triton,sm86,bfloat16,"M=589824,fs0=1,fs1=589824,gs0=128,gs1=1,shape_key=216181586797265049,vs0=128,vs1=1,ws0=1,ws1=128",pairformer_block|triangle_multiplication,token_pair,768,6,"{""token_pair"": [768]}"
trimul_input_dual_bwd_triton,sm86,bfloat16,"M=589824,fs0=1,fs1=589824,gs0=128,gs1=1,shape_key=216181595387199641,vs0=128,vs1=1,ws0=1,ws1=128",triangle_multiplication_bidirectional,token_pair,768,2,"{""token_pair"": [768]}"
trimul_input_dual_bwd_triton,sm86,bfloat16,"M=589824,fs0=1,fs1=589824,gs0=256,gs1=1,shape_key=216190391480746137,vs0=256,vs1=1,ws0=1,ws1=256",triangle_multiplication,token_pair,768,2,"{""token_pair"": [768]}"
trimul_input_dual_bwd_triton,sm86,bfloat16,"M=589824,fs0=1,fs1=589824,gs0=384,gs1=1,shape_key=216199196164227225,vs0=384,vs1=1,ws0=1,ws1=384",triangle_multiplication,token_pair,768,2,"{""token_pair"": [768]}"
trimul_input_dual_bwd_triton,sm86,bfloat16,"M=589824,fs0=1,fs1=589824,gs0=64,gs1=1,shape_key=216177184455524505,vs0=64,vs1=1,ws0=1,ws1=64",triangle_multiplication,token_pair,768,2,"{""token_pair"": [768]}"
trimul_input_ln_residual_bwd_triton,sm86,bfloat16+float32,"HAS_ROWSCALE=0,shape_key=12886475546",transition,token_single,768,2,"{""token_single"": [768]}"
trimul_input_ln_residual_bwd_triton,sm86,bfloat16+float32,"HAS_ROWSCALE=0,shape_key=12888048410",transition,token_single,768,1,"{""token_single"": [768]}"
trimul_input_ln_residual_bwd_triton,sm86,bfloat16+float32,"HAS_ROWSCALE=0,shape_key=2473901425434",transition|triangle_multiplication,token_pair,384,3,"{""token_pair"": [384]}"
trimul_input_ln_residual_bwd_triton,sm86,bfloat16+float32,"HAS_ROWSCALE=0,shape_key=2473901687578",pairformer_block|transition|triangle_multiplication|triangle_multiplication_bidirectional,token_pair,384,12,"{""token_pair"": [384]}"
trimul_input_ln_residual_bwd_triton,sm86,bfloat16+float32,"HAS_ROWSCALE=0,shape_key=2473902211866",transition|triangle_multiplication,token_pair,384,4,"{""token_pair"": [384]}"
trimul_input_ln_residual_bwd_triton,sm86,bfloat16+float32,"HAS_ROWSCALE=0,shape_key=2473902736154",transition|triangle_multiplication,token_pair,384,3,"{""token_pair"": [384]}"
trimul_input_ln_residual_bwd_triton,sm86,bfloat16+float32,"HAS_ROWSCALE=0,shape_key=34360001306",transition,msa_token,384,1,"{""msa_token"": [384]}"
trimul_input_ln_residual_bwd_triton,sm86,bfloat16+float32,"HAS_ROWSCALE=0,shape_key=34360263450",transition,msa_token,384,1,"{""msa_token"": [384]}"
trimul_input_ln_residual_bwd_triton,sm86,bfloat16+float32,"HAS_ROWSCALE=0,shape_key=6444024602",transition,token_single,384,2,"{""token_single"": [384]}"
trimul_input_ln_residual_bwd_triton,sm86,bfloat16+float32,"HAS_ROWSCALE=0,shape_key=6445597466",transition,token_single,384,1,"{""token_single"": [384]}"
trimul_input_ln_residual_bwd_triton,sm86,bfloat16+float32,"HAS_ROWSCALE=0,shape_key=68719739674",transition,msa_token,768,1,"{""msa_token"": [768]}"
trimul_input_ln_residual_bwd_triton,sm86,bfloat16+float32,"HAS_ROWSCALE=0,shape_key=68720001818",transition,msa_token,768,1,"{""msa_token"": [768]}"
trimul_input_ln_residual_bwd_triton,sm86,bfloat16+float32,"HAS_ROWSCALE=0,shape_key=9895604912922",transition|triangle_multiplication,token_pair,768,3,"{""token_pair"": [768]}"
trimul_input_ln_residual_bwd_triton,sm86,bfloat16+float32,"HAS_ROWSCALE=0,shape_key=9895605175066",pairformer_block|transition|triangle_multiplication|triangle_multiplication_bidirectional,token_pair,768,12,"{""token_pair"": [768]}"
trimul_input_ln_residual_bwd_triton,sm86,bfloat16+float32,"HAS_ROWSCALE=0,shape_key=9895605699354",transition|triangle_multiplication,token_pair,768,4,"{""token_pair"": [768]}"
trimul_input_ln_residual_bwd_triton,sm86,bfloat16+float32,"HAS_ROWSCALE=0,shape_key=9895606223642",transition|triangle_multiplication,token_pair,768,3,"{""token_pair"": [768]}"
trimul_outproj_layernorm_gemm_gate_triton,sm86,bfloat16+float32,shape_key=17593260051801,triangle_multiplication,token_pair,256,1,"{""token_pair"": [256]}"
trimul_outproj_layernorm_gemm_gate_triton,sm86,bfloat16+float32,shape_key=17594334055769,pairformer_block|triangle_multiplication,token_pair,256,3,"{""token_pair"": [256]}"
trimul_outproj_layernorm_gemm_gate_triton,sm86,bfloat16+float32,shape_key=17596481539417,triangle_multiplication_bidirectional,token_pair,256,1,"{""token_pair"": [256]}"
trimul_outproj_layernorm_gemm_gate_triton,sm86,bfloat16+float32,shape_key=17596482063705,triangle_multiplication,token_pair,256,1,"{""token_pair"": [256]}"
trimul_outproj_layernorm_gemm_gate_triton,sm86,bfloat16+float32,shape_key=17598630071641,triangle_multiplication,token_pair,256,1,"{""token_pair"": [256]}"
trimul_outproj_layernorm_gemm_gate_triton,sm86,bfloat16+float32,shape_key=26389353074009,triangle_multiplication,token_pair,384,1,"{""token_pair"": [384]}"
trimul_outproj_layernorm_gemm_gate_triton,sm86,bfloat16+float32,shape_key=26390427077977,pairformer_block|triangle_multiplication,token_pair,384,3,"{""token_pair"": [384]}"
trimul_outproj_layernorm_gemm_gate_triton,sm86,bfloat16+float32,shape_key=26392574561625,triangle_multiplication_bidirectional,token_pair,384,1,"{""token_pair"": [384]}"
trimul_outproj_layernorm_gemm_gate_triton,sm86,bfloat16+float32,shape_key=26392575085913,triangle_multiplication,token_pair,384,1,"{""token_pair"": [384]}"
trimul_outproj_layernorm_gemm_gate_triton,sm86,bfloat16+float32,shape_key=26394723093849,triangle_multiplication,token_pair,384,1,"{""token_pair"": [384]}"
trimul_outproj_layernorm_gemm_gate_triton,sm86,bfloat16+float32,shape_key=35185446096217,triangle_multiplication,token_pair,512,1,"{""token_pair"": [512]}"
trimul_outproj_layernorm_gemm_gate_triton,sm86,bfloat16+float32,shape_key=35186520100185,pairformer_block|triangle_multiplication,token_pair,512,3,"{""token_pair"": [512]}"
trimul_outproj_layernorm_gemm_gate_triton,sm86,bfloat16+float32,shape_key=35188667583833,triangle_multiplication_bidirectional,token_pair,512,1,"{""token_pair"": [512]}"
trimul_outproj_layernorm_gemm_gate_triton,sm86,bfloat16+float32,shape_key=35188668108121,triangle_multiplication,token_pair,512,1,"{""token_pair"": [512]}"
trimul_outproj_layernorm_gemm_gate_triton,sm86,bfloat16+float32,shape_key=35190816116057,triangle_multiplication,token_pair,512,1,"{""token_pair"": [512]}"
trimul_outproj_layernorm_gemm_gate_triton,sm86,bfloat16+float32,shape_key=43981539118425,triangle_multiplication,token_pair,640,1,"{""token_pair"": [640]}"
trimul_outproj_layernorm_gemm_gate_triton,sm86,bfloat16+float32,shape_key=43982613122393,pairformer_block|triangle_multiplication,token_pair,640,3,"{""token_pair"": [640]}"
trimul_outproj_layernorm_gemm_gate_triton,sm86,bfloat16+float32,shape_key=43984760606041,triangle_multiplication_bidirectional,token_pair,640,1,"{""token_pair"": [640]}"
trimul_outproj_layernorm_gemm_gate_triton,sm86,bfloat16+float32,shape_key=43984761130329,triangle_multiplication,token_pair,640,1,"{""token_pair"": [640]}"
trimul_outproj_layernorm_gemm_gate_triton,sm86,bfloat16+float32,shape_key=43986909138265,triangle_multiplication,token_pair,640,1,"{""token_pair"": [640]}"
trimul_outproj_layernorm_gemm_gate_triton,sm86,bfloat16+float32,shape_key=52777632140633,triangle_multiplication,token_pair,768,1,"{""token_pair"": [768]}"
trimul_outproj_layernorm_gemm_gate_triton,sm86,bfloat16+float32,shape_key=52778706144601,pairformer_block|triangle_multiplication,token_pair,768,3,"{""token_pair"": [768]}"
trimul_outproj_layernorm_gemm_gate_triton,sm86,bfloat16+float32,shape_key=52780853628249,triangle_multiplication_bidirectional,token_pair,768,1,"{""token_pair"": [768]}"
trimul_outproj_layernorm_gemm_gate_triton,sm86,bfloat16+float32,shape_key=52780854152537,triangle_multiplication,token_pair,768,1,"{""token_pair"": [768]}"
trimul_outproj_layernorm_gemm_gate_triton,sm86,bfloat16+float32,shape_key=52783002160473,triangle_multiplication,token_pair,768,1,"{""token_pair"": [768]}"
trimul_outproj_layernorm_gemm_gate_triton,sm86,bfloat16+float32,shape_key=8797167029593,triangle_multiplication,token_pair,128,1,"{""token_pair"": [128]}"
trimul_outproj_layernorm_gemm_gate_triton,sm86,bfloat16+float32,shape_key=8798241033561,pairformer_block|triangle_multiplication,token_pair,128,3,"{""token_pair"": [128]}"
trimul_outproj_layernorm_gemm_gate_triton,sm86,bfloat16+float32,shape_key=8800388517209,triangle_multiplication_bidirectional,token_pair,128,1,"{""token_pair"": [128]}"
trimul_outproj_layernorm_gemm_gate_triton,sm86,bfloat16+float32,shape_key=8800389041497,triangle_multiplication,token_pair,128,1,"{""token_pair"": [128]}"
trimul_outproj_layernorm_gemm_gate_triton,sm86,bfloat16+float32,shape_key=8802537049433,triangle_multiplication,token_pair,128,1,"{""token_pair"": [128]}"
trimul_output_f567_train_triton,sm86,bfloat16,"L=384,M=147456,shape_key=108090790177407129,wg0=64,wg1=1,wp0=64,wp1=1",triangle_multiplication,token_pair,384,2,"{""token_pair"": [384]}"
trimul_output_f567_train_triton,sm86,bfloat16,"L=384,M=147456,shape_key=108095189297922201,wg0=128,wg1=1,wp0=128,wp1=1",pairformer_block|triangle_multiplication,token_pair,384,6,"{""token_pair"": [384]}"
trimul_output_f567_train_triton,sm86,bfloat16,"L=384,M=147456,shape_key=108095191445405849,wg0=128,wg1=1,wp0=256,wp1=1",triangle_multiplication_bidirectional,token_pair,384,2,"{""token_pair"": [384]}"
trimul_output_f567_train_triton,sm86,bfloat16,"L=384,M=147456,shape_key=108103987538952345,wg0=256,wg1=1,wp0=256,wp1=1",triangle_multiplication,token_pair,384,2,"{""token_pair"": [384]}"
trimul_output_f567_train_triton,sm86,bfloat16,"L=384,M=147456,shape_key=108112785779982489,wg0=384,wg1=1,wp0=384,wp1=1",triangle_multiplication,token_pair,384,2,"{""token_pair"": [384]}"
trimul_output_f567_train_triton,sm86,bfloat16,"L=768,M=589824,shape_key=216177181234299033,wg0=64,wg1=1,wp0=64,wp1=1",triangle_multiplication,token_pair,768,2,"{""token_pair"": [768]}"
trimul_output_f567_train_triton,sm86,bfloat16,"L=768,M=589824,shape_key=216181580354814105,wg0=128,wg1=1,wp0=128,wp1=1",pairformer_block|triangle_multiplication,token_pair,768,6,"{""token_pair"": [768]}"
trimul_output_f567_train_triton,sm86,bfloat16,"L=768,M=589824,shape_key=216181582502297753,wg0=128,wg1=1,wp0=256,wp1=1",triangle_multiplication_bidirectional,token_pair,768,2,"{""token_pair"": [768]}"
trimul_output_f567_train_triton,sm86,bfloat16,"L=768,M=589824,shape_key=216190378595844249,wg0=256,wg1=1,wp0=256,wp1=1",triangle_multiplication,token_pair,768,2,"{""token_pair"": [768]}"
trimul_output_f567_train_triton,sm86,bfloat16,"L=768,M=589824,shape_key=216199176836874393,wg0=384,wg1=1,wp0=384,wp1=1",triangle_multiplication,token_pair,768,2,"{""token_pair"": [768]}"
