kernel,arch,dtype,bucket,modules,streams,lengths,units,shapes
adaln_bwd_dx_dlnw_triton,sm86,bfloat16+float32,shape_key=140741783847754,adaptive_layernorm|augmented_attention|conditioned_transition,atom_single,2048|3072,60,"{""atom_single"": [2048, 3072]}"
adaln_bwd_dx_dlnw_triton,sm86,bfloat16+float32,shape_key=281479272203082,adaptive_layernorm|augmented_attention|conditioned_transition,atom_single,4096|5120|6144|7168,120,"{""atom_single"": [4096, 5120, 6144, 7168]}"
adaln_bwd_dx_dlnw_triton,sm86,bfloat16+float32,shape_key=562954248913738,adaptive_layernorm|augmented_attention|conditioned_transition,atom_single,8192,30,"{""atom_single"": [8192]}"
adaln_bwd_dx_dlnw_triton,sm86,bfloat16+float32,shape_key=70373039670090,adaptive_layernorm|augmented_attention|conditioned_transition,atom_single,1024,30,"{""atom_single"": [1024]}"
adaln_bwd_dx_dlnw_triton,sm86,float32,shape_key=140741783847754,adaptive_layernorm|augmented_attention|conditioned_transition,atom_single,2048|3072,60,"{""atom_single"": [2048, 3072]}"
adaln_bwd_dx_dlnw_triton,sm86,float32,shape_key=281479272203082,adaptive_layernorm|augmented_attention|conditioned_transition,atom_single,4096|5120|6144|7168,120,"{""atom_single"": [4096, 5120, 6144, 7168]}"
adaln_bwd_dx_dlnw_triton,sm86,float32,shape_key=562954248913738,adaptive_layernorm|augmented_attention|conditioned_transition,atom_single,8192,30,"{""atom_single"": [8192]}"
adaln_bwd_dx_dlnw_triton,sm86,float32,shape_key=70373039670090,adaptive_layernorm|augmented_attention|conditioned_transition,atom_single,1024,30,"{""atom_single"": [1024]}"
adaln_bwd_pre_dx_triton,sm86,bfloat16+float32,shape_key=10740564762,adaptive_layernorm|augmented_attention|conditioned_transition,token_single,640,60,"{""token_single"": [640]}"
adaln_bwd_pre_dx_triton,sm86,bfloat16+float32,shape_key=12888048410,adaptive_layernorm|augmented_attention|conditioned_transition,token_single,768,60,"{""token_single"": [768]}"
adaln_bwd_pre_dx_triton,sm86,bfloat16+float32,shape_key=137439478554,adaptive_layernorm|augmented_attention|conditioned_transition,atom_single,8192,30,"{""atom_single"": [8192]}"
adaln_bwd_pre_dx_triton,sm86,bfloat16+float32,shape_key=17180394266,adaptive_layernorm|augmented_attention|conditioned_transition,atom_single,1024,30,"{""atom_single"": [1024]}"
adaln_bwd_pre_dx_triton,sm86,bfloat16+float32,shape_key=2150630170,adaptive_layernorm|augmented_attention|conditioned_transition,token_single,128,60,"{""token_single"": [128]}"
adaln_bwd_pre_dx_triton,sm86,bfloat16+float32,shape_key=34360263450,adaptive_layernorm|augmented_attention|conditioned_transition,atom_single,2048|3072,60,"{""atom_single"": [2048, 3072]}"
adaln_bwd_pre_dx_triton,sm86,bfloat16+float32,shape_key=4298113818,adaptive_layernorm|augmented_attention|conditioned_transition,token_single,256,60,"{""token_single"": [256]}"
adaln_bwd_pre_dx_triton,sm86,bfloat16+float32,shape_key=6445597466,adaptive_layernorm|augmented_attention|conditioned_transition,token_single,384,60,"{""token_single"": [384]}"
adaln_bwd_pre_dx_triton,sm86,bfloat16+float32,shape_key=68720001818,adaptive_layernorm|augmented_attention|conditioned_transition,atom_single,4096|5120|6144|7168,120,"{""atom_single"": [4096, 5120, 6144, 7168]}"
adaln_bwd_pre_dx_triton,sm86,bfloat16+float32,shape_key=8593081114,adaptive_layernorm|augmented_attention|conditioned_transition,token_single,512,60,"{""token_single"": [512]}"
adaln_bwd_pre_dx_triton,sm86,float32,shape_key=10740564762,adaptive_layernorm|augmented_attention|conditioned_transition,token_single,640,60,"{""token_single"": [640]}"
adaln_bwd_pre_dx_triton,sm86,float32,shape_key=12888048410,adaptive_layernorm|augmented_attention|conditioned_transition,token_single,768,60,"{""token_single"": [768]}"
adaln_bwd_pre_dx_triton,sm86,float32,shape_key=137439478554,adaptive_layernorm|augmented_attention|conditioned_transition,atom_single,8192,30,"{""atom_single"": [8192]}"
adaln_bwd_pre_dx_triton,sm86,float32,shape_key=17180394266,adaptive_layernorm|augmented_attention|conditioned_transition,atom_single,1024,30,"{""atom_single"": [1024]}"
adaln_bwd_pre_dx_triton,sm86,float32,shape_key=2150630170,adaptive_layernorm|augmented_attention|conditioned_transition,token_single,128,60,"{""token_single"": [128]}"
adaln_bwd_pre_dx_triton,sm86,float32,shape_key=34360263450,adaptive_layernorm|augmented_attention|conditioned_transition,atom_single,2048|3072,60,"{""atom_single"": [2048, 3072]}"
adaln_bwd_pre_dx_triton,sm86,float32,shape_key=4298113818,adaptive_layernorm|augmented_attention|conditioned_transition,token_single,256,60,"{""token_single"": [256]}"
adaln_bwd_pre_dx_triton,sm86,float32,shape_key=6445597466,adaptive_layernorm|augmented_attention|conditioned_transition,token_single,384,60,"{""token_single"": [384]}"
adaln_bwd_pre_dx_triton,sm86,float32,shape_key=68720001818,adaptive_layernorm|augmented_attention|conditioned_transition,atom_single,4096|5120|6144|7168,120,"{""atom_single"": [4096, 5120, 6144, 7168]}"
adaln_bwd_pre_dx_triton,sm86,float32,shape_key=8593081114,adaptive_layernorm|augmented_attention|conditioned_transition,token_single,512,60,"{""token_single"": [512]}"
adaln_epilogue_saveact_triton,sm86,bfloat16+float32,"HAS_SB=1,shape_key=137439478554",adaptive_layernorm|augmented_attention|conditioned_transition,atom_single,8192,30,"{""atom_single"": [8192]}"
adaln_epilogue_saveact_triton,sm86,bfloat16+float32,"HAS_SB=1,shape_key=17180394266",adaptive_layernorm|augmented_attention|conditioned_transition,atom_single,1024,30,"{""atom_single"": [1024]}"
adaln_epilogue_saveact_triton,sm86,bfloat16+float32,"HAS_SB=1,shape_key=34360263450",adaptive_layernorm|augmented_attention|conditioned_transition,atom_single,2048|3072,60,"{""atom_single"": [2048, 3072]}"
adaln_epilogue_saveact_triton,sm86,bfloat16+float32,"HAS_SB=1,shape_key=68720001818",adaptive_layernorm|augmented_attention|conditioned_transition,atom_single,4096|5120|6144|7168,120,"{""atom_single"": [4096, 5120, 6144, 7168]}"
adaln_epilogue_saveact_triton,sm86,float32,"HAS_SB=1,shape_key=10740564762",adaptive_layernorm|augmented_attention|conditioned_transition,token_single,640,60,"{""token_single"": [640]}"
adaln_epilogue_saveact_triton,sm86,float32,"HAS_SB=1,shape_key=12888048410",adaptive_layernorm|augmented_attention|conditioned_transition,token_single,768,60,"{""token_single"": [768]}"
adaln_epilogue_saveact_triton,sm86,float32,"HAS_SB=1,shape_key=137439478554",adaptive_layernorm|augmented_attention|conditioned_transition,atom_single,8192,30,"{""atom_single"": [8192]}"
adaln_epilogue_saveact_triton,sm86,float32,"HAS_SB=1,shape_key=17180394266",adaptive_layernorm|augmented_attention|conditioned_transition,atom_single,1024,30,"{""atom_single"": [1024]}"
adaln_epilogue_saveact_triton,sm86,float32,"HAS_SB=1,shape_key=2150630170",adaptive_layernorm|augmented_attention|conditioned_transition,token_single,128,60,"{""token_single"": [128]}"
adaln_epilogue_saveact_triton,sm86,float32,"HAS_SB=1,shape_key=34360263450",adaptive_layernorm|augmented_attention|conditioned_transition,atom_single,2048|3072,60,"{""atom_single"": [2048, 3072]}"
adaln_epilogue_saveact_triton,sm86,float32,"HAS_SB=1,shape_key=4298113818",adaptive_layernorm|augmented_attention|conditioned_transition,token_single,256,60,"{""token_single"": [256]}"
adaln_epilogue_saveact_triton,sm86,float32,"HAS_SB=1,shape_key=6445597466",adaptive_layernorm|augmented_attention|conditioned_transition,token_single,384,60,"{""token_single"": [384]}"
adaln_epilogue_saveact_triton,sm86,float32,"HAS_SB=1,shape_key=68720001818",adaptive_layernorm|augmented_attention|conditioned_transition,atom_single,4096|5120|6144|7168,120,"{""atom_single"": [4096, 5120, 6144, 7168]}"
adaln_epilogue_saveact_triton,sm86,float32,"HAS_SB=1,shape_key=8593081114",adaptive_layernorm|augmented_attention|conditioned_transition,token_single,512,60,"{""token_single"": [512]}"
adaln_epilogue_triton,sm86,float32,shape_key=10740564762,adaptive_layernorm|augmented_attention|conditioned_transition,token_single,640,14,"{""token_single"": [640]}"
adaln_epilogue_triton,sm86,float32,shape_key=12888048410,adaptive_layernorm|augmented_attention|conditioned_transition,token_single,768,14,"{""token_single"": [768]}"
adaln_epilogue_triton,sm86,float32,shape_key=2150630170,adaptive_layernorm|augmented_attention|conditioned_transition,token_single,128,14,"{""token_single"": [128]}"
adaln_epilogue_triton,sm86,float32,shape_key=4298113818,adaptive_layernorm|augmented_attention|conditioned_transition,token_single,256,14,"{""token_single"": [256]}"
adaln_epilogue_triton,sm86,float32,shape_key=6445597466,adaptive_layernorm|augmented_attention|conditioned_transition,token_single,384,14,"{""token_single"": [384]}"
adaln_epilogue_triton,sm86,float32,shape_key=8593081114,adaptive_layernorm|augmented_attention|conditioned_transition,token_single,512,14,"{""token_single"": [512]}"
adaln_fwd_gate_triton,sm86,bfloat16+float32,shape_key=17598631641647,adaptive_layernorm|augmented_attention|conditioned_transition,token_single,256,30,"{""token_single"": [256]}"
adaln_fwd_gate_triton,sm86,bfloat16+float32,shape_key=17605074092591,adaptive_layernorm|augmented_attention|conditioned_transition,token_single,256,30,"{""token_single"": [256]}"
adaln_fwd_gate_triton,sm86,bfloat16+float32,shape_key=26394724663855,adaptive_layernorm|augmented_attention|conditioned_transition,token_single,384,30,"{""token_single"": [384]}"
adaln_fwd_gate_triton,sm86,bfloat16+float32,shape_key=26401167114799,adaptive_layernorm|augmented_attention|conditioned_transition,token_single,384,30,"{""token_single"": [384]}"
adaln_fwd_gate_triton,sm86,bfloat16+float32,shape_key=35190817686063,adaptive_layernorm|augmented_attention|conditioned_transition,token_single,512,30,"{""token_single"": [512]}"
adaln_fwd_gate_triton,sm86,bfloat16+float32,shape_key=35197260137007,adaptive_layernorm|augmented_attention|conditioned_transition,token_single,512,30,"{""token_single"": [512]}"
adaln_fwd_gate_triton,sm86,bfloat16+float32,shape_key=43986910708271,adaptive_layernorm|augmented_attention|conditioned_transition,token_single,640,30,"{""token_single"": [640]}"
adaln_fwd_gate_triton,sm86,bfloat16+float32,shape_key=43993353159215,adaptive_layernorm|augmented_attention|conditioned_transition,token_single,640,30,"{""token_single"": [640]}"
adaln_fwd_gate_triton,sm86,bfloat16+float32,shape_key=52783003730479,adaptive_layernorm|augmented_attention|conditioned_transition,token_single,768,30,"{""token_single"": [768]}"
adaln_fwd_gate_triton,sm86,bfloat16+float32,shape_key=52789446181423,adaptive_layernorm|augmented_attention|conditioned_transition,token_single,768,30,"{""token_single"": [768]}"
adaln_fwd_gate_triton,sm86,bfloat16+float32,shape_key=8802538619439,adaptive_layernorm|augmented_attention|conditioned_transition,token_single,128,30,"{""token_single"": [128]}"
adaln_fwd_gate_triton,sm86,bfloat16+float32,shape_key=8808981070383,adaptive_layernorm|augmented_attention|conditioned_transition,token_single,128,30,"{""token_single"": [128]}"
adaln_fwd_triton,sm86,bfloat16,shape_key=140739636363823,adaptive_layernorm|augmented_attention|conditioned_transition,atom_single,2048|3072,14,"{""atom_single"": [2048, 3072]}"
adaln_fwd_triton,sm86,bfloat16,shape_key=281477124719151,adaptive_layernorm|augmented_attention|conditioned_transition,atom_single,4096|5120|6144|7168,28,"{""atom_single"": [4096, 5120, 6144, 7168]}"
adaln_fwd_triton,sm86,bfloat16,shape_key=562952101429807,adaptive_layernorm|augmented_attention|conditioned_transition,atom_single,8192,7,"{""atom_single"": [8192]}"
adaln_fwd_triton,sm86,bfloat16,shape_key=70370892186159,adaptive_layernorm|augmented_attention|conditioned_transition,atom_single,1024,7,"{""atom_single"": [1024]}"
adaln_fwd_triton,sm86,float32,shape_key=140739636363823,adaptive_layernorm|augmented_attention|conditioned_transition,atom_single,2048|3072,14,"{""atom_single"": [2048, 3072]}"
adaln_fwd_triton,sm86,float32,shape_key=281477124719151,adaptive_layernorm|augmented_attention|conditioned_transition,atom_single,4096|5120|6144|7168,28,"{""atom_single"": [4096, 5120, 6144, 7168]}"
adaln_fwd_triton,sm86,float32,shape_key=562952101429807,adaptive_layernorm|augmented_attention|conditioned_transition,atom_single,8192,7,"{""atom_single"": [8192]}"
adaln_fwd_triton,sm86,float32,shape_key=70370892186159,adaptive_layernorm|augmented_attention|conditioned_transition,atom_single,1024,7,"{""atom_single"": [1024]}"
adaln_gemm_gate_triton,sm86,bfloat16+float32,shape_key=17598631641647,adaptive_layernorm|augmented_attention|conditioned_transition,token_single,256,7,"{""token_single"": [256]}"
adaln_gemm_gate_triton,sm86,bfloat16+float32,shape_key=17605074092591,adaptive_layernorm|augmented_attention|conditioned_transition,token_single,256,7,"{""token_single"": [256]}"
adaln_gemm_gate_triton,sm86,bfloat16+float32,shape_key=26394724663855,adaptive_layernorm|augmented_attention|conditioned_transition,token_single,384,7,"{""token_single"": [384]}"
adaln_gemm_gate_triton,sm86,bfloat16+float32,shape_key=26401167114799,adaptive_layernorm|augmented_attention|conditioned_transition,token_single,384,7,"{""token_single"": [384]}"
adaln_gemm_gate_triton,sm86,bfloat16+float32,shape_key=35190817686063,adaptive_layernorm|augmented_attention|conditioned_transition,token_single,512,7,"{""token_single"": [512]}"
adaln_gemm_gate_triton,sm86,bfloat16+float32,shape_key=35197260137007,adaptive_layernorm|augmented_attention|conditioned_transition,token_single,512,7,"{""token_single"": [512]}"
adaln_gemm_gate_triton,sm86,bfloat16+float32,shape_key=43986910708271,adaptive_layernorm|augmented_attention|conditioned_transition,token_single,640,7,"{""token_single"": [640]}"
adaln_gemm_gate_triton,sm86,bfloat16+float32,shape_key=43993353159215,adaptive_layernorm|augmented_attention|conditioned_transition,token_single,640,7,"{""token_single"": [640]}"
adaln_gemm_gate_triton,sm86,bfloat16+float32,shape_key=52783003730479,adaptive_layernorm|augmented_attention|conditioned_transition,token_single,768,7,"{""token_single"": [768]}"
adaln_gemm_gate_triton,sm86,bfloat16+float32,shape_key=52789446181423,adaptive_layernorm|augmented_attention|conditioned_transition,token_single,768,7,"{""token_single"": [768]}"
adaln_gemm_gate_triton,sm86,bfloat16+float32,shape_key=8802538619439,adaptive_layernorm|augmented_attention|conditioned_transition,token_single,128,7,"{""token_single"": [128]}"
adaln_gemm_gate_triton,sm86,bfloat16+float32,shape_key=8808981070383,adaptive_layernorm|augmented_attention|conditioned_transition,token_single,128,7,"{""token_single"": [128]}"
augmented_attention_bwd_pre_triton,sm86,bfloat16+float32,shape_key=140737555597786,augmented_attention,atom_single,2048|3072,20,"{""atom_single"": [2048, 3072]}"
augmented_attention_bwd_pre_triton,sm86,bfloat16+float32,shape_key=17592219732442,projected_attention,token_pair,256,1,"{""token_pair"": [256]}"
augmented_attention_bwd_pre_triton,sm86,bfloat16+float32,shape_key=17592253221338,projected_attention,token_pair,256,1,"{""token_pair"": [256]}"
augmented_attention_bwd_pre_triton,sm86,bfloat16+float32,shape_key=17592253286874,projected_attention,token_pair,256,1,"{""token_pair"": [256]}"
augmented_attention_bwd_pre_triton,sm86,bfloat16+float32,shape_key=17592320395738,projected_attention,token_pair,256,1,"{""token_pair"": [256]}"
augmented_attention_bwd_pre_triton,sm86,bfloat16+float32,shape_key=17592320461274,projected_attention,token_single,256,1,"{""token_single"": [256]}"
augmented_attention_bwd_pre_triton,sm86,bfloat16+float32,shape_key=17592387504602,projected_attention,token_pair,256,1,"{""token_pair"": [256]}"
augmented_attention_bwd_pre_triton,sm86,bfloat16+float32,shape_key=17592454580698,projected_attention,token_single,256,1,"{""token_single"": [256]}"
augmented_attention_bwd_pre_triton,sm86,bfloat16+float32,shape_key=17592454679002,augmented_attention|projected_attention,token_single,256,21,"{""token_single"": [256]}"
augmented_attention_bwd_pre_triton,sm86,bfloat16+float32,shape_key=26388312754650,projected_attention,token_pair,384,1,"{""token_pair"": [384]}"
augmented_attention_bwd_pre_triton,sm86,bfloat16+float32,shape_key=26388346243546,projected_attention,token_pair,384,1,"{""token_pair"": [384]}"
augmented_attention_bwd_pre_triton,sm86,bfloat16+float32,shape_key=26388346309082,projected_attention,token_pair,384,1,"{""token_pair"": [384]}"
augmented_attention_bwd_pre_triton,sm86,bfloat16+float32,shape_key=26388413417946,projected_attention,token_pair,384,1,"{""token_pair"": [384]}"
augmented_attention_bwd_pre_triton,sm86,bfloat16+float32,shape_key=26388413483482,projected_attention,token_single,384,1,"{""token_single"": [384]}"
augmented_attention_bwd_pre_triton,sm86,bfloat16+float32,shape_key=26388480526810,projected_attention,token_pair,384,1,"{""token_pair"": [384]}"
augmented_attention_bwd_pre_triton,sm86,bfloat16+float32,shape_key=26388547602906,projected_attention,token_single,384,1,"{""token_single"": [384]}"
augmented_attention_bwd_pre_triton,sm86,bfloat16+float32,shape_key=26388547701210,augmented_attention|projected_attention,token_single,384,21,"{""token_single"": [384]}"
augmented_attention_bwd_pre_triton,sm86,bfloat16+float32,shape_key=281475043953114,augmented_attention,atom_single,4096|5120|6144|7168,40,"{""atom_single"": [4096, 5120, 6144, 7168]}"
augmented_attention_bwd_pre_triton,sm86,bfloat16+float32,shape_key=35184405776858,projected_attention,token_pair,512,1,"{""token_pair"": [512]}"
augmented_attention_bwd_pre_triton,sm86,bfloat16+float32,shape_key=35184439265754,projected_attention,token_pair,512,1,"{""token_pair"": [512]}"
augmented_attention_bwd_pre_triton,sm86,bfloat16+float32,shape_key=35184439331290,projected_attention,token_pair,512,1,"{""token_pair"": [512]}"
augmented_attention_bwd_pre_triton,sm86,bfloat16+float32,shape_key=35184506440154,projected_attention,token_pair,512,1,"{""token_pair"": [512]}"
augmented_attention_bwd_pre_triton,sm86,bfloat16+float32,shape_key=35184506505690,projected_attention,token_single,512,1,"{""token_single"": [512]}"
augmented_attention_bwd_pre_triton,sm86,bfloat16+float32,shape_key=35184573549018,projected_attention,token_pair,512,1,"{""token_pair"": [512]}"
augmented_attention_bwd_pre_triton,sm86,bfloat16+float32,shape_key=35184640625114,projected_attention,token_single,512,1,"{""token_single"": [512]}"
augmented_attention_bwd_pre_triton,sm86,bfloat16+float32,shape_key=35184640723418,augmented_attention|projected_attention,token_single,512,21,"{""token_single"": [512]}"
augmented_attention_bwd_pre_triton,sm86,bfloat16+float32,shape_key=43980498799066,projected_attention,token_pair,640,1,"{""token_pair"": [640]}"
augmented_attention_bwd_pre_triton,sm86,bfloat16+float32,shape_key=43980532287962,projected_attention,token_pair,640,1,"{""token_pair"": [640]}"
augmented_attention_bwd_pre_triton,sm86,bfloat16+float32,shape_key=43980532353498,projected_attention,token_pair,640,1,"{""token_pair"": [640]}"
augmented_attention_bwd_pre_triton,sm86,bfloat16+float32,shape_key=43980599462362,projected_attention,token_pair,640,1,"{""token_pair"": [640]}"
augmented_attention_bwd_pre_triton,sm86,bfloat16+float32,shape_key=43980599527898,projected_attention,token_single,640,1,"{""token_single"": [640]}"
augmented_attention_bwd_pre_triton,sm86,bfloat16+float32,shape_key=43980666571226,projected_attention,token_pair,640,1,"{""token_pair"": [640]}"
augmented_attention_bwd_pre_triton,sm86,bfloat16+float32,shape_key=43980733647322,projected_attention,token_single,640,1,"{""token_single"": [640]}"
augmented_attention_bwd_pre_triton,sm86,bfloat16+float32,shape_key=43980733745626,augmented_attention|projected_attention,token_single,640,21,"{""token_single"": [640]}"
augmented_attention_bwd_pre_triton,sm86,bfloat16+float32,shape_key=52776591821274,projected_attention,token_pair,768,1,"{""token_pair"": [768]}"
augmented_attention_bwd_pre_triton,sm86,bfloat16+float32,shape_key=52776625310170,projected_attention,token_pair,768,1,"{""token_pair"": [768]}"
augmented_attention_bwd_pre_triton,sm86,bfloat16+float32,shape_key=52776625375706,projected_attention,token_pair,768,1,"{""token_pair"": [768]}"
augmented_attention_bwd_pre_triton,sm86,bfloat16+float32,shape_key=52776692484570,projected_attention,token_pair,768,1,"{""token_pair"": [768]}"
augmented_attention_bwd_pre_triton,sm86,bfloat16+float32,shape_key=52776692550106,projected_attention,token_single,768,1,"{""token_single"": [768]}"
augmented_attention_bwd_pre_triton,sm86,bfloat16+float32,shape_key=52776759593434,projected_attention,token_pair,768,1,"{""token_pair"": [768]}"
augmented_attention_bwd_pre_triton,sm86,bfloat16+float32,shape_key=52776826669530,projected_attention,token_single,768,1,"{""token_single"": [768]}"
augmented_attention_bwd_pre_triton,sm86,bfloat16+float32,shape_key=52776826767834,augmented_attention|projected_attention,token_single,768,21,"{""token_single"": [768]}"
augmented_attention_bwd_pre_triton,sm86,bfloat16+float32,shape_key=562950020663770,augmented_attention,atom_single,8192,10,"{""atom_single"": [8192]}"
augmented_attention_bwd_pre_triton,sm86,bfloat16+float32,shape_key=70368811420122,augmented_attention,atom_single,1024,10,"{""atom_single"": [1024]}"
augmented_attention_bwd_pre_triton,sm86,bfloat16+float32,shape_key=8796126710234,projected_attention,token_pair,128,1,"{""token_pair"": [128]}"
augmented_attention_bwd_pre_triton,sm86,bfloat16+float32,shape_key=8796160199130,projected_attention,token_pair,128,1,"{""token_pair"": [128]}"
augmented_attention_bwd_pre_triton,sm86,bfloat16+float32,shape_key=8796160264666,projected_attention,token_pair,128,1,"{""token_pair"": [128]}"
augmented_attention_bwd_pre_triton,sm86,bfloat16+float32,shape_key=8796227373530,projected_attention,token_pair,128,1,"{""token_pair"": [128]}"
augmented_attention_bwd_pre_triton,sm86,bfloat16+float32,shape_key=8796227439066,projected_attention,token_single,128,1,"{""token_single"": [128]}"
augmented_attention_bwd_pre_triton,sm86,bfloat16+float32,shape_key=8796294482394,projected_attention,token_pair,128,1,"{""token_pair"": [128]}"
augmented_attention_bwd_pre_triton,sm86,bfloat16+float32,shape_key=8796361558490,projected_attention,token_single,128,1,"{""token_single"": [128]}"
augmented_attention_bwd_pre_triton,sm86,bfloat16+float32,shape_key=8796361656794,augmented_attention|projected_attention,token_single,128,21,"{""token_single"": [128]}"
augmented_attention_bwd_pre_triton,sm86,float32,shape_key=140737555597786,augmented_attention,atom_single,2048|3072,20,"{""atom_single"": [2048, 3072]}"
augmented_attention_bwd_pre_triton,sm86,float32,shape_key=17592454679002,augmented_attention,token_single,256,20,"{""token_single"": [256]}"
augmented_attention_bwd_pre_triton,sm86,float32,shape_key=26388547701210,augmented_attention,token_single,384,20,"{""token_single"": [384]}"
augmented_attention_bwd_pre_triton,sm86,float32,shape_key=281475043953114,augmented_attention,atom_single,4096|5120|6144|7168,40,"{""atom_single"": [4096, 5120, 6144, 7168]}"
augmented_attention_bwd_pre_triton,sm86,float32,shape_key=35184640723418,augmented_attention,token_single,512,20,"{""token_single"": [512]}"
augmented_attention_bwd_pre_triton,sm86,float32,shape_key=43980733745626,augmented_attention,token_single,640,20,"{""token_single"": [640]}"
augmented_attention_bwd_pre_triton,sm86,float32,shape_key=52776826767834,augmented_attention,token_single,768,20,"{""token_single"": [768]}"
augmented_attention_bwd_pre_triton,sm86,float32,shape_key=562950020663770,augmented_attention,atom_single,8192,10,"{""atom_single"": [8192]}"
augmented_attention_bwd_pre_triton,sm86,float32,shape_key=70368811420122,augmented_attention,atom_single,1024,10,"{""atom_single"": [1024]}"
augmented_attention_bwd_pre_triton,sm86,float32,shape_key=8796361656794,augmented_attention,token_single,128,20,"{""token_single"": [128]}"
augmented_attention_bwd_reduce_triton,sm86,float32,shape_key=1024,augmented_attention,atom_single,1024,20,"{""atom_single"": [1024]}"
augmented_attention_bwd_reduce_triton,sm86,float32,shape_key=128,augmented_attention|projected_attention,token_pair|token_single,128,48,"{""token_pair"": [128], ""token_single"": [128]}"
augmented_attention_bwd_reduce_triton,sm86,float32,shape_key=2048,augmented_attention,atom_single,2048|3072,120,"{""atom_single"": [2048, 3072]}"
augmented_attention_bwd_reduce_triton,sm86,float32,shape_key=256,augmented_attention|projected_attention,token_pair|token_single,256,48,"{""token_pair"": [256], ""token_single"": [256]}"
augmented_attention_bwd_reduce_triton,sm86,float32,shape_key=384,augmented_attention|projected_attention,token_pair|token_single,384,49,"{""token_pair"": [384], ""token_single"": [384]}"
augmented_attention_bwd_reduce_triton,sm86,float32,shape_key=4096,augmented_attention,atom_single,4096|5120|6144|7168,1040,"{""atom_single"": [4096, 5120, 6144, 7168]}"
augmented_attention_bwd_reduce_triton,sm86,float32,shape_key=512,augmented_attention|projected_attention,token_pair|token_single,512,52,"{""token_pair"": [512], ""token_single"": [512]}"
augmented_attention_bwd_reduce_triton,sm86,float32,shape_key=640,augmented_attention|projected_attention,token_pair|token_single,640,59,"{""token_pair"": [640], ""token_single"": [640]}"
augmented_attention_bwd_reduce_triton,sm86,float32,shape_key=768,augmented_attention|projected_attention,token_pair|token_single,768,107,"{""token_pair"": [768], ""token_single"": [768]}"
augmented_attention_bwd_reduce_triton,sm86,float32,shape_key=8192,augmented_attention,atom_single,8192,640,"{""atom_single"": [8192]}"
augmented_attention_bwd_split_triton,sm86,bfloat16+float32,"CHUNKED=0,shape_key=17592219732442",projected_attention,token_pair,256,1,"{""token_pair"": [256]}"
augmented_attention_bwd_split_triton,sm86,bfloat16+float32,"CHUNKED=0,shape_key=17592253221338",projected_attention,token_pair,256,1,"{""token_pair"": [256]}"
augmented_attention_bwd_split_triton,sm86,bfloat16+float32,"CHUNKED=0,shape_key=17592253286874",projected_attention,token_pair,256,1,"{""token_pair"": [256]}"
augmented_attention_bwd_split_triton,sm86,bfloat16+float32,"CHUNKED=0,shape_key=17592320395738",projected_attention,token_pair,256,1,"{""token_pair"": [256]}"
augmented_attention_bwd_split_triton,sm86,bfloat16+float32,"CHUNKED=0,shape_key=17592320461274",projected_attention,token_single,256,1,"{""token_single"": [256]}"
augmented_attention_bwd_split_triton,sm86,bfloat16+float32,"CHUNKED=0,shape_key=17592387504602",projected_attention,token_pair,256,1,"{""token_pair"": [256]}"
augmented_attention_bwd_split_triton,sm86,bfloat16+float32,"CHUNKED=0,shape_key=17592454580698",projected_attention,token_single,256,1,"{""token_single"": [256]}"
augmented_attention_bwd_split_triton,sm86,bfloat16+float32,"CHUNKED=0,shape_key=17592454679002",augmented_attention|projected_attention,token_single,256,21,"{""token_single"": [256]}"
augmented_attention_bwd_split_triton,sm86,bfloat16+float32,"CHUNKED=0,shape_key=26388312754650",projected_attention,token_pair,384,1,"{""token_pair"": [384]}"
augmented_attention_bwd_split_triton,sm86,bfloat16+float32,"CHUNKED=0,shape_key=26388346243546",projected_attention,token_pair,384,1,"{""token_pair"": [384]}"
augmented_attention_bwd_split_triton,sm86,bfloat16+float32,"CHUNKED=0,shape_key=26388346309082",projected_attention,token_pair,384,1,"{""token_pair"": [384]}"
augmented_attention_bwd_split_triton,sm86,bfloat16+float32,"CHUNKED=0,shape_key=26388413483482",projected_attention,token_single,384,1,"{""token_single"": [384]}"
augmented_attention_bwd_split_triton,sm86,bfloat16+float32,"CHUNKED=0,shape_key=26388547602906",projected_attention,token_single,384,1,"{""token_single"": [384]}"
augmented_attention_bwd_split_triton,sm86,bfloat16+float32,"CHUNKED=0,shape_key=26388547701210",augmented_attention|projected_attention,token_single,384,21,"{""token_single"": [384]}"
augmented_attention_bwd_split_triton,sm86,bfloat16+float32,"CHUNKED=0,shape_key=35184405776858",projected_attention,token_pair,512,1,"{""token_pair"": [512]}"
augmented_attention_bwd_split_triton,sm86,bfloat16+float32,"CHUNKED=0,shape_key=35184506505690",projected_attention,token_single,512,1,"{""token_single"": [512]}"
augmented_attention_bwd_split_triton,sm86,bfloat16+float32,"CHUNKED=0,shape_key=35184640625114",projected_attention,token_single,512,1,"{""token_single"": [512]}"
augmented_attention_bwd_split_triton,sm86,bfloat16+float32,"CHUNKED=0,shape_key=35184640723418",augmented_attention|projected_attention,token_single,512,21,"{""token_single"": [512]}"
augmented_attention_bwd_split_triton,sm86,bfloat16+float32,"CHUNKED=0,shape_key=43980599527898",projected_attention,token_single,640,1,"{""token_single"": [640]}"
augmented_attention_bwd_split_triton,sm86,bfloat16+float32,"CHUNKED=0,shape_key=43980733647322",projected_attention,token_single,640,1,"{""token_single"": [640]}"
augmented_attention_bwd_split_triton,sm86,bfloat16+float32,"CHUNKED=0,shape_key=52776692550106",projected_attention,token_single,768,1,"{""token_single"": [768]}"
augmented_attention_bwd_split_triton,sm86,bfloat16+float32,"CHUNKED=0,shape_key=52776826669530",projected_attention,token_single,768,1,"{""token_single"": [768]}"
augmented_attention_bwd_split_triton,sm86,bfloat16+float32,"CHUNKED=0,shape_key=70368811420122",augmented_attention,atom_single,1024,10,"{""atom_single"": [1024]}"
augmented_attention_bwd_split_triton,sm86,bfloat16+float32,"CHUNKED=0,shape_key=8796126710234",projected_attention,token_pair,128,1,"{""token_pair"": [128]}"
augmented_attention_bwd_split_triton,sm86,bfloat16+float32,"CHUNKED=0,shape_key=8796160199130",projected_attention,token_pair,128,1,"{""token_pair"": [128]}"
augmented_attention_bwd_split_triton,sm86,bfloat16+float32,"CHUNKED=0,shape_key=8796160264666",projected_attention,token_pair,128,1,"{""token_pair"": [128]}"
augmented_attention_bwd_split_triton,sm86,bfloat16+float32,"CHUNKED=0,shape_key=8796227373530",projected_attention,token_pair,128,1,"{""token_pair"": [128]}"
augmented_attention_bwd_split_triton,sm86,bfloat16+float32,"CHUNKED=0,shape_key=8796227439066",projected_attention,token_single,128,1,"{""token_single"": [128]}"
augmented_attention_bwd_split_triton,sm86,bfloat16+float32,"CHUNKED=0,shape_key=8796294482394",projected_attention,token_pair,128,1,"{""token_pair"": [128]}"
augmented_attention_bwd_split_triton,sm86,bfloat16+float32,"CHUNKED=0,shape_key=8796361558490",projected_attention,token_single,128,1,"{""token_single"": [128]}"
augmented_attention_bwd_split_triton,sm86,bfloat16+float32,"CHUNKED=0,shape_key=8796361656794",augmented_attention|projected_attention,token_single,128,21,"{""token_single"": [128]}"
augmented_attention_bwd_split_triton,sm86,bfloat16+float32,"CHUNKED=1,shape_key=140737555597786",augmented_attention,atom_single,2048|3072,60,"{""atom_single"": [2048, 3072]}"
augmented_attention_bwd_split_triton,sm86,bfloat16+float32,"CHUNKED=1,shape_key=26388413417946",projected_attention,token_pair,384,1,"{""token_pair"": [384]}"
augmented_attention_bwd_split_triton,sm86,bfloat16+float32,"CHUNKED=1,shape_key=26388480526810",projected_attention,token_pair,384,2,"{""token_pair"": [384]}"
augmented_attention_bwd_split_triton,sm86,bfloat16+float32,"CHUNKED=1,shape_key=281475043953114",augmented_attention,atom_single,4096|5120|6144|7168,520,"{""atom_single"": [4096, 5120, 6144, 7168]}"
augmented_attention_bwd_split_triton,sm86,bfloat16+float32,"CHUNKED=1,shape_key=35184439265754",projected_attention,token_pair,512,1,"{""token_pair"": [512]}"
augmented_attention_bwd_split_triton,sm86,bfloat16+float32,"CHUNKED=1,shape_key=35184439331290",projected_attention,token_pair,512,1,"{""token_pair"": [512]}"
augmented_attention_bwd_split_triton,sm86,bfloat16+float32,"CHUNKED=1,shape_key=35184506440154",projected_attention,token_pair,512,2,"{""token_pair"": [512]}"
augmented_attention_bwd_split_triton,sm86,bfloat16+float32,"CHUNKED=1,shape_key=35184573549018",projected_attention,token_pair,512,4,"{""token_pair"": [512]}"
augmented_attention_bwd_split_triton,sm86,bfloat16+float32,"CHUNKED=1,shape_key=43980498799066",projected_attention,token_pair,640,1,"{""token_pair"": [640]}"
augmented_attention_bwd_split_triton,sm86,bfloat16+float32,"CHUNKED=1,shape_key=43980532287962",projected_attention,token_pair,640,2,"{""token_pair"": [640]}"
augmented_attention_bwd_split_triton,sm86,bfloat16+float32,"CHUNKED=1,shape_key=43980532353498",projected_attention,token_pair,640,3,"{""token_pair"": [640]}"
augmented_attention_bwd_split_triton,sm86,bfloat16+float32,"CHUNKED=1,shape_key=43980599462362",projected_attention,token_pair,640,5,"{""token_pair"": [640]}"
augmented_attention_bwd_split_triton,sm86,bfloat16+float32,"CHUNKED=1,shape_key=43980666571226",projected_attention,token_pair,640,5,"{""token_pair"": [640]}"
augmented_attention_bwd_split_triton,sm86,bfloat16+float32,"CHUNKED=1,shape_key=43980733745626",augmented_attention|projected_attention,token_single,640,21,"{""token_single"": [640]}"
augmented_attention_bwd_split_triton,sm86,bfloat16+float32,"CHUNKED=1,shape_key=52776591821274",projected_attention,token_pair,768,2,"{""token_pair"": [768]}"
augmented_attention_bwd_split_triton,sm86,bfloat16+float32,"CHUNKED=1,shape_key=52776625310170",projected_attention,token_pair,768,3,"{""token_pair"": [768]}"
augmented_attention_bwd_split_triton,sm86,bfloat16+float32,"CHUNKED=1,shape_key=52776625375706",projected_attention,token_pair,768,6,"{""token_pair"": [768]}"
augmented_attention_bwd_split_triton,sm86,bfloat16+float32,"CHUNKED=1,shape_key=52776692484570",projected_attention,token_pair,768,6,"{""token_pair"": [768]}"
augmented_attention_bwd_split_triton,sm86,bfloat16+float32,"CHUNKED=1,shape_key=52776759593434",projected_attention,token_pair,768,6,"{""token_pair"": [768]}"
augmented_attention_bwd_split_triton,sm86,bfloat16+float32,"CHUNKED=1,shape_key=52776826767834",augmented_attention|projected_attention,token_single,768,42,"{""token_single"": [768]}"
augmented_attention_bwd_split_triton,sm86,bfloat16+float32,"CHUNKED=1,shape_key=562950020663770",augmented_attention,atom_single,8192,320,"{""atom_single"": [8192]}"
augmented_attention_bwd_split_triton,sm86,float32,"CHUNKED=0,shape_key=17592454679002",augmented_attention,token_single,256,20,"{""token_single"": [256]}"
augmented_attention_bwd_split_triton,sm86,float32,"CHUNKED=0,shape_key=26388547701210",augmented_attention,token_single,384,20,"{""token_single"": [384]}"
augmented_attention_bwd_split_triton,sm86,float32,"CHUNKED=0,shape_key=35184640723418",augmented_attention,token_single,512,20,"{""token_single"": [512]}"
augmented_attention_bwd_split_triton,sm86,float32,"CHUNKED=0,shape_key=70368811420122",augmented_attention,atom_single,1024,10,"{""atom_single"": [1024]}"
augmented_attention_bwd_split_triton,sm86,float32,"CHUNKED=0,shape_key=8796361656794",augmented_attention,token_single,128,20,"{""token_single"": [128]}"
augmented_attention_bwd_split_triton,sm86,float32,"CHUNKED=1,shape_key=140737555597786",augmented_attention,atom_single,2048|3072,60,"{""atom_single"": [2048, 3072]}"
augmented_attention_bwd_split_triton,sm86,float32,"CHUNKED=1,shape_key=281475043953114",augmented_attention,atom_single,4096|5120|6144|7168,520,"{""atom_single"": [4096, 5120, 6144, 7168]}"
augmented_attention_bwd_split_triton,sm86,float32,"CHUNKED=1,shape_key=43980733745626",augmented_attention,token_single,640,20,"{""token_single"": [640]}"
augmented_attention_bwd_split_triton,sm86,float32,"CHUNKED=1,shape_key=52776826767834",augmented_attention,token_single,768,40,"{""token_single"": [768]}"
augmented_attention_bwd_split_triton,sm86,float32,"CHUNKED=1,shape_key=562950020663770",augmented_attention,atom_single,8192,320,"{""atom_single"": [8192]}"
augmented_attention_fwd_triton,sm86,bfloat16+float32,shape_key=140737555597786,augmented_attention,atom_single,2048|3072,24,"{""atom_single"": [2048, 3072]}"
augmented_attention_fwd_triton,sm86,bfloat16+float32,shape_key=17592219732442,projected_attention,token_pair,256,2,"{""token_pair"": [256]}"
augmented_attention_fwd_triton,sm86,bfloat16+float32,shape_key=17592253221338,projected_attention,token_pair,256,2,"{""token_pair"": [256]}"
augmented_attention_fwd_triton,sm86,bfloat16+float32,shape_key=17592253286874,projected_attention,token_pair,256,2,"{""token_pair"": [256]}"
augmented_attention_fwd_triton,sm86,bfloat16+float32,shape_key=17592320395738,projected_attention,token_pair,256,2,"{""token_pair"": [256]}"
augmented_attention_fwd_triton,sm86,bfloat16+float32,shape_key=17592320461274,projected_attention,token_single,256,2,"{""token_single"": [256]}"
augmented_attention_fwd_triton,sm86,bfloat16+float32,shape_key=17592387504602,projected_attention,token_pair,256,2,"{""token_pair"": [256]}"
augmented_attention_fwd_triton,sm86,bfloat16+float32,shape_key=17592454580698,projected_attention,token_single,256,2,"{""token_single"": [256]}"
augmented_attention_fwd_triton,sm86,bfloat16+float32,shape_key=17592454679002,augmented_attention|projected_attention,token_single,256,26,"{""token_single"": [256]}"
augmented_attention_fwd_triton,sm86,bfloat16+float32,shape_key=26388312754650,projected_attention,token_pair,384,2,"{""token_pair"": [384]}"
augmented_attention_fwd_triton,sm86,bfloat16+float32,shape_key=26388346243546,projected_attention,token_pair,384,2,"{""token_pair"": [384]}"
augmented_attention_fwd_triton,sm86,bfloat16+float32,shape_key=26388346309082,projected_attention,token_pair,384,2,"{""token_pair"": [384]}"
augmented_attention_fwd_triton,sm86,bfloat16+float32,shape_key=26388413417946,projected_attention,token_pair,384,2,"{""token_pair"": [384]}"
augmented_attention_fwd_triton,sm86,bfloat16+float32,shape_key=26388413483482,projected_attention,token_single,384,2,"{""token_single"": [384]}"
augmented_attention_fwd_triton,sm86,bfloat16+float32,shape_key=26388480526810,projected_attention,token_pair,384,2,"{""token_pair"": [384]}"
augmented_attention_fwd_triton,sm86,bfloat16+float32,shape_key=26388547602906,projected_attention,token_single,384,2,"{""token_single"": [384]}"
augmented_attention_fwd_triton,sm86,bfloat16+float32,shape_key=26388547701210,augmented_attention|projected_attention,token_single,384,26,"{""token_single"": [384]}"
augmented_attention_fwd_triton,sm86,bfloat16+float32,shape_key=281475043953114,augmented_attention,atom_single,4096|5120|6144|7168,48,"{""atom_single"": [4096, 5120, 6144, 7168]}"
augmented_attention_fwd_triton,sm86,bfloat16+float32,shape_key=35184405776858,projected_attention,token_pair,512,2,"{""token_pair"": [512]}"
augmented_attention_fwd_triton,sm86,bfloat16+float32,shape_key=35184439265754,projected_attention,token_pair,512,2,"{""token_pair"": [512]}"
augmented_attention_fwd_triton,sm86,bfloat16+float32,shape_key=35184439331290,projected_attention,token_pair,512,2,"{""token_pair"": [512]}"
augmented_attention_fwd_triton,sm86,bfloat16+float32,shape_key=35184506440154,projected_attention,token_pair,512,2,"{""token_pair"": [512]}"
augmented_attention_fwd_triton,sm86,bfloat16+float32,shape_key=35184506505690,projected_attention,token_single,512,2,"{""token_single"": [512]}"
augmented_attention_fwd_triton,sm86,bfloat16+float32,shape_key=35184573549018,projected_attention,token_pair,512,2,"{""token_pair"": [512]}"
augmented_attention_fwd_triton,sm86,bfloat16+float32,shape_key=35184640625114,projected_attention,token_single,512,2,"{""token_single"": [512]}"
augmented_attention_fwd_triton,sm86,bfloat16+float32,shape_key=35184640723418,augmented_attention|projected_attention,token_single,512,26,"{""token_single"": [512]}"
augmented_attention_fwd_triton,sm86,bfloat16+float32,shape_key=43980498799066,projected_attention,token_pair,640,2,"{""token_pair"": [640]}"
augmented_attention_fwd_triton,sm86,bfloat16+float32,shape_key=43980532287962,projected_attention,token_pair,640,2,"{""token_pair"": [640]}"
augmented_attention_fwd_triton,sm86,bfloat16+float32,shape_key=43980532353498,projected_attention,token_pair,640,2,"{""token_pair"": [640]}"
augmented_attention_fwd_triton,sm86,bfloat16+float32,shape_key=43980599462362,projected_attention,token_pair,640,2,"{""token_pair"": [640]}"
augmented_attention_fwd_triton,sm86,bfloat16+float32,shape_key=43980599527898,projected_attention,token_single,640,2,"{""token_single"": [640]}"
augmented_attention_fwd_triton,sm86,bfloat16+float32,shape_key=43980666571226,projected_attention,token_pair,640,2,"{""token_pair"": [640]}"
augmented_attention_fwd_triton,sm86,bfloat16+float32,shape_key=43980733647322,projected_attention,token_single,640,2,"{""token_single"": [640]}"
augmented_attention_fwd_triton,sm86,bfloat16+float32,shape_key=43980733745626,augmented_attention|projected_attention,token_single,640,26,"{""token_single"": [640]}"
augmented_attention_fwd_triton,sm86,bfloat16+float32,shape_key=52776591821274,projected_attention,token_pair,768,2,"{""token_pair"": [768]}"
augmented_attention_fwd_triton,sm86,bfloat16+float32,shape_key=52776625310170,projected_attention,token_pair,768,2,"{""token_pair"": [768]}"
augmented_attention_fwd_triton,sm86,bfloat16+float32,shape_key=52776625375706,projected_attention,token_pair,768,2,"{""token_pair"": [768]}"
augmented_attention_fwd_triton,sm86,bfloat16+float32,shape_key=52776692484570,projected_attention,token_pair,768,2,"{""token_pair"": [768]}"
augmented_attention_fwd_triton,sm86,bfloat16+float32,shape_key=52776692550106,projected_attention,token_single,768,2,"{""token_single"": [768]}"
augmented_attention_fwd_triton,sm86,bfloat16+float32,shape_key=52776759593434,projected_attention,token_pair,768,2,"{""token_pair"": [768]}"
augmented_attention_fwd_triton,sm86,bfloat16+float32,shape_key=52776826669530,projected_attention,token_single,768,2,"{""token_single"": [768]}"
augmented_attention_fwd_triton,sm86,bfloat16+float32,shape_key=52776826767834,augmented_attention|projected_attention,token_single,768,26,"{""token_single"": [768]}"
augmented_attention_fwd_triton,sm86,bfloat16+float32,shape_key=562950020663770,augmented_attention,atom_single,8192,12,"{""atom_single"": [8192]}"
augmented_attention_fwd_triton,sm86,bfloat16+float32,shape_key=70368811420122,augmented_attention,atom_single,1024,12,"{""atom_single"": [1024]}"
augmented_attention_fwd_triton,sm86,bfloat16+float32,shape_key=8796126710234,projected_attention,token_pair,128,2,"{""token_pair"": [128]}"
augmented_attention_fwd_triton,sm86,bfloat16+float32,shape_key=8796160199130,projected_attention,token_pair,128,2,"{""token_pair"": [128]}"
augmented_attention_fwd_triton,sm86,bfloat16+float32,shape_key=8796160264666,projected_attention,token_pair,128,2,"{""token_pair"": [128]}"
augmented_attention_fwd_triton,sm86,bfloat16+float32,shape_key=8796227373530,projected_attention,token_pair,128,2,"{""token_pair"": [128]}"
augmented_attention_fwd_triton,sm86,bfloat16+float32,shape_key=8796227439066,projected_attention,token_single,128,2,"{""token_single"": [128]}"
augmented_attention_fwd_triton,sm86,bfloat16+float32,shape_key=8796294482394,projected_attention,token_pair,128,2,"{""token_pair"": [128]}"
augmented_attention_fwd_triton,sm86,bfloat16+float32,shape_key=8796361558490,projected_attention,token_single,128,2,"{""token_single"": [128]}"
augmented_attention_fwd_triton,sm86,bfloat16+float32,shape_key=8796361656794,augmented_attention|projected_attention,token_single,128,26,"{""token_single"": [128]}"
augmented_attention_fwd_triton,sm86,float32,shape_key=140737555597786,augmented_attention,atom_single,2048|3072,24,"{""atom_single"": [2048, 3072]}"
augmented_attention_fwd_triton,sm86,float32,shape_key=17592454679002,augmented_attention,token_single,256,24,"{""token_single"": [256]}"
augmented_attention_fwd_triton,sm86,float32,shape_key=26388547701210,augmented_attention,token_single,384,24,"{""token_single"": [384]}"
augmented_attention_fwd_triton,sm86,float32,shape_key=281475043953114,augmented_attention,atom_single,4096|5120|6144|7168,48,"{""atom_single"": [4096, 5120, 6144, 7168]}"
augmented_attention_fwd_triton,sm86,float32,shape_key=35184640723418,augmented_attention,token_single,512,24,"{""token_single"": [512]}"
augmented_attention_fwd_triton,sm86,float32,shape_key=43980733745626,augmented_attention,token_single,640,24,"{""token_single"": [640]}"
augmented_attention_fwd_triton,sm86,float32,shape_key=52776826767834,augmented_attention,token_single,768,24,"{""token_single"": [768]}"
augmented_attention_fwd_triton,sm86,float32,shape_key=562950020663770,augmented_attention,atom_single,8192,12,"{""atom_single"": [8192]}"
augmented_attention_fwd_triton,sm86,float32,shape_key=70368811420122,augmented_attention,atom_single,1024,12,"{""atom_single"": [1024]}"
augmented_attention_fwd_triton,sm86,float32,shape_key=8796361656794,augmented_attention,token_single,128,24,"{""token_single"": [128]}"
cond_transition_bwd_gemm_swiglu_triton,sm86,bfloat16,shape_key=140739636889840,conditioned_transition,atom_single,2048|3072,30,"{""atom_single"": [2048, 3072]}"
cond_transition_bwd_gemm_swiglu_triton,sm86,bfloat16,shape_key=17605077240048,conditioned_transition,token_single,256,30,"{""token_single"": [256]}"
cond_transition_bwd_gemm_swiglu_triton,sm86,bfloat16,shape_key=26401170262256,conditioned_transition,token_single,384,30,"{""token_single"": [384]}"
cond_transition_bwd_gemm_swiglu_triton,sm86,bfloat16,shape_key=281477125245168,conditioned_transition,atom_single,4096|5120|6144|7168,60,"{""atom_single"": [4096, 5120, 6144, 7168]}"
cond_transition_bwd_gemm_swiglu_triton,sm86,bfloat16,shape_key=35197263284464,conditioned_transition,token_single,512,30,"{""token_single"": [512]}"
cond_transition_bwd_gemm_swiglu_triton,sm86,bfloat16,shape_key=43993356306672,conditioned_transition,token_single,640,30,"{""token_single"": [640]}"
cond_transition_bwd_gemm_swiglu_triton,sm86,bfloat16,shape_key=52789449328880,conditioned_transition,token_single,768,30,"{""token_single"": [768]}"
cond_transition_bwd_gemm_swiglu_triton,sm86,bfloat16,shape_key=562952101955824,conditioned_transition,atom_single,8192,15,"{""atom_single"": [8192]}"
cond_transition_bwd_gemm_swiglu_triton,sm86,bfloat16,shape_key=70370892712176,conditioned_transition,atom_single,1024,15,"{""atom_single"": [1024]}"
cond_transition_bwd_gemm_swiglu_triton,sm86,bfloat16,shape_key=8808984217840,conditioned_transition,token_single,128,30,"{""token_single"": [128]}"
cond_transition_bwd_gemm_swiglu_triton,sm86,float32,shape_key=140739636889840,conditioned_transition,atom_single,2048|3072,30,"{""atom_single"": [2048, 3072]}"
cond_transition_bwd_gemm_swiglu_triton,sm86,float32,shape_key=281477125245168,conditioned_transition,atom_single,4096|5120|6144|7168,60,"{""atom_single"": [4096, 5120, 6144, 7168]}"
cond_transition_bwd_gemm_swiglu_triton,sm86,float32,shape_key=562952101955824,conditioned_transition,atom_single,8192,15,"{""atom_single"": [8192]}"
cond_transition_bwd_gemm_swiglu_triton,sm86,float32,shape_key=70370892712176,conditioned_transition,atom_single,1024,15,"{""atom_single"": [1024]}"
cond_transition_bwd_swiglu_flat_triton,sm86,float32,shape_key=10743711229,conditioned_transition,token_single,640,30,"{""token_single"": [640]}"
cond_transition_bwd_swiglu_flat_triton,sm86,float32,shape_key=12891194877,conditioned_transition,token_single,768,30,"{""token_single"": [768]}"
cond_transition_bwd_swiglu_flat_triton,sm86,float32,shape_key=2153776637,conditioned_transition,token_single,128,30,"{""token_single"": [128]}"
cond_transition_bwd_swiglu_flat_triton,sm86,float32,shape_key=4301260285,conditioned_transition,token_single,256,30,"{""token_single"": [256]}"
cond_transition_bwd_swiglu_flat_triton,sm86,float32,shape_key=6448743933,conditioned_transition,token_single,384,30,"{""token_single"": [384]}"
cond_transition_bwd_swiglu_flat_triton,sm86,float32,shape_key=8596227581,conditioned_transition,token_single,512,30,"{""token_single"": [512]}"
cond_transition_expand_swiglu_triton,sm86,bfloat16,shape_key=17605077239974,conditioned_transition,token_single,256,8,"{""token_single"": [256]}"
cond_transition_expand_swiglu_triton,sm86,bfloat16,shape_key=26401170262182,conditioned_transition,token_single,384,8,"{""token_single"": [384]}"
cond_transition_expand_swiglu_triton,sm86,bfloat16,shape_key=35197263284390,conditioned_transition,token_single,512,8,"{""token_single"": [512]}"
cond_transition_expand_swiglu_triton,sm86,bfloat16,shape_key=43993356306598,conditioned_transition,token_single,640,8,"{""token_single"": [640]}"
cond_transition_expand_swiglu_triton,sm86,bfloat16,shape_key=52789449328806,conditioned_transition,token_single,768,8,"{""token_single"": [768]}"
cond_transition_expand_swiglu_triton,sm86,bfloat16,shape_key=8808984217766,conditioned_transition,token_single,128,8,"{""token_single"": [128]}"
cond_transition_expand_swiglu_triton,sm86,float32,shape_key=17605077239974,conditioned_transition,token_single,256,8,"{""token_single"": [256]}"
cond_transition_expand_swiglu_triton,sm86,float32,shape_key=26401170262182,conditioned_transition,token_single,384,8,"{""token_single"": [384]}"
cond_transition_expand_swiglu_triton,sm86,float32,shape_key=35197263284390,conditioned_transition,token_single,512,8,"{""token_single"": [512]}"
cond_transition_expand_swiglu_triton,sm86,float32,shape_key=43993356306598,conditioned_transition,token_single,640,8,"{""token_single"": [640]}"
cond_transition_expand_swiglu_triton,sm86,float32,shape_key=52789449328806,conditioned_transition,token_single,768,8,"{""token_single"": [768]}"
cond_transition_expand_swiglu_triton,sm86,float32,shape_key=8808984217766,conditioned_transition,token_single,128,8,"{""token_single"": [128]}"
cond_transition_fwd_b2b_saveact_triton,sm86,bfloat16,shape_key=1152930302848402281,conditioned_transition,atom_single,4096|5120|6144|7168,60,"{""atom_single"": [4096, 5120, 6144, 7168]}"
cond_transition_fwd_b2b_saveact_triton,sm86,bfloat16,shape_key=2305851807455249257,conditioned_transition,atom_single,8192,15,"{""atom_single"": [8192]}"
cond_transition_fwd_b2b_saveact_triton,sm86,bfloat16,shape_key=288239174393267049,conditioned_transition,atom_single,1024,15,"{""atom_single"": [1024]}"
cond_transition_fwd_b2b_saveact_triton,sm86,bfloat16,shape_key=576469550544978793,conditioned_transition,atom_single,2048|3072,30,"{""atom_single"": [2048, 3072]}"
cond_transition_fwd_b2b_saveact_triton,sm86,float32,shape_key=1152930302848402281,conditioned_transition,atom_single,4096|5120|6144|7168,60,"{""atom_single"": [4096, 5120, 6144, 7168]}"
cond_transition_fwd_b2b_saveact_triton,sm86,float32,shape_key=2305851807455249257,conditioned_transition,atom_single,8192,15,"{""atom_single"": [8192]}"
cond_transition_fwd_b2b_saveact_triton,sm86,float32,shape_key=288239174393267049,conditioned_transition,atom_single,1024,15,"{""atom_single"": [1024]}"
cond_transition_fwd_b2b_saveact_triton,sm86,float32,shape_key=576469550544978793,conditioned_transition,atom_single,2048|3072,30,"{""atom_single"": [2048, 3072]}"
cond_transition_fwd_b2b_triton,sm86,bfloat16,shape_key=1152930302848402281,conditioned_transition,atom_single,4096|5120|6144|7168,16,"{""atom_single"": [4096, 5120, 6144, 7168]}"
cond_transition_fwd_b2b_triton,sm86,bfloat16,shape_key=2305851807455249257,conditioned_transition,atom_single,8192,4,"{""atom_single"": [8192]}"
cond_transition_fwd_b2b_triton,sm86,bfloat16,shape_key=288239174393267049,conditioned_transition,atom_single,1024,4,"{""atom_single"": [1024]}"
cond_transition_fwd_b2b_triton,sm86,bfloat16,shape_key=576469550544978793,conditioned_transition,atom_single,2048|3072,8,"{""atom_single"": [2048, 3072]}"
cond_transition_fwd_b2b_triton,sm86,float32,shape_key=1152930302848402281,conditioned_transition,atom_single,4096|5120|6144|7168,16,"{""atom_single"": [4096, 5120, 6144, 7168]}"
cond_transition_fwd_b2b_triton,sm86,float32,shape_key=2305851807455249257,conditioned_transition,atom_single,8192,4,"{""atom_single"": [8192]}"
cond_transition_fwd_b2b_triton,sm86,float32,shape_key=288239174393267049,conditioned_transition,atom_single,1024,4,"{""atom_single"": [1024]}"
cond_transition_fwd_b2b_triton,sm86,float32,shape_key=576469550544978793,conditioned_transition,atom_single,2048|3072,8,"{""atom_single"": [2048, 3072]}"
cond_transition_squeeze_gate_triton,sm86,bfloat16,shape_key=17598634788545,conditioned_transition,token_single,256,4,"{""token_single"": [256]}"
cond_transition_squeeze_gate_triton,sm86,bfloat16,shape_key=17605077239489,conditioned_transition,token_single,256,4,"{""token_single"": [256]}"
cond_transition_squeeze_gate_triton,sm86,bfloat16,shape_key=26394727810753,conditioned_transition,token_single,384,4,"{""token_single"": [384]}"
cond_transition_squeeze_gate_triton,sm86,bfloat16,shape_key=26401170261697,conditioned_transition,token_single,384,4,"{""token_single"": [384]}"
cond_transition_squeeze_gate_triton,sm86,bfloat16,shape_key=35190820832961,conditioned_transition,token_single,512,4,"{""token_single"": [512]}"
cond_transition_squeeze_gate_triton,sm86,bfloat16,shape_key=35197263283905,conditioned_transition,token_single,512,4,"{""token_single"": [512]}"
cond_transition_squeeze_gate_triton,sm86,bfloat16,shape_key=43986913855169,conditioned_transition,token_single,640,4,"{""token_single"": [640]}"
cond_transition_squeeze_gate_triton,sm86,bfloat16,shape_key=43993356306113,conditioned_transition,token_single,640,4,"{""token_single"": [640]}"
cond_transition_squeeze_gate_triton,sm86,bfloat16,shape_key=52783006877377,conditioned_transition,token_single,768,4,"{""token_single"": [768]}"
cond_transition_squeeze_gate_triton,sm86,bfloat16,shape_key=52789449328321,conditioned_transition,token_single,768,4,"{""token_single"": [768]}"
cond_transition_squeeze_gate_triton,sm86,bfloat16,shape_key=8802541766337,conditioned_transition,token_single,128,4,"{""token_single"": [128]}"
cond_transition_squeeze_gate_triton,sm86,bfloat16,shape_key=8808984217281,conditioned_transition,token_single,128,4,"{""token_single"": [128]}"
cond_transition_squeeze_gate_triton,sm86,float32,shape_key=17598634788545,conditioned_transition,token_single,256,4,"{""token_single"": [256]}"
cond_transition_squeeze_gate_triton,sm86,float32,shape_key=17605077239489,conditioned_transition,token_single,256,4,"{""token_single"": [256]}"
cond_transition_squeeze_gate_triton,sm86,float32,shape_key=26394727810753,conditioned_transition,token_single,384,4,"{""token_single"": [384]}"
cond_transition_squeeze_gate_triton,sm86,float32,shape_key=26401170261697,conditioned_transition,token_single,384,4,"{""token_single"": [384]}"
cond_transition_squeeze_gate_triton,sm86,float32,shape_key=35190820832961,conditioned_transition,token_single,512,4,"{""token_single"": [512]}"
cond_transition_squeeze_gate_triton,sm86,float32,shape_key=35197263283905,conditioned_transition,token_single,512,4,"{""token_single"": [512]}"
cond_transition_squeeze_gate_triton,sm86,float32,shape_key=43986913855169,conditioned_transition,token_single,640,4,"{""token_single"": [640]}"
cond_transition_squeeze_gate_triton,sm86,float32,shape_key=43993356306113,conditioned_transition,token_single,640,4,"{""token_single"": [640]}"
cond_transition_squeeze_gate_triton,sm86,float32,shape_key=52783006877377,conditioned_transition,token_single,768,4,"{""token_single"": [768]}"
cond_transition_squeeze_gate_triton,sm86,float32,shape_key=52789449328321,conditioned_transition,token_single,768,4,"{""token_single"": [768]}"
cond_transition_squeeze_gate_triton,sm86,float32,shape_key=8802541766337,conditioned_transition,token_single,128,4,"{""token_single"": [128]}"
cond_transition_squeeze_gate_triton,sm86,float32,shape_key=8808984217281,conditioned_transition,token_single,128,4,"{""token_single"": [128]}"
cond_transition_swiglu_triton,sm86,bfloat16,shape_key=10743711229,conditioned_transition,token_single,640,30,"{""token_single"": [640]}"
cond_transition_swiglu_triton,sm86,bfloat16,shape_key=12891194877,conditioned_transition,token_single,768,30,"{""token_single"": [768]}"
cond_transition_swiglu_triton,sm86,bfloat16,shape_key=2153776637,conditioned_transition,token_single,128,30,"{""token_single"": [128]}"
cond_transition_swiglu_triton,sm86,bfloat16,shape_key=4301260285,conditioned_transition,token_single,256,30,"{""token_single"": [256]}"
cond_transition_swiglu_triton,sm86,bfloat16,shape_key=6448743933,conditioned_transition,token_single,384,30,"{""token_single"": [384]}"
cond_transition_swiglu_triton,sm86,bfloat16,shape_key=8596227581,conditioned_transition,token_single,512,30,"{""token_single"": [512]}"
cond_transition_swiglu_triton,sm86,float32,shape_key=10743711229,conditioned_transition,token_single,640,30,"{""token_single"": [640]}"
cond_transition_swiglu_triton,sm86,float32,shape_key=12891194877,conditioned_transition,token_single,768,30,"{""token_single"": [768]}"
cond_transition_swiglu_triton,sm86,float32,shape_key=2153776637,conditioned_transition,token_single,128,30,"{""token_single"": [128]}"
cond_transition_swiglu_triton,sm86,float32,shape_key=4301260285,conditioned_transition,token_single,256,30,"{""token_single"": [256]}"
cond_transition_swiglu_triton,sm86,float32,shape_key=6448743933,conditioned_transition,token_single,384,30,"{""token_single"": [384]}"
cond_transition_swiglu_triton,sm86,float32,shape_key=8596227581,conditioned_transition,token_single,512,30,"{""token_single"": [512]}"
gated_projection_bwd_dx_triton,sm86,bfloat16,shape_key=17593260051255,gated_linear,msa_token|token_pair,256,4,"{""msa_token"": [256], ""token_pair"": [256]}"
gated_projection_bwd_dx_triton,sm86,bfloat16,shape_key=17593260313399,gated_linear,msa_token,256,2,"{""msa_token"": [256]}"
gated_projection_bwd_dx_triton,sm86,bfloat16,shape_key=17594333793079,gated_linear,token_pair,256,2,"{""token_pair"": [256]}"
gated_projection_bwd_dx_triton,sm86,bfloat16,shape_key=17594334055223,gated_linear,msa_token|token_pair,256,4,"{""msa_token"": [256], ""token_pair"": [256]}"
gated_projection_bwd_dx_triton,sm86,bfloat16,shape_key=17596481538871,triangle_attention_bidirectional,token_pair,256,12,"{""token_pair"": [256]}"
gated_projection_bwd_dx_triton,sm86,bfloat16,shape_key=17596482063159,gated_linear,token_pair,256,1,"{""token_pair"": [256]}"
gated_projection_bwd_dx_triton,sm86,bfloat16,shape_key=17598630071095,gated_linear,token_pair|token_single,256,2,"{""token_pair"": [256], ""token_single"": [256]}"
gated_projection_bwd_dx_triton,sm86,bfloat16,shape_key=17605074094903,gated_linear,token_single,256,1,"{""token_single"": [256]}"
gated_projection_bwd_dx_triton,sm86,bfloat16,shape_key=26389353073463,gated_linear|triangle_attention_checkpoint,msa_token|token_pair,384,16,"{""msa_token"": [384], ""token_pair"": [384]}"
gated_projection_bwd_dx_triton,sm86,bfloat16,shape_key=26389353335607,gated_linear,msa_token,384,2,"{""msa_token"": [384]}"
gated_projection_bwd_dx_triton,sm86,bfloat16,shape_key=26390426815287,gated_linear|triangle_attention_checkpoint,token_pair,384,8,"{""token_pair"": [384]}"
gated_projection_bwd_dx_triton,sm86,bfloat16,shape_key=26390427077431,gated_linear|pairformer_block|triangle_attention_heads,msa_token|token_pair,384,64,"{""msa_token"": [384], ""token_pair"": [384]}"
gated_projection_bwd_dx_triton,sm86,bfloat16,shape_key=26392574561079,triangle_attention_bidirectional,token_pair,384,12,"{""token_pair"": [384]}"
gated_projection_bwd_dx_triton,sm86,bfloat16,shape_key=26392575085367,gated_linear|triangle_attention_checkpoint,token_pair,384,2,"{""token_pair"": [384]}"
gated_projection_bwd_dx_triton,sm86,bfloat16,shape_key=26394723093303,gated_linear|triangle_attention_checkpoint,token_pair|token_single,384,3,"{""token_pair"": [384], ""token_single"": [384]}"
gated_projection_bwd_dx_triton,sm86,bfloat16,shape_key=26401167117111,gated_linear,token_single,384,1,"{""token_single"": [384]}"
gated_projection_bwd_dx_triton,sm86,bfloat16,shape_key=35185446095671,gated_linear|triangle_attention_checkpoint,msa_token|token_pair,512,16,"{""msa_token"": [512], ""token_pair"": [512]}"
gated_projection_bwd_dx_triton,sm86,bfloat16,shape_key=35185446357815,gated_linear,msa_token,512,2,"{""msa_token"": [512]}"
gated_projection_bwd_dx_triton,sm86,bfloat16,shape_key=35186519837495,gated_linear|triangle_attention_checkpoint,token_pair,512,8,"{""token_pair"": [512]}"
gated_projection_bwd_dx_triton,sm86,bfloat16,shape_key=35186520099639,gated_linear|pairformer_block|triangle_attention_heads,msa_token|token_pair,512,64,"{""msa_token"": [512], ""token_pair"": [512]}"
gated_projection_bwd_dx_triton,sm86,bfloat16,shape_key=35188667583287,triangle_attention_bidirectional,token_pair,512,12,"{""token_pair"": [512]}"
gated_projection_bwd_dx_triton,sm86,bfloat16,shape_key=35188668107575,gated_linear|triangle_attention_checkpoint,token_pair,512,2,"{""token_pair"": [512]}"
gated_projection_bwd_dx_triton,sm86,bfloat16,shape_key=35190816115511,gated_linear|triangle_attention_checkpoint,token_pair|token_single,512,3,"{""token_pair"": [512], ""token_single"": [512]}"
gated_projection_bwd_dx_triton,sm86,bfloat16,shape_key=35197260139319,gated_linear,token_single,512,1,"{""token_single"": [512]}"
gated_projection_bwd_dx_triton,sm86,bfloat16,shape_key=43981539117879,gated_linear|triangle_attention_checkpoint,msa_token|token_pair,640,16,"{""msa_token"": [640], ""token_pair"": [640]}"
gated_projection_bwd_dx_triton,sm86,bfloat16,shape_key=43981539380023,gated_linear,msa_token,640,2,"{""msa_token"": [640]}"
gated_projection_bwd_dx_triton,sm86,bfloat16,shape_key=43982612859703,gated_linear|triangle_attention_checkpoint,token_pair,640,8,"{""token_pair"": [640]}"
gated_projection_bwd_dx_triton,sm86,bfloat16,shape_key=43982613121847,gated_linear|pairformer_block|triangle_attention_heads,msa_token|token_pair,640,64,"{""msa_token"": [640], ""token_pair"": [640]}"
gated_projection_bwd_dx_triton,sm86,bfloat16,shape_key=43984760605495,triangle_attention_bidirectional,token_pair,640,12,"{""token_pair"": [640]}"
gated_projection_bwd_dx_triton,sm86,bfloat16,shape_key=43984761129783,gated_linear|triangle_attention_checkpoint,token_pair,640,2,"{""token_pair"": [640]}"
gated_projection_bwd_dx_triton,sm86,bfloat16,shape_key=43986909137719,gated_linear|triangle_attention_checkpoint,token_pair|token_single,640,3,"{""token_pair"": [640], ""token_single"": [640]}"
gated_projection_bwd_dx_triton,sm86,bfloat16,shape_key=43993353161527,gated_linear,token_single,640,1,"{""token_single"": [640]}"
gated_projection_bwd_dx_triton,sm86,bfloat16,shape_key=52777632140087,gated_linear|triangle_attention_checkpoint,msa_token|token_pair,768,16,"{""msa_token"": [768], ""token_pair"": [768]}"
gated_projection_bwd_dx_triton,sm86,bfloat16,shape_key=52777632402231,gated_linear,msa_token,768,2,"{""msa_token"": [768]}"
gated_projection_bwd_dx_triton,sm86,bfloat16,shape_key=52778705881911,gated_linear|triangle_attention_checkpoint,token_pair,768,8,"{""token_pair"": [768]}"
gated_projection_bwd_dx_triton,sm86,bfloat16,shape_key=52778706144055,gated_linear|pairformer_block|triangle_attention_heads,atom_single|msa_token|token_pair,768|1024|2048|3072|4096|5120|6144|7168|8192,80,"{""atom_single"": [1024, 2048, 3072, 4096, 5120, 6144, 7168, 8192], ""msa_token"": [768], ""token_pair"": [768]}"
gated_projection_bwd_dx_triton,sm86,bfloat16,shape_key=52780853627703,triangle_attention_bidirectional,token_pair,768,12,"{""token_pair"": [768]}"
gated_projection_bwd_dx_triton,sm86,bfloat16,shape_key=52780854151991,gated_linear|triangle_attention_checkpoint,token_pair,768,2,"{""token_pair"": [768]}"
gated_projection_bwd_dx_triton,sm86,bfloat16,shape_key=52783002159927,gated_linear|triangle_attention_checkpoint,token_pair|token_single,768,3,"{""token_pair"": [768], ""token_single"": [768]}"
gated_projection_bwd_dx_triton,sm86,bfloat16,shape_key=52789446183735,gated_linear,token_single,768,1,"{""token_single"": [768]}"
gated_projection_bwd_dx_triton,sm86,bfloat16,shape_key=8797167029047,gated_linear,msa_token|token_pair,128,4,"{""msa_token"": [128], ""token_pair"": [128]}"
gated_projection_bwd_dx_triton,sm86,bfloat16,shape_key=8797167291191,gated_linear,msa_token,128,2,"{""msa_token"": [128]}"
gated_projection_bwd_dx_triton,sm86,bfloat16,shape_key=8798240770871,gated_linear,token_pair,128,2,"{""token_pair"": [128]}"
gated_projection_bwd_dx_triton,sm86,bfloat16,shape_key=8798241033015,gated_linear,msa_token|token_pair,128,4,"{""msa_token"": [128], ""token_pair"": [128]}"
gated_projection_bwd_dx_triton,sm86,bfloat16,shape_key=8800388516663,triangle_attention_bidirectional,token_pair,128,12,"{""token_pair"": [128]}"
gated_projection_bwd_dx_triton,sm86,bfloat16,shape_key=8800389040951,gated_linear,token_pair,128,1,"{""token_pair"": [128]}"
gated_projection_bwd_dx_triton,sm86,bfloat16,shape_key=8802537048887,gated_linear,token_pair|token_single,128,2,"{""token_pair"": [128], ""token_single"": [128]}"
gated_projection_bwd_dx_triton,sm86,bfloat16,shape_key=8808981072695,gated_linear,token_single,128,1,"{""token_single"": [128]}"
gated_projection_bwd_gate_dropres_triton,sm86,bfloat16,"FROM_PREACT=0,shape_key=10737681178",triangle_multiplication,token_pair,640,26,"{""token_pair"": [640]}"
gated_projection_bwd_gate_dropres_triton,sm86,bfloat16,"FROM_PREACT=0,shape_key=10737943322",pairformer_block|triangle_multiplication|triangle_multiplication_bidirectional,token_pair,640,89,"{""token_pair"": [640]}"
gated_projection_bwd_gate_dropres_triton,sm86,bfloat16,"FROM_PREACT=0,shape_key=10738467610",triangle_multiplication,token_pair,640,26,"{""token_pair"": [640]}"
gated_projection_bwd_gate_dropres_triton,sm86,bfloat16,"FROM_PREACT=0,shape_key=10738991898",triangle_multiplication,token_pair,640,26,"{""token_pair"": [640]}"
gated_projection_bwd_gate_dropres_triton,sm86,bfloat16,"FROM_PREACT=0,shape_key=12885164826",triangle_multiplication,token_pair,768,26,"{""token_pair"": [768]}"
gated_projection_bwd_gate_dropres_triton,sm86,bfloat16,"FROM_PREACT=0,shape_key=12885426970",pairformer_block|triangle_multiplication|triangle_multiplication_bidirectional,token_pair,768,89,"{""token_pair"": [768]}"
gated_projection_bwd_gate_dropres_triton,sm86,bfloat16,"FROM_PREACT=0,shape_key=12885951258",triangle_multiplication,token_pair,768,26,"{""token_pair"": [768]}"
gated_projection_bwd_gate_dropres_triton,sm86,bfloat16,"FROM_PREACT=0,shape_key=12886475546",triangle_multiplication,token_pair,768,26,"{""token_pair"": [768]}"
gated_projection_bwd_gate_dropres_triton,sm86,bfloat16,"FROM_PREACT=0,shape_key=2147746586",triangle_multiplication,token_pair,128,26,"{""token_pair"": [128]}"
gated_projection_bwd_gate_dropres_triton,sm86,bfloat16,"FROM_PREACT=0,shape_key=2148008730",pairformer_block|triangle_multiplication|triangle_multiplication_bidirectional,token_pair,128,89,"{""token_pair"": [128]}"
gated_projection_bwd_gate_dropres_triton,sm86,bfloat16,"FROM_PREACT=0,shape_key=2148533018",triangle_multiplication,token_pair,128,26,"{""token_pair"": [128]}"
gated_projection_bwd_gate_dropres_triton,sm86,bfloat16,"FROM_PREACT=0,shape_key=2149057306",triangle_multiplication,token_pair,128,26,"{""token_pair"": [128]}"
gated_projection_bwd_gate_dropres_triton,sm86,bfloat16,"FROM_PREACT=0,shape_key=4295230234",triangle_multiplication,token_pair,256,26,"{""token_pair"": [256]}"
gated_projection_bwd_gate_dropres_triton,sm86,bfloat16,"FROM_PREACT=0,shape_key=4295492378",pairformer_block|triangle_multiplication|triangle_multiplication_bidirectional,token_pair,256,89,"{""token_pair"": [256]}"
gated_projection_bwd_gate_dropres_triton,sm86,bfloat16,"FROM_PREACT=0,shape_key=4296016666",triangle_multiplication,token_pair,256,26,"{""token_pair"": [256]}"
gated_projection_bwd_gate_dropres_triton,sm86,bfloat16,"FROM_PREACT=0,shape_key=4296540954",triangle_multiplication,token_pair,256,26,"{""token_pair"": [256]}"
gated_projection_bwd_gate_dropres_triton,sm86,bfloat16,"FROM_PREACT=0,shape_key=6442713882",triangle_multiplication,token_pair,384,26,"{""token_pair"": [384]}"
gated_projection_bwd_gate_dropres_triton,sm86,bfloat16,"FROM_PREACT=0,shape_key=6442976026",pairformer_block|triangle_multiplication|triangle_multiplication_bidirectional,token_pair,384,89,"{""token_pair"": [384]}"
gated_projection_bwd_gate_dropres_triton,sm86,bfloat16,"FROM_PREACT=0,shape_key=6443500314",triangle_multiplication,token_pair,384,26,"{""token_pair"": [384]}"
gated_projection_bwd_gate_dropres_triton,sm86,bfloat16,"FROM_PREACT=0,shape_key=6444024602",triangle_multiplication,token_pair,384,26,"{""token_pair"": [384]}"
gated_projection_bwd_gate_dropres_triton,sm86,bfloat16,"FROM_PREACT=0,shape_key=8590197530",triangle_multiplication,token_pair,512,26,"{""token_pair"": [512]}"
gated_projection_bwd_gate_dropres_triton,sm86,bfloat16,"FROM_PREACT=0,shape_key=8590459674",pairformer_block|triangle_multiplication|triangle_multiplication_bidirectional,token_pair,512,89,"{""token_pair"": [512]}"
gated_projection_bwd_gate_dropres_triton,sm86,bfloat16,"FROM_PREACT=0,shape_key=8590983962",triangle_multiplication,token_pair,512,26,"{""token_pair"": [512]}"
gated_projection_bwd_gate_dropres_triton,sm86,bfloat16,"FROM_PREACT=0,shape_key=8591508250",triangle_multiplication,token_pair,512,26,"{""token_pair"": [512]}"
gated_projection_bwd_gate_flat_triton,sm86,bfloat16,shape_key=1024,gated_linear,msa_token,128,3,"{""msa_token"": [128]}"
gated_projection_bwd_gate_flat_triton,sm86,bfloat16,shape_key=128,gated_linear,token_single,128,2,"{""token_single"": [128]}"
gated_projection_bwd_gate_flat_triton,sm86,bfloat16,shape_key=147456,conditioned_transition|gated_linear|pairformer_block|swa_atom_attention|triangle_attention_bidirectional|triangle_attention_checkpoint|triangle_attention_heads,atom_single|token_pair,384|3072|4096|5120,79,"{""atom_single"": [3072, 4096, 5120], ""token_pair"": [384]}"
gated_projection_bwd_gate_flat_triton,sm86,bfloat16,shape_key=16384,conditioned_transition|gated_linear|swa_atom_attention|triangle_attention_bidirectional,atom_single|token_pair|token_single,128|384|512|640|768|1024,154,"{""atom_single"": [1024], ""token_pair"": [128], ""token_single"": [384, 512, 640, 768]}"
gated_projection_bwd_gate_flat_triton,sm86,bfloat16,shape_key=2048,gated_linear,msa_token,256|384,6,"{""msa_token"": [256, 384]}"
gated_projection_bwd_gate_flat_triton,sm86,bfloat16,shape_key=256,gated_linear,token_single,256,2,"{""token_single"": [256]}"
gated_projection_bwd_gate_flat_triton,sm86,bfloat16,shape_key=262144,conditioned_transition|gated_linear|pairformer_block|swa_atom_attention|triangle_attention_bidirectional|triangle_attention_checkpoint|triangle_attention_heads,atom_single|token_pair,512|6144|7168|8192,79,"{""atom_single"": [6144, 7168, 8192], ""token_pair"": [512]}"
gated_projection_bwd_gate_flat_triton,sm86,bfloat16,shape_key=384,gated_linear,token_single,384,2,"{""token_single"": [384]}"
gated_projection_bwd_gate_flat_triton,sm86,bfloat16,shape_key=4096,conditioned_transition|gated_linear,msa_token|token_single,128|512|640|768,41,"{""msa_token"": [512, 640, 768], ""token_single"": [128]}"
gated_projection_bwd_gate_flat_triton,sm86,bfloat16,shape_key=409600,gated_linear|pairformer_block|triangle_attention_bidirectional|triangle_attention_checkpoint|triangle_attention_heads,token_pair,640,28,"{""token_pair"": [640]}"
gated_projection_bwd_gate_flat_triton,sm86,bfloat16,shape_key=512,gated_linear,token_single,512,2,"{""token_single"": [512]}"
gated_projection_bwd_gate_flat_triton,sm86,bfloat16,shape_key=589824,gated_linear|pairformer_block|triangle_attention_bidirectional|triangle_attention_checkpoint|triangle_attention_heads,token_pair,768,28,"{""token_pair"": [768]}"
gated_projection_bwd_gate_flat_triton,sm86,bfloat16,shape_key=640,gated_linear,token_single,640,2,"{""token_single"": [640]}"
gated_projection_bwd_gate_flat_triton,sm86,bfloat16,shape_key=65536,conditioned_transition|gated_linear|swa_atom_attention|triangle_attention_bidirectional,atom_single|token_pair,256|2048,26,"{""atom_single"": [2048], ""token_pair"": [256]}"
gated_projection_bwd_gate_flat_triton,sm86,bfloat16,shape_key=768,gated_linear,token_single,768,2,"{""token_single"": [768]}"
gated_projection_bwd_gate_flat_triton,sm86,bfloat16,shape_key=8192,conditioned_transition|gated_linear,token_single,256,32,"{""token_single"": [256]}"
gated_projection_bwd_gate_flat_triton,sm86,float32,shape_key=147456,conditioned_transition,atom_single,3072|4096|5120,45,"{""atom_single"": [3072, 4096, 5120]}"
gated_projection_bwd_gate_flat_triton,sm86,float32,shape_key=16384,conditioned_transition,atom_single|token_single,384|512|640|768|1024,135,"{""atom_single"": [1024], ""token_single"": [384, 512, 640, 768]}"
gated_projection_bwd_gate_flat_triton,sm86,float32,shape_key=262144,conditioned_transition,atom_single,6144|7168|8192,45,"{""atom_single"": [6144, 7168, 8192]}"
gated_projection_bwd_gate_flat_triton,sm86,float32,shape_key=4096,conditioned_transition,token_single,128,30,"{""token_single"": [128]}"
gated_projection_bwd_gate_flat_triton,sm86,float32,shape_key=65536,conditioned_transition,atom_single,2048,15,"{""atom_single"": [2048]}"
gated_projection_bwd_gate_flat_triton,sm86,float32,shape_key=8192,conditioned_transition,token_single,256,30,"{""token_single"": [256]}"
gated_projection_gate_dropres_triton,sm86,bfloat16,shape_key=10737681178,triangle_multiplication,token_pair,640,26,"{""token_pair"": [640]}"
gated_projection_gate_dropres_triton,sm86,bfloat16,shape_key=10737943322,pairformer_block|triangle_multiplication,token_pair,640,76,"{""token_pair"": [640]}"
gated_projection_gate_dropres_triton,sm86,bfloat16,shape_key=10738467610,triangle_multiplication,token_pair,640,26,"{""token_pair"": [640]}"
gated_projection_gate_dropres_triton,sm86,bfloat16,shape_key=10738991898,triangle_multiplication,token_pair,640,26,"{""token_pair"": [640]}"
gated_projection_gate_dropres_triton,sm86,bfloat16,shape_key=12885164826,triangle_multiplication,token_pair,768,26,"{""token_pair"": [768]}"
gated_projection_gate_dropres_triton,sm86,bfloat16,shape_key=12885426970,pairformer_block|triangle_multiplication,token_pair,768,76,"{""token_pair"": [768]}"
gated_projection_gate_dropres_triton,sm86,bfloat16,shape_key=12885951258,triangle_multiplication,token_pair,768,26,"{""token_pair"": [768]}"
gated_projection_gate_dropres_triton,sm86,bfloat16,shape_key=12886475546,triangle_multiplication,token_pair,768,26,"{""token_pair"": [768]}"
gated_projection_gate_dropres_triton,sm86,bfloat16,shape_key=2147746586,triangle_multiplication,token_pair,128,26,"{""token_pair"": [128]}"
gated_projection_gate_dropres_triton,sm86,bfloat16,shape_key=2148008730,pairformer_block|triangle_multiplication,token_pair,128,76,"{""token_pair"": [128]}"
gated_projection_gate_dropres_triton,sm86,bfloat16,shape_key=2148533018,triangle_multiplication,token_pair,128,26,"{""token_pair"": [128]}"
gated_projection_gate_dropres_triton,sm86,bfloat16,shape_key=2149057306,triangle_multiplication,token_pair,128,26,"{""token_pair"": [128]}"
gated_projection_gate_dropres_triton,sm86,bfloat16,shape_key=4295230234,triangle_multiplication,token_pair,256,26,"{""token_pair"": [256]}"
gated_projection_gate_dropres_triton,sm86,bfloat16,shape_key=4295492378,pairformer_block|triangle_multiplication,token_pair,256,76,"{""token_pair"": [256]}"
gated_projection_gate_dropres_triton,sm86,bfloat16,shape_key=4296016666,triangle_multiplication,token_pair,256,26,"{""token_pair"": [256]}"
gated_projection_gate_dropres_triton,sm86,bfloat16,shape_key=4296540954,triangle_multiplication,token_pair,256,26,"{""token_pair"": [256]}"
gated_projection_gate_dropres_triton,sm86,bfloat16,shape_key=6442713882,triangle_multiplication,token_pair,384,26,"{""token_pair"": [384]}"
gated_projection_gate_dropres_triton,sm86,bfloat16,shape_key=6442976026,pairformer_block|triangle_multiplication,token_pair,384,76,"{""token_pair"": [384]}"
gated_projection_gate_dropres_triton,sm86,bfloat16,shape_key=6443500314,triangle_multiplication,token_pair,384,26,"{""token_pair"": [384]}"
gated_projection_gate_dropres_triton,sm86,bfloat16,shape_key=6444024602,triangle_multiplication,token_pair,384,26,"{""token_pair"": [384]}"
gated_projection_gate_dropres_triton,sm86,bfloat16,shape_key=8590197530,triangle_multiplication,token_pair,512,26,"{""token_pair"": [512]}"
gated_projection_gate_dropres_triton,sm86,bfloat16,shape_key=8590459674,pairformer_block|triangle_multiplication,token_pair,512,76,"{""token_pair"": [512]}"
gated_projection_gate_dropres_triton,sm86,bfloat16,shape_key=8590983962,triangle_multiplication,token_pair,512,26,"{""token_pair"": [512]}"
gated_projection_gate_dropres_triton,sm86,bfloat16,shape_key=8591508250,triangle_multiplication,token_pair,512,26,"{""token_pair"": [512]}"
gated_projection_gate_flat_triton,sm86,bfloat16,shape_key=1024,gated_linear,msa_token|token_single,128|256|384,10,"{""msa_token"": [128], ""token_single"": [256, 384]}"
gated_projection_gate_flat_triton,sm86,bfloat16,shape_key=128,gated_linear,token_single,128,4,"{""token_single"": [128]}"
gated_projection_gate_flat_triton,sm86,bfloat16,shape_key=147456,gated_linear|pairformer_block|swa_atom_attention|triangle_attention_bidirectional|triangle_attention_checkpoint|triangle_attention_heads,atom_single|token_pair,384|3072|4096|5120,58,"{""atom_single"": [3072, 4096, 5120], ""token_pair"": [384]}"
gated_projection_gate_flat_triton,sm86,bfloat16,shape_key=16384,conditioned_transition|gated_linear|swa_atom_attention|triangle_attention_bidirectional,atom_single|token_pair|token_single,128|384|512|640|768|1024|4096|5120|6144|7168|8192,153,"{""atom_single"": [1024, 4096, 5120, 6144, 7168, 8192], ""token_pair"": [128], ""token_single"": [384, 512, 640, 768]}"
gated_projection_gate_flat_triton,sm86,bfloat16,shape_key=2048,gated_linear,msa_token|token_single,256|384|512|640|768,18,"{""msa_token"": [256, 384], ""token_single"": [512, 640, 768]}"
gated_projection_gate_flat_triton,sm86,bfloat16,shape_key=256,gated_linear,token_single,256,4,"{""token_single"": [256]}"
gated_projection_gate_flat_triton,sm86,bfloat16,shape_key=262144,gated_linear|pairformer_block|swa_atom_attention|triangle_attention_bidirectional|triangle_attention_checkpoint|triangle_attention_heads,atom_single|token_pair,512|6144|7168|8192,58,"{""atom_single"": [6144, 7168, 8192], ""token_pair"": [512]}"
gated_projection_gate_flat_triton,sm86,bfloat16,shape_key=384,gated_linear,token_single,384,4,"{""token_single"": [384]}"
gated_projection_gate_flat_triton,sm86,bfloat16,shape_key=4096,conditioned_transition|gated_linear,atom_single|msa_token|token_single,128|512|640|768|1024,51,"{""atom_single"": [1024], ""msa_token"": [512, 640, 768], ""token_single"": [128]}"
gated_projection_gate_flat_triton,sm86,bfloat16,shape_key=409600,gated_linear|pairformer_block|triangle_attention_bidirectional|triangle_attention_checkpoint|triangle_attention_heads,token_pair,640,52,"{""token_pair"": [640]}"
gated_projection_gate_flat_triton,sm86,bfloat16,shape_key=512,gated_linear,token_single,512,4,"{""token_single"": [512]}"
gated_projection_gate_flat_triton,sm86,bfloat16,shape_key=589824,gated_linear|pairformer_block|triangle_attention_bidirectional|triangle_attention_checkpoint|triangle_attention_heads,token_pair,768,52,"{""token_pair"": [768]}"
gated_projection_gate_flat_triton,sm86,bfloat16,shape_key=640,gated_linear,token_single,128|640,6,"{""token_single"": [128, 640]}"
gated_projection_gate_flat_triton,sm86,bfloat16,shape_key=65536,gated_linear|swa_atom_attention|triangle_attention_bidirectional,atom_single|token_pair,256|2048,20,"{""atom_single"": [2048], ""token_pair"": [256]}"
gated_projection_gate_flat_triton,sm86,bfloat16,shape_key=768,gated_linear,token_single,768,4,"{""token_single"": [768]}"
gated_projection_gate_flat_triton,sm86,bfloat16,shape_key=8192,conditioned_transition|gated_linear,atom_single|token_single,256|2048|3072,34,"{""atom_single"": [2048, 3072], ""token_single"": [256]}"
gated_projection_gate_flat_triton,sm86,float32,shape_key=16384,conditioned_transition,token_single,384|512|640|768,120,"{""token_single"": [384, 512, 640, 768]}"
gated_projection_gate_flat_triton,sm86,float32,shape_key=4096,conditioned_transition,token_single,128,30,"{""token_single"": [128]}"
gated_projection_gate_flat_triton,sm86,float32,shape_key=8192,conditioned_transition,token_single,256,30,"{""token_single"": [256]}"
gated_projection_gate_gemm_triton,sm86,bfloat16,shape_key=17593260051255,gated_linear,msa_token|token_pair,256,8,"{""msa_token"": [256], ""token_pair"": [256]}"
gated_projection_gate_gemm_triton,sm86,bfloat16,shape_key=17593260313399,gated_linear,msa_token,256,4,"{""msa_token"": [256]}"
gated_projection_gate_gemm_triton,sm86,bfloat16,shape_key=17594333793079,gated_linear,token_pair,256,4,"{""token_pair"": [256]}"
gated_projection_gate_gemm_triton,sm86,bfloat16,shape_key=17594334055223,gated_linear,msa_token|token_pair,256,8,"{""msa_token"": [256], ""token_pair"": [256]}"
gated_projection_gate_gemm_triton,sm86,bfloat16,shape_key=17596481538871,triangle_attention_bidirectional,token_pair,256,20,"{""token_pair"": [256]}"
gated_projection_gate_gemm_triton,sm86,bfloat16,shape_key=17596482063159,gated_linear,token_pair,256,2,"{""token_pair"": [256]}"
gated_projection_gate_gemm_triton,sm86,bfloat16,shape_key=17598630071095,gated_linear,token_pair|token_single,256,4,"{""token_pair"": [256], ""token_single"": [256]}"
gated_projection_gate_gemm_triton,sm86,bfloat16,shape_key=17605074094903,gated_linear,token_single,256,2,"{""token_single"": [256]}"
gated_projection_gate_gemm_triton,sm86,bfloat16,shape_key=26389353073463,gated_linear|triangle_attention_checkpoint,msa_token|token_pair,384,28,"{""msa_token"": [384], ""token_pair"": [384]}"
gated_projection_gate_gemm_triton,sm86,bfloat16,shape_key=26389353335607,gated_linear,msa_token,384,4,"{""msa_token"": [384]}"
gated_projection_gate_gemm_triton,sm86,bfloat16,shape_key=26390426815287,gated_linear|triangle_attention_checkpoint,token_pair,384,14,"{""token_pair"": [384]}"
gated_projection_gate_gemm_triton,sm86,bfloat16,shape_key=26390427077431,gated_linear|pairformer_block|triangle_attention_heads,msa_token|token_pair,384,98,"{""msa_token"": [384], ""token_pair"": [384]}"
gated_projection_gate_gemm_triton,sm86,bfloat16,shape_key=26392574561079,triangle_attention_bidirectional,token_pair,384,20,"{""token_pair"": [384]}"
gated_projection_gate_gemm_triton,sm86,bfloat16,shape_key=26392575085367,gated_linear|triangle_attention_checkpoint,token_pair,384,4,"{""token_pair"": [384]}"
gated_projection_gate_gemm_triton,sm86,bfloat16,shape_key=26394723093303,gated_linear|triangle_attention_checkpoint,token_pair|token_single,384,6,"{""token_pair"": [384], ""token_single"": [384]}"
gated_projection_gate_gemm_triton,sm86,bfloat16,shape_key=26401167117111,gated_linear,token_single,384,2,"{""token_single"": [384]}"
gated_projection_gate_gemm_triton,sm86,bfloat16,shape_key=35185446095671,gated_linear|triangle_attention_checkpoint,msa_token|token_pair,512,28,"{""msa_token"": [512], ""token_pair"": [512]}"
gated_projection_gate_gemm_triton,sm86,bfloat16,shape_key=35185446357815,gated_linear,msa_token,512,4,"{""msa_token"": [512]}"
gated_projection_gate_gemm_triton,sm86,bfloat16,shape_key=35186519837495,gated_linear|triangle_attention_checkpoint,token_pair,512,14,"{""token_pair"": [512]}"
gated_projection_gate_gemm_triton,sm86,bfloat16,shape_key=35186520099639,gated_linear|pairformer_block|triangle_attention_heads,msa_token|token_pair,512,98,"{""msa_token"": [512], ""token_pair"": [512]}"
gated_projection_gate_gemm_triton,sm86,bfloat16,shape_key=35188667583287,triangle_attention_bidirectional,token_pair,512,20,"{""token_pair"": [512]}"
gated_projection_gate_gemm_triton,sm86,bfloat16,shape_key=35188668107575,gated_linear|triangle_attention_checkpoint,token_pair,512,4,"{""token_pair"": [512]}"
gated_projection_gate_gemm_triton,sm86,bfloat16,shape_key=35190816115511,gated_linear|triangle_attention_checkpoint,token_pair|token_single,512,6,"{""token_pair"": [512], ""token_single"": [512]}"
gated_projection_gate_gemm_triton,sm86,bfloat16,shape_key=35197260139319,gated_linear,token_single,512,2,"{""token_single"": [512]}"
gated_projection_gate_gemm_triton,sm86,bfloat16,shape_key=43981539117879,gated_linear|triangle_attention_checkpoint,msa_token|token_pair,640,28,"{""msa_token"": [640], ""token_pair"": [640]}"
gated_projection_gate_gemm_triton,sm86,bfloat16,shape_key=43981539380023,gated_linear,msa_token,640,4,"{""msa_token"": [640]}"
gated_projection_gate_gemm_triton,sm86,bfloat16,shape_key=43982612859703,gated_linear|triangle_attention_checkpoint,token_pair,640,14,"{""token_pair"": [640]}"
gated_projection_gate_gemm_triton,sm86,bfloat16,shape_key=43982613121847,gated_linear|pairformer_block|triangle_attention_heads,msa_token|token_pair,640,98,"{""msa_token"": [640], ""token_pair"": [640]}"
gated_projection_gate_gemm_triton,sm86,bfloat16,shape_key=43984760605495,triangle_attention_bidirectional,token_pair,640,20,"{""token_pair"": [640]}"
gated_projection_gate_gemm_triton,sm86,bfloat16,shape_key=43984761129783,gated_linear|triangle_attention_checkpoint,token_pair,640,4,"{""token_pair"": [640]}"
gated_projection_gate_gemm_triton,sm86,bfloat16,shape_key=43986909137719,gated_linear|triangle_attention_checkpoint,token_pair|token_single,640,6,"{""token_pair"": [640], ""token_single"": [640]}"
gated_projection_gate_gemm_triton,sm86,bfloat16,shape_key=43993353161527,gated_linear,token_single,640,2,"{""token_single"": [640]}"
gated_projection_gate_gemm_triton,sm86,bfloat16,shape_key=52777632140087,gated_linear|triangle_attention_checkpoint,msa_token|token_pair,768,28,"{""msa_token"": [768], ""token_pair"": [768]}"
gated_projection_gate_gemm_triton,sm86,bfloat16,shape_key=52777632402231,gated_linear,msa_token,768,4,"{""msa_token"": [768]}"
gated_projection_gate_gemm_triton,sm86,bfloat16,shape_key=52778705881911,gated_linear|triangle_attention_checkpoint,token_pair,768,14,"{""token_pair"": [768]}"
gated_projection_gate_gemm_triton,sm86,bfloat16,shape_key=52778706144055,gated_linear|pairformer_block|triangle_attention_heads,atom_single|msa_token|token_pair,768|1024|2048|3072|4096|5120|6144|7168|8192,130,"{""atom_single"": [1024, 2048, 3072, 4096, 5120, 6144, 7168, 8192], ""msa_token"": [768], ""token_pair"": [768]}"
gated_projection_gate_gemm_triton,sm86,bfloat16,shape_key=52780853627703,triangle_attention_bidirectional,token_pair,768,20,"{""token_pair"": [768]}"
gated_projection_gate_gemm_triton,sm86,bfloat16,shape_key=52780854151991,gated_linear|triangle_attention_checkpoint,token_pair,768,4,"{""token_pair"": [768]}"
gated_projection_gate_gemm_triton,sm86,bfloat16,shape_key=52783002159927,gated_linear|triangle_attention_checkpoint,token_pair|token_single,768,6,"{""token_pair"": [768], ""token_single"": [768]}"
gated_projection_gate_gemm_triton,sm86,bfloat16,shape_key=52789446183735,gated_linear,token_single,768,2,"{""token_single"": [768]}"
gated_projection_gate_gemm_triton,sm86,bfloat16,shape_key=8797167029047,gated_linear,msa_token|token_pair,128,8,"{""msa_token"": [128], ""token_pair"": [128]}"
gated_projection_gate_gemm_triton,sm86,bfloat16,shape_key=8797167291191,gated_linear,msa_token,128,4,"{""msa_token"": [128]}"
gated_projection_gate_gemm_triton,sm86,bfloat16,shape_key=8798240770871,gated_linear,token_pair,128,4,"{""token_pair"": [128]}"
gated_projection_gate_gemm_triton,sm86,bfloat16,shape_key=8798241033015,gated_linear,msa_token|token_pair,128,8,"{""msa_token"": [128], ""token_pair"": [128]}"
gated_projection_gate_gemm_triton,sm86,bfloat16,shape_key=8800388516663,triangle_attention_bidirectional,token_pair,128,20,"{""token_pair"": [128]}"
gated_projection_gate_gemm_triton,sm86,bfloat16,shape_key=8800389040951,gated_linear,token_pair,128,2,"{""token_pair"": [128]}"
gated_projection_gate_gemm_triton,sm86,bfloat16,shape_key=8802537048887,gated_linear,token_pair|token_single,128,4,"{""token_pair"": [128], ""token_single"": [128]}"
gated_projection_gate_gemm_triton,sm86,bfloat16,shape_key=8808981072695,gated_linear,token_single,128,2,"{""token_single"": [128]}"
layernorm_bwd_atomic_strided_triton,sm86,bfloat16+float32,shape_key=1099512677146,triangle_multiplication_bidirectional,token_pair,256,13,"{""token_pair"": [256]}"
layernorm_bwd_atomic_strided_triton,sm86,bfloat16+float32,shape_key=137440527130,adaptive_layernorm|augmented_attention|conditioned_transition,token_single,256,30,"{""token_single"": [256]}"
layernorm_bwd_atomic_strided_triton,sm86,bfloat16+float32,shape_key=137442099994,adaptive_layernorm|augmented_attention|conditioned_transition,token_single,256,30,"{""token_single"": [256]}"
layernorm_bwd_atomic_strided_triton,sm86,bfloat16+float32,shape_key=2147746586,triangle_multiplication,token_pair,128|256|384|512,104,"{""token_pair"": [128, 256, 384, 512]}"
layernorm_bwd_atomic_strided_triton,sm86,bfloat16+float32,shape_key=2148008730,pairformer_block|triangle_multiplication,token_pair,128|256|384|512,304,"{""token_pair"": [128, 256, 384, 512]}"
layernorm_bwd_atomic_strided_triton,sm86,bfloat16+float32,shape_key=2148533018,triangle_multiplication,token_pair,128|256|384|512,104,"{""token_pair"": [128, 256, 384, 512]}"
layernorm_bwd_atomic_strided_triton,sm86,bfloat16+float32,shape_key=2149057306,triangle_multiplication,token_pair,128|256|384|512,104,"{""token_pair"": [128, 256, 384, 512]}"
layernorm_bwd_atomic_strided_triton,sm86,bfloat16+float32,shape_key=2473902211866,triangle_multiplication_bidirectional,token_pair,384,13,"{""token_pair"": [384]}"
layernorm_bwd_atomic_strided_triton,sm86,bfloat16+float32,shape_key=274878956314,triangle_multiplication_bidirectional,token_pair,128,13,"{""token_pair"": [128]}"
layernorm_bwd_atomic_strided_triton,sm86,bfloat16+float32,shape_key=274879480602,adaptive_layernorm|augmented_attention|conditioned_transition,token_single,384|512|640|768,120,"{""token_single"": [384, 512, 640, 768]}"
layernorm_bwd_atomic_strided_triton,sm86,bfloat16+float32,shape_key=274881053466,adaptive_layernorm|augmented_attention|conditioned_transition,token_single,384|512|640|768,120,"{""token_single"": [384, 512, 640, 768]}"
layernorm_bwd_atomic_strided_triton,sm86,bfloat16+float32,shape_key=4398047560474,triangle_multiplication_bidirectional,token_pair,512,13,"{""token_pair"": [512]}"
layernorm_bwd_atomic_strided_triton,sm86,bfloat16+float32,shape_key=68721050394,adaptive_layernorm|augmented_attention|conditioned_transition,token_single,128,30,"{""token_single"": [128]}"
layernorm_bwd_atomic_strided_triton,sm86,bfloat16+float32,shape_key=68722623258,adaptive_layernorm|augmented_attention|conditioned_transition,token_single,128,30,"{""token_single"": [128]}"
layernorm_bwd_atomic_strided_triton,sm86,float32,shape_key=137440527130,adaptive_layernorm|augmented_attention|conditioned_transition,token_single,256,30,"{""token_single"": [256]}"
layernorm_bwd_atomic_strided_triton,sm86,float32,shape_key=137442099994,adaptive_layernorm|augmented_attention|conditioned_transition,token_single,256,30,"{""token_single"": [256]}"
layernorm_bwd_atomic_strided_triton,sm86,float32,shape_key=274879480602,adaptive_layernorm|augmented_attention|conditioned_transition,token_single,384|512|640|768,120,"{""token_single"": [384, 512, 640, 768]}"
layernorm_bwd_atomic_strided_triton,sm86,float32,shape_key=274881053466,adaptive_layernorm|augmented_attention|conditioned_transition,token_single,384|512|640|768,120,"{""token_single"": [384, 512, 640, 768]}"
layernorm_bwd_atomic_strided_triton,sm86,float32,shape_key=68721050394,adaptive_layernorm|augmented_attention|conditioned_transition,token_single,128,30,"{""token_single"": [128]}"
layernorm_bwd_atomic_strided_triton,sm86,float32,shape_key=68722623258,adaptive_layernorm|augmented_attention|conditioned_transition,token_single,128,30,"{""token_single"": [128]}"
layernorm_bwd_atomic_triton,sm86,bfloat16+float32,"HAS_ROWSCALE=0,shape_key=10738991898",layernorm_native|transition,token_single,640,38,"{""token_single"": [640]}"
layernorm_bwd_atomic_triton,sm86,bfloat16+float32,"HAS_ROWSCALE=0,shape_key=10739266330",layernorm_native,token_single,640,1,"{""token_single"": [640]}"
layernorm_bwd_atomic_triton,sm86,bfloat16+float32,"HAS_ROWSCALE=0,shape_key=10740564762",layernorm_native|transition,token_single,640,22,"{""token_single"": [640]}"
layernorm_bwd_atomic_triton,sm86,bfloat16+float32,"HAS_ROWSCALE=0,shape_key=10740822810",layernorm_native,token_single,640,5,"{""token_single"": [640]}"
layernorm_bwd_atomic_triton,sm86,bfloat16+float32,"HAS_ROWSCALE=0,shape_key=10740831002",layernorm_native,token_single,640,5,"{""token_single"": [640]}"
layernorm_bwd_atomic_triton,sm86,bfloat16+float32,"HAS_ROWSCALE=0,shape_key=10747904794",layernorm_native,token_single,640,1,"{""token_single"": [640]}"
layernorm_bwd_atomic_triton,sm86,bfloat16+float32,"HAS_ROWSCALE=0,shape_key=1099511694106",layernorm_native,atom_pair,1024,5,"{""atom_pair"": [1024]}"
layernorm_bwd_atomic_triton,sm86,bfloat16+float32,"HAS_ROWSCALE=0,shape_key=1099511890714",layernorm_native|transition|triangle_multiplication,token_pair,256,59,"{""token_pair"": [256]}"
layernorm_bwd_atomic_triton,sm86,bfloat16+float32,"HAS_ROWSCALE=0,shape_key=1099512152858",augmented_attention|layernorm_native|msa_pair_weighted_averaging|pairformer_block|transition|triangle_attention_bidirectional|triangle_multiplication,atom_single|msa_token|token_pair|token_single,256|2048,204,"{""atom_single"": [2048], ""msa_token"": [256], ""token_pair"": [256], ""token_single"": [256]}"
layernorm_bwd_atomic_triton,sm86,bfloat16+float32,"HAS_ROWSCALE=0,shape_key=1099512677146",augmented_attention|layernorm_native|msa_pair_weighted_averaging|transition|triangle_multiplication,msa_token|token_pair|token_single,256,113,"{""msa_token"": [256], ""token_pair"": [256], ""token_single"": [256]}"
layernorm_bwd_atomic_triton,sm86,bfloat16+float32,"HAS_ROWSCALE=0,shape_key=1099512722202",layernorm_native,token_pair,256,5,"{""token_pair"": [256]}"
layernorm_bwd_atomic_triton,sm86,bfloat16+float32,"HAS_ROWSCALE=0,shape_key=1099513201434",layernorm_native|msa_pair_weighted_averaging|transition|triangle_multiplication,msa_token|token_pair,256,49,"{""msa_token"": [256], ""token_pair"": [256]}"
layernorm_bwd_atomic_triton,sm86,bfloat16+float32,"HAS_ROWSCALE=0,shape_key=1099513725722",layernorm_native,token_pair,256,6,"{""token_pair"": [256]}"
layernorm_bwd_atomic_triton,sm86,bfloat16+float32,"HAS_ROWSCALE=0,shape_key=12886475546",layernorm_native|transition,token_single,768,38,"{""token_single"": [768]}"
layernorm_bwd_atomic_triton,sm86,bfloat16+float32,"HAS_ROWSCALE=0,shape_key=12886749978",layernorm_native,token_single,768,1,"{""token_single"": [768]}"
layernorm_bwd_atomic_triton,sm86,bfloat16+float32,"HAS_ROWSCALE=0,shape_key=12888048410",layernorm_native|transition,token_single,768,22,"{""token_single"": [768]}"
layernorm_bwd_atomic_triton,sm86,bfloat16+float32,"HAS_ROWSCALE=0,shape_key=12888306458",layernorm_native,token_single,768,5,"{""token_single"": [768]}"
layernorm_bwd_atomic_triton,sm86,bfloat16+float32,"HAS_ROWSCALE=0,shape_key=12888314650",layernorm_native,token_single,768,5,"{""token_single"": [768]}"
layernorm_bwd_atomic_triton,sm86,bfloat16+float32,"HAS_ROWSCALE=0,shape_key=12895388442",layernorm_native,token_single,768,1,"{""token_single"": [768]}"
layernorm_bwd_atomic_triton,sm86,bfloat16+float32,"HAS_ROWSCALE=0,shape_key=137439478554",layernorm_native,atom_single,8192,9,"{""atom_single"": [8192]}"
layernorm_bwd_atomic_triton,sm86,bfloat16+float32,"HAS_ROWSCALE=0,shape_key=137442099994",layernorm_native,token_single,256,6,"{""token_single"": [256]}"
layernorm_bwd_atomic_triton,sm86,bfloat16+float32,"HAS_ROWSCALE=0,shape_key=17180132122",layernorm_native|msa_pair_weighted_averaging|outer_product_mean|transition,msa_token,128,42,"{""msa_token"": [128]}"
layernorm_bwd_atomic_triton,sm86,bfloat16+float32,"HAS_ROWSCALE=0,shape_key=17180394266",layernorm_native|msa_pair_weighted_averaging|outer_product_mean|transition,atom_single|msa_token,128|1024,65,"{""atom_single"": [1024], ""msa_token"": [128]}"
layernorm_bwd_atomic_triton,sm86,bfloat16+float32,"HAS_ROWSCALE=0,shape_key=2148533018",layernorm_native,noise,1,9,"{""noise"": [1]}"
layernorm_bwd_atomic_triton,sm86,bfloat16+float32,"HAS_ROWSCALE=0,shape_key=2149057306",layernorm_native|transition,token_single,128,38,"{""token_single"": [128]}"
layernorm_bwd_atomic_triton,sm86,bfloat16+float32,"HAS_ROWSCALE=0,shape_key=2149331738",layernorm_native,token_single,128,1,"{""token_single"": [128]}"
layernorm_bwd_atomic_triton,sm86,bfloat16+float32,"HAS_ROWSCALE=0,shape_key=2150630170",layernorm_native|transition,token_single,128,22,"{""token_single"": [128]}"
layernorm_bwd_atomic_triton,sm86,bfloat16+float32,"HAS_ROWSCALE=0,shape_key=2150888218",layernorm_native,token_single,128,5,"{""token_single"": [128]}"
layernorm_bwd_atomic_triton,sm86,bfloat16+float32,"HAS_ROWSCALE=0,shape_key=2150896410",layernorm_native,token_single,128,5,"{""token_single"": [128]}"
layernorm_bwd_atomic_triton,sm86,bfloat16+float32,"HAS_ROWSCALE=0,shape_key=2157970202",layernorm_native,token_single,128,1,"{""token_single"": [128]}"
layernorm_bwd_atomic_triton,sm86,bfloat16+float32,"HAS_ROWSCALE=0,shape_key=2473901425434",layernorm_native|transition|triangle_attention_checkpoint|triangle_multiplication,token_pair,384,77,"{""token_pair"": [384]}"
layernorm_bwd_atomic_triton,sm86,bfloat16+float32,"HAS_ROWSCALE=0,shape_key=2473901687578",augmented_attention|layernorm_native|msa_pair_weighted_averaging|pairformer_block|transition|triangle_attention_bidirectional|triangle_attention_heads|triangle_multiplication,atom_single|msa_token|token_pair|token_single,384|3072|4096|5120,281,"{""atom_single"": [3072, 4096, 5120], ""msa_token"": [384], ""token_pair"": [384], ""token_single"": [384]}"
layernorm_bwd_atomic_triton,sm86,bfloat16+float32,"HAS_ROWSCALE=0,shape_key=2473902211866",augmented_attention|layernorm_native|msa_pair_weighted_averaging|transition|triangle_attention_checkpoint|triangle_multiplication,msa_token|token_pair|token_single,384,119,"{""msa_token"": [384], ""token_pair"": [384], ""token_single"": [384]}"
layernorm_bwd_atomic_triton,sm86,bfloat16+float32,"HAS_ROWSCALE=0,shape_key=2473902256922",layernorm_native,token_pair,384,5,"{""token_pair"": [384]}"
layernorm_bwd_atomic_triton,sm86,bfloat16+float32,"HAS_ROWSCALE=0,shape_key=2473902736154",layernorm_native|msa_pair_weighted_averaging|transition|triangle_attention_checkpoint|triangle_multiplication,msa_token|token_pair,384,50,"{""msa_token"": [384], ""token_pair"": [384]}"
layernorm_bwd_atomic_triton,sm86,bfloat16+float32,"HAS_ROWSCALE=0,shape_key=2473903260442",layernorm_native,token_pair,384,6,"{""token_pair"": [384]}"
layernorm_bwd_atomic_triton,sm86,bfloat16+float32,"HAS_ROWSCALE=0,shape_key=274878169882",layernorm_native|transition|triangle_multiplication,token_pair,128,59,"{""token_pair"": [128]}"
layernorm_bwd_atomic_triton,sm86,bfloat16+float32,"HAS_ROWSCALE=0,shape_key=274878432026",augmented_attention|layernorm_native|msa_pair_weighted_averaging|pairformer_block|transition|triangle_attention_bidirectional|triangle_multiplication,atom_single|msa_token|token_pair|token_single,128|1024,204,"{""atom_single"": [1024], ""msa_token"": [128], ""token_pair"": [128], ""token_single"": [128]}"
layernorm_bwd_atomic_triton,sm86,bfloat16+float32,"HAS_ROWSCALE=0,shape_key=274878956314",augmented_attention|layernorm_native|msa_pair_weighted_averaging|transition|triangle_multiplication,msa_token|token_pair|token_single,128,113,"{""msa_token"": [128], ""token_pair"": [128], ""token_single"": [128]}"
layernorm_bwd_atomic_triton,sm86,bfloat16+float32,"HAS_ROWSCALE=0,shape_key=274879001370",layernorm_native,token_pair,128,5,"{""token_pair"": [128]}"
layernorm_bwd_atomic_triton,sm86,bfloat16+float32,"HAS_ROWSCALE=0,shape_key=274879480602",layernorm_native|msa_pair_weighted_averaging|transition|triangle_multiplication,msa_token|token_pair,128,49,"{""msa_token"": [128], ""token_pair"": [128]}"
layernorm_bwd_atomic_triton,sm86,bfloat16+float32,"HAS_ROWSCALE=0,shape_key=274880004890",layernorm_native,token_pair,128,6,"{""token_pair"": [128]}"
layernorm_bwd_atomic_triton,sm86,bfloat16+float32,"HAS_ROWSCALE=0,shape_key=274881053466",layernorm_native,token_single,384|512|640|768,24,"{""token_single"": [384, 512, 640, 768]}"
layernorm_bwd_atomic_triton,sm86,bfloat16+float32,"HAS_ROWSCALE=0,shape_key=34360001306",layernorm_native|msa_pair_weighted_averaging|outer_product_mean|transition,msa_token,256|384,84,"{""msa_token"": [256, 384]}"
layernorm_bwd_atomic_triton,sm86,bfloat16+float32,"HAS_ROWSCALE=0,shape_key=34360263450",layernorm_native|msa_pair_weighted_averaging|outer_product_mean|transition,atom_single|msa_token,256|384|2048|3072,130,"{""atom_single"": [2048, 3072], ""msa_token"": [256, 384]}"
layernorm_bwd_atomic_triton,sm86,bfloat16+float32,"HAS_ROWSCALE=0,shape_key=4296540954",layernorm_native|transition,token_single,256,38,"{""token_single"": [256]}"
layernorm_bwd_atomic_triton,sm86,bfloat16+float32,"HAS_ROWSCALE=0,shape_key=4296815386",layernorm_native,token_single,256,1,"{""token_single"": [256]}"
layernorm_bwd_atomic_triton,sm86,bfloat16+float32,"HAS_ROWSCALE=0,shape_key=4298113818",layernorm_native|transition,token_single,256,22,"{""token_single"": [256]}"
layernorm_bwd_atomic_triton,sm86,bfloat16+float32,"HAS_ROWSCALE=0,shape_key=4298371866",layernorm_native,token_single,256,5,"{""token_single"": [256]}"
layernorm_bwd_atomic_triton,sm86,bfloat16+float32,"HAS_ROWSCALE=0,shape_key=4298380058",layernorm_native,token_single,256,5,"{""token_single"": [256]}"
layernorm_bwd_atomic_triton,sm86,bfloat16+float32,"HAS_ROWSCALE=0,shape_key=4305453850",layernorm_native,token_single,256,1,"{""token_single"": [256]}"
layernorm_bwd_atomic_triton,sm86,bfloat16+float32,"HAS_ROWSCALE=0,shape_key=4398046577434",layernorm_native,atom_pair,2048|3072,10,"{""atom_pair"": [2048, 3072]}"
layernorm_bwd_atomic_triton,sm86,bfloat16+float32,"HAS_ROWSCALE=0,shape_key=4398046774042",layernorm_native|transition|triangle_attention_checkpoint|triangle_multiplication,token_pair,512,77,"{""token_pair"": [512]}"
layernorm_bwd_atomic_triton,sm86,bfloat16+float32,"HAS_ROWSCALE=0,shape_key=4398047036186",augmented_attention|layernorm_native|msa_pair_weighted_averaging|pairformer_block|transition|triangle_attention_bidirectional|triangle_attention_heads|triangle_multiplication,atom_single|msa_token|token_pair|token_single,512|6144|7168|8192,281,"{""atom_single"": [6144, 7168, 8192], ""msa_token"": [512], ""token_pair"": [512], ""token_single"": [512]}"
layernorm_bwd_atomic_triton,sm86,bfloat16+float32,"HAS_ROWSCALE=0,shape_key=4398047560474",augmented_attention|layernorm_native|msa_pair_weighted_averaging|transition|triangle_attention_checkpoint|triangle_multiplication,msa_token|token_pair|token_single,512,119,"{""msa_token"": [512], ""token_pair"": [512], ""token_single"": [512]}"
layernorm_bwd_atomic_triton,sm86,bfloat16+float32,"HAS_ROWSCALE=0,shape_key=4398047605530",layernorm_native,token_pair,512,5,"{""token_pair"": [512]}"
layernorm_bwd_atomic_triton,sm86,bfloat16+float32,"HAS_ROWSCALE=0,shape_key=4398048084762",layernorm_native|msa_pair_weighted_averaging|transition|triangle_attention_checkpoint|triangle_multiplication,msa_token|token_pair,512,50,"{""msa_token"": [512], ""token_pair"": [512]}"
layernorm_bwd_atomic_triton,sm86,bfloat16+float32,"HAS_ROWSCALE=0,shape_key=4398048609050",layernorm_native,token_pair,512,6,"{""token_pair"": [512]}"
layernorm_bwd_atomic_triton,sm86,bfloat16+float32,"HAS_ROWSCALE=0,shape_key=6444024602",layernorm_native|transition,token_single,384,38,"{""token_single"": [384]}"
layernorm_bwd_atomic_triton,sm86,bfloat16+float32,"HAS_ROWSCALE=0,shape_key=6444299034",layernorm_native,token_single,384,1,"{""token_single"": [384]}"
layernorm_bwd_atomic_triton,sm86,bfloat16+float32,"HAS_ROWSCALE=0,shape_key=6445597466",layernorm_native|transition,token_single,384,22,"{""token_single"": [384]}"
layernorm_bwd_atomic_triton,sm86,bfloat16+float32,"HAS_ROWSCALE=0,shape_key=6445855514",layernorm_native,token_single,384,5,"{""token_single"": [384]}"
layernorm_bwd_atomic_triton,sm86,bfloat16+float32,"HAS_ROWSCALE=0,shape_key=6445863706",layernorm_native,token_single,384,5,"{""token_single"": [384]}"
layernorm_bwd_atomic_triton,sm86,bfloat16+float32,"HAS_ROWSCALE=0,shape_key=6452937498",layernorm_native,token_single,384,1,"{""token_single"": [384]}"
layernorm_bwd_atomic_triton,sm86,bfloat16+float32,"HAS_ROWSCALE=0,shape_key=6871947739930",layernorm_native,atom_pair,4096,5,"{""atom_pair"": [4096]}"
layernorm_bwd_atomic_triton,sm86,bfloat16+float32,"HAS_ROWSCALE=0,shape_key=6871947936538",layernorm_native|transition|triangle_attention_checkpoint|triangle_multiplication,token_pair,640,77,"{""token_pair"": [640]}"
layernorm_bwd_atomic_triton,sm86,bfloat16+float32,"HAS_ROWSCALE=0,shape_key=6871948198682",augmented_attention|layernorm_native|msa_pair_weighted_averaging|pairformer_block|transition|triangle_attention_bidirectional|triangle_attention_heads|triangle_multiplication,msa_token|token_pair|token_single,640,254,"{""msa_token"": [640], ""token_pair"": [640], ""token_single"": [640]}"
layernorm_bwd_atomic_triton,sm86,bfloat16+float32,"HAS_ROWSCALE=0,shape_key=6871948722970",augmented_attention|layernorm_native|msa_pair_weighted_averaging|transition|triangle_attention_checkpoint|triangle_multiplication,msa_token|token_pair|token_single,640,119,"{""msa_token"": [640], ""token_pair"": [640], ""token_single"": [640]}"
layernorm_bwd_atomic_triton,sm86,bfloat16+float32,"HAS_ROWSCALE=0,shape_key=6871948768026",layernorm_native,token_pair,640,5,"{""token_pair"": [640]}"
layernorm_bwd_atomic_triton,sm86,bfloat16+float32,"HAS_ROWSCALE=0,shape_key=6871949247258",layernorm_native|msa_pair_weighted_averaging|transition|triangle_attention_checkpoint|triangle_multiplication,msa_token|token_pair,640,50,"{""msa_token"": [640], ""token_pair"": [640]}"
layernorm_bwd_atomic_triton,sm86,bfloat16+float32,"HAS_ROWSCALE=0,shape_key=6871949771546",layernorm_native,token_pair,640,6,"{""token_pair"": [640]}"
layernorm_bwd_atomic_triton,sm86,bfloat16+float32,"HAS_ROWSCALE=0,shape_key=68719739674",layernorm_native|msa_pair_weighted_averaging|outer_product_mean|transition,msa_token,512|640|768,126,"{""msa_token"": [512, 640, 768]}"
layernorm_bwd_atomic_triton,sm86,bfloat16+float32,"HAS_ROWSCALE=0,shape_key=68720001818",layernorm_native|msa_pair_weighted_averaging|outer_product_mean|transition,atom_single|msa_token,512|640|768|4096|5120|6144|7168,204,"{""atom_single"": [4096, 5120, 6144, 7168], ""msa_token"": [512, 640, 768]}"
layernorm_bwd_atomic_triton,sm86,bfloat16+float32,"HAS_ROWSCALE=0,shape_key=68722623258",layernorm_native,token_single,128,6,"{""token_single"": [128]}"
layernorm_bwd_atomic_triton,sm86,bfloat16+float32,"HAS_ROWSCALE=0,shape_key=8591508250",layernorm_native|transition,token_single,512,38,"{""token_single"": [512]}"
layernorm_bwd_atomic_triton,sm86,bfloat16+float32,"HAS_ROWSCALE=0,shape_key=8591782682",layernorm_native,token_single,512,1,"{""token_single"": [512]}"
layernorm_bwd_atomic_triton,sm86,bfloat16+float32,"HAS_ROWSCALE=0,shape_key=8593081114",layernorm_native|transition,token_single,512,22,"{""token_single"": [512]}"
layernorm_bwd_atomic_triton,sm86,bfloat16+float32,"HAS_ROWSCALE=0,shape_key=8593339162",layernorm_native,token_single,512,5,"{""token_single"": [512]}"
layernorm_bwd_atomic_triton,sm86,bfloat16+float32,"HAS_ROWSCALE=0,shape_key=8593347354",layernorm_native,token_single,512,5,"{""token_single"": [512]}"
layernorm_bwd_atomic_triton,sm86,bfloat16+float32,"HAS_ROWSCALE=0,shape_key=8600421146",layernorm_native,token_single,512,1,"{""token_single"": [512]}"
layernorm_bwd_atomic_triton,sm86,bfloat16+float32,"HAS_ROWSCALE=0,shape_key=9895604716314",augmented_attention|layernorm_native,atom_pair|atom_single,1024|2048|3072|4096|5120|6144|7168|8192,100,"{""atom_pair"": [5120, 6144, 7168, 8192], ""atom_single"": [1024, 2048, 3072, 4096, 5120, 6144, 7168, 8192]}"
layernorm_bwd_atomic_triton,sm86,bfloat16+float32,"HAS_ROWSCALE=0,shape_key=9895604912922",layernorm_native|transition|triangle_attention_checkpoint|triangle_multiplication,token_pair,768,77,"{""token_pair"": [768]}"
layernorm_bwd_atomic_triton,sm86,bfloat16+float32,"HAS_ROWSCALE=0,shape_key=9895605175066",augmented_attention|layernorm_native|msa_pair_weighted_averaging|pairformer_block|transition|triangle_attention_bidirectional|triangle_attention_heads|triangle_multiplication,msa_token|token_pair|token_single,768,254,"{""msa_token"": [768], ""token_pair"": [768], ""token_single"": [768]}"
layernorm_bwd_atomic_triton,sm86,bfloat16+float32,"HAS_ROWSCALE=0,shape_key=9895605699354",augmented_attention|layernorm_native|msa_pair_weighted_averaging|transition|triangle_attention_checkpoint|triangle_multiplication,msa_token|token_pair|token_single,768,119,"{""msa_token"": [768], ""token_pair"": [768], ""token_single"": [768]}"
layernorm_bwd_atomic_triton,sm86,bfloat16+float32,"HAS_ROWSCALE=0,shape_key=9895605744410",layernorm_native,token_pair,768,5,"{""token_pair"": [768]}"
layernorm_bwd_atomic_triton,sm86,bfloat16+float32,"HAS_ROWSCALE=0,shape_key=9895606223642",layernorm_native|msa_pair_weighted_averaging|transition|triangle_attention_checkpoint|triangle_multiplication,msa_token|token_pair,768,50,"{""msa_token"": [768], ""token_pair"": [768]}"
layernorm_bwd_atomic_triton,sm86,bfloat16+float32,"HAS_ROWSCALE=0,shape_key=9895606747930",layernorm_native,token_pair,768,6,"{""token_pair"": [768]}"
layernorm_bwd_atomic_triton,sm86,float32,"HAS_ROWSCALE=0,shape_key=1099512152858",augmented_attention,token_single,256,10,"{""token_single"": [256]}"
layernorm_bwd_atomic_triton,sm86,float32,"HAS_ROWSCALE=0,shape_key=1099512677146",augmented_attention,token_single,256,10,"{""token_single"": [256]}"
layernorm_bwd_atomic_triton,sm86,float32,"HAS_ROWSCALE=0,shape_key=2473901687578",augmented_attention,token_single,384,10,"{""token_single"": [384]}"
layernorm_bwd_atomic_triton,sm86,float32,"HAS_ROWSCALE=0,shape_key=2473902211866",augmented_attention,token_single,384,10,"{""token_single"": [384]}"
layernorm_bwd_atomic_triton,sm86,float32,"HAS_ROWSCALE=0,shape_key=274878432026",augmented_attention,token_single,128,10,"{""token_single"": [128]}"
layernorm_bwd_atomic_triton,sm86,float32,"HAS_ROWSCALE=0,shape_key=274878956314",augmented_attention,token_single,128,10,"{""token_single"": [128]}"
layernorm_bwd_atomic_triton,sm86,float32,"HAS_ROWSCALE=0,shape_key=4398047036186",augmented_attention,token_single,512,10,"{""token_single"": [512]}"
layernorm_bwd_atomic_triton,sm86,float32,"HAS_ROWSCALE=0,shape_key=4398047560474",augmented_attention,token_single,512,10,"{""token_single"": [512]}"
layernorm_bwd_atomic_triton,sm86,float32,"HAS_ROWSCALE=0,shape_key=6871948198682",augmented_attention,token_single,640,10,"{""token_single"": [640]}"
layernorm_bwd_atomic_triton,sm86,float32,"HAS_ROWSCALE=0,shape_key=6871948722970",augmented_attention,token_single,640,10,"{""token_single"": [640]}"
layernorm_bwd_atomic_triton,sm86,float32,"HAS_ROWSCALE=0,shape_key=9895604716314",augmented_attention,atom_single,1024|2048|3072|4096|5120|6144|7168|8192,80,"{""atom_single"": [1024, 2048, 3072, 4096, 5120, 6144, 7168, 8192]}"
layernorm_bwd_atomic_triton,sm86,float32,"HAS_ROWSCALE=0,shape_key=9895605175066",augmented_attention,token_single,768,10,"{""token_single"": [768]}"
layernorm_bwd_atomic_triton,sm86,float32,"HAS_ROWSCALE=0,shape_key=9895605699354",augmented_attention,token_single,768,10,"{""token_single"": [768]}"
layernorm_bwd_split_mmajor_triton,sm86,bfloat16+float32,shape_key=2147746586,triangle_multiplication,token_pair,640|768,52,"{""token_pair"": [640, 768]}"
layernorm_bwd_split_mmajor_triton,sm86,bfloat16+float32,shape_key=2148008730,pairformer_block|triangle_multiplication,token_pair,640|768,152,"{""token_pair"": [640, 768]}"
layernorm_bwd_split_triton,sm86,bfloat16+float32,shape_key=10738991898,layernorm_native|transition,token_single,640,32,"{""token_single"": [640]}"
layernorm_bwd_split_triton,sm86,bfloat16+float32,shape_key=10739266330,layernorm_native,token_single,640,4,"{""token_single"": [640]}"
layernorm_bwd_split_triton,sm86,bfloat16+float32,shape_key=10740564762,layernorm_native|transition,token_single,640,18,"{""token_single"": [640]}"
layernorm_bwd_split_triton,sm86,bfloat16+float32,shape_key=10747904794,layernorm_native,token_single,640,4,"{""token_single"": [640]}"
layernorm_bwd_split_triton,sm86,bfloat16+float32,shape_key=1099511890714,layernorm_native|transition,token_pair,256,2,"{""token_pair"": [256]}"
layernorm_bwd_split_triton,sm86,bfloat16+float32,shape_key=1099512152858,layernorm_native|msa_pair_weighted_averaging|pairformer_block|transition|triangle_attention_bidirectional,atom_single|msa_token|token_pair,256|2048,7,"{""atom_single"": [2048], ""msa_token"": [256], ""token_pair"": [256]}"
layernorm_bwd_split_triton,sm86,bfloat16+float32,shape_key=1099512677146,layernorm_native|msa_pair_weighted_averaging|transition,msa_token|token_pair,256,5,"{""msa_token"": [256], ""token_pair"": [256]}"
layernorm_bwd_split_triton,sm86,bfloat16+float32,shape_key=1099513201434,layernorm_native|msa_pair_weighted_averaging|transition,msa_token|token_pair,256,23,"{""msa_token"": [256], ""token_pair"": [256]}"
layernorm_bwd_split_triton,sm86,bfloat16+float32,shape_key=1099513725722,layernorm_native,token_pair,256,4,"{""token_pair"": [256]}"
layernorm_bwd_split_triton,sm86,bfloat16+float32,shape_key=12886475546,layernorm_native|transition,token_single,768,32,"{""token_single"": [768]}"
layernorm_bwd_split_triton,sm86,bfloat16+float32,shape_key=12886749978,layernorm_native,token_single,768,4,"{""token_single"": [768]}"
layernorm_bwd_split_triton,sm86,bfloat16+float32,shape_key=12888048410,layernorm_native|transition,token_single,768,18,"{""token_single"": [768]}"
layernorm_bwd_split_triton,sm86,bfloat16+float32,shape_key=12895388442,layernorm_native,token_single,768,4,"{""token_single"": [768]}"
layernorm_bwd_split_triton,sm86,bfloat16+float32,shape_key=137439478554,layernorm_native,atom_single,8192,1,"{""atom_single"": [8192]}"
layernorm_bwd_split_triton,sm86,bfloat16+float32,shape_key=137442099994,layernorm_native,token_single,256,4,"{""token_single"": [256]}"
layernorm_bwd_split_triton,sm86,bfloat16+float32,shape_key=17180132122,layernorm_native|msa_pair_weighted_averaging|outer_product_mean|transition,msa_token,128,4,"{""msa_token"": [128]}"
layernorm_bwd_split_triton,sm86,bfloat16+float32,shape_key=17180394266,layernorm_native|msa_pair_weighted_averaging|outer_product_mean|transition,atom_single|msa_token,128|1024,8,"{""atom_single"": [1024], ""msa_token"": [128]}"
layernorm_bwd_split_triton,sm86,bfloat16+float32,shape_key=2148533018,layernorm_native|triangle_multiplication,noise|token_pair,1|640|768,53,"{""noise"": [1], ""token_pair"": [640, 768]}"
layernorm_bwd_split_triton,sm86,bfloat16+float32,shape_key=2149057306,layernorm_native|transition|triangle_multiplication,token_pair|token_single,128|640|768,84,"{""token_pair"": [640, 768], ""token_single"": [128]}"
layernorm_bwd_split_triton,sm86,bfloat16+float32,shape_key=2149331738,layernorm_native,token_single,128,4,"{""token_single"": [128]}"
layernorm_bwd_split_triton,sm86,bfloat16+float32,shape_key=2150630170,layernorm_native|transition,token_single,128,18,"{""token_single"": [128]}"
layernorm_bwd_split_triton,sm86,bfloat16+float32,shape_key=2157970202,layernorm_native,token_single,128,4,"{""token_single"": [128]}"
layernorm_bwd_split_triton,sm86,bfloat16+float32,shape_key=2473901425434,layernorm_native|transition|triangle_attention_checkpoint,token_pair,384,5,"{""token_pair"": [384]}"
layernorm_bwd_split_triton,sm86,bfloat16+float32,shape_key=2473901687578,layernorm_native|msa_pair_weighted_averaging|pairformer_block|transition|triangle_attention_bidirectional|triangle_attention_heads,atom_single|msa_token|token_pair,384|3072|4096|5120,14,"{""atom_single"": [3072, 4096, 5120], ""msa_token"": [384], ""token_pair"": [384]}"
layernorm_bwd_split_triton,sm86,bfloat16+float32,shape_key=2473902211866,layernorm_native|msa_pair_weighted_averaging|transition|triangle_attention_checkpoint,msa_token|token_pair,384,6,"{""msa_token"": [384], ""token_pair"": [384]}"
layernorm_bwd_split_triton,sm86,bfloat16+float32,shape_key=2473902736154,layernorm_native|msa_pair_weighted_averaging|transition|triangle_attention_checkpoint,msa_token|token_pair,384,29,"{""msa_token"": [384], ""token_pair"": [384]}"
layernorm_bwd_split_triton,sm86,bfloat16+float32,shape_key=2473903260442,layernorm_native,token_pair,384,4,"{""token_pair"": [384]}"
layernorm_bwd_split_triton,sm86,bfloat16+float32,shape_key=274878169882,layernorm_native|transition,token_pair,128,2,"{""token_pair"": [128]}"
layernorm_bwd_split_triton,sm86,bfloat16+float32,shape_key=274878432026,layernorm_native|msa_pair_weighted_averaging|pairformer_block|transition|triangle_attention_bidirectional,atom_single|msa_token|token_pair,128|1024,7,"{""atom_single"": [1024], ""msa_token"": [128], ""token_pair"": [128]}"
layernorm_bwd_split_triton,sm86,bfloat16+float32,shape_key=274878956314,layernorm_native|msa_pair_weighted_averaging|transition,msa_token|token_pair,128,5,"{""msa_token"": [128], ""token_pair"": [128]}"
layernorm_bwd_split_triton,sm86,bfloat16+float32,shape_key=274879480602,layernorm_native|msa_pair_weighted_averaging|transition,msa_token|token_pair,128,23,"{""msa_token"": [128], ""token_pair"": [128]}"
layernorm_bwd_split_triton,sm86,bfloat16+float32,shape_key=274880004890,layernorm_native,token_pair,128,4,"{""token_pair"": [128]}"
layernorm_bwd_split_triton,sm86,bfloat16+float32,shape_key=274881053466,layernorm_native,token_single,384|512|640|768,16,"{""token_single"": [384, 512, 640, 768]}"
layernorm_bwd_split_triton,sm86,bfloat16+float32,shape_key=34360001306,layernorm_native|msa_pair_weighted_averaging|outer_product_mean|transition,msa_token,256|384,8,"{""msa_token"": [256, 384]}"
layernorm_bwd_split_triton,sm86,bfloat16+float32,shape_key=34360263450,layernorm_native|msa_pair_weighted_averaging|outer_product_mean|transition,atom_single|msa_token,256|384|2048|3072,16,"{""atom_single"": [2048, 3072], ""msa_token"": [256, 384]}"
layernorm_bwd_split_triton,sm86,bfloat16+float32,shape_key=4296540954,layernorm_native|transition,token_single,256,32,"{""token_single"": [256]}"
layernorm_bwd_split_triton,sm86,bfloat16+float32,shape_key=4296815386,layernorm_native,token_single,256,4,"{""token_single"": [256]}"
layernorm_bwd_split_triton,sm86,bfloat16+float32,shape_key=4298113818,layernorm_native|transition,token_single,256,18,"{""token_single"": [256]}"
layernorm_bwd_split_triton,sm86,bfloat16+float32,shape_key=4305453850,layernorm_native,token_single,256,4,"{""token_single"": [256]}"
layernorm_bwd_split_triton,sm86,bfloat16+float32,shape_key=4398046774042,layernorm_native|transition|triangle_attention_checkpoint,token_pair,512,5,"{""token_pair"": [512]}"
layernorm_bwd_split_triton,sm86,bfloat16+float32,shape_key=4398047036186,layernorm_native|msa_pair_weighted_averaging|pairformer_block|transition|triangle_attention_bidirectional|triangle_attention_heads,atom_single|msa_token|token_pair,512|6144|7168|8192,14,"{""atom_single"": [6144, 7168, 8192], ""msa_token"": [512], ""token_pair"": [512]}"
layernorm_bwd_split_triton,sm86,bfloat16+float32,shape_key=4398047560474,layernorm_native|msa_pair_weighted_averaging|transition|triangle_attention_checkpoint,msa_token|token_pair,512,6,"{""msa_token"": [512], ""token_pair"": [512]}"
layernorm_bwd_split_triton,sm86,bfloat16+float32,shape_key=4398048084762,layernorm_native|msa_pair_weighted_averaging|transition|triangle_attention_checkpoint,msa_token|token_pair,512,29,"{""msa_token"": [512], ""token_pair"": [512]}"
layernorm_bwd_split_triton,sm86,bfloat16+float32,shape_key=4398048609050,layernorm_native,token_pair,512,4,"{""token_pair"": [512]}"
layernorm_bwd_split_triton,sm86,bfloat16+float32,shape_key=6444024602,layernorm_native|transition,token_single,384,32,"{""token_single"": [384]}"
layernorm_bwd_split_triton,sm86,bfloat16+float32,shape_key=6444299034,layernorm_native,token_single,384,4,"{""token_single"": [384]}"
layernorm_bwd_split_triton,sm86,bfloat16+float32,shape_key=6445597466,layernorm_native|transition,token_single,384,18,"{""token_single"": [384]}"
layernorm_bwd_split_triton,sm86,bfloat16+float32,shape_key=6452937498,layernorm_native,token_single,384,4,"{""token_single"": [384]}"
layernorm_bwd_split_triton,sm86,bfloat16+float32,shape_key=6871947936538,layernorm_native|transition|triangle_attention_checkpoint,token_pair,640,5,"{""token_pair"": [640]}"
layernorm_bwd_split_triton,sm86,bfloat16+float32,shape_key=6871948198682,layernorm_native|msa_pair_weighted_averaging|pairformer_block|transition|triangle_attention_bidirectional|triangle_attention_heads,msa_token|token_pair,640,11,"{""msa_token"": [640], ""token_pair"": [640]}"
layernorm_bwd_split_triton,sm86,bfloat16+float32,shape_key=6871948722970,layernorm_native|msa_pair_weighted_averaging|transition|triangle_attention_checkpoint|triangle_multiplication_bidirectional,msa_token|token_pair,640,19,"{""msa_token"": [640], ""token_pair"": [640]}"
layernorm_bwd_split_triton,sm86,bfloat16+float32,shape_key=6871949247258,layernorm_native|msa_pair_weighted_averaging|transition|triangle_attention_checkpoint,msa_token|token_pair,640,29,"{""msa_token"": [640], ""token_pair"": [640]}"
layernorm_bwd_split_triton,sm86,bfloat16+float32,shape_key=6871949771546,layernorm_native,token_pair,640,4,"{""token_pair"": [640]}"
layernorm_bwd_split_triton,sm86,bfloat16+float32,shape_key=68719739674,layernorm_native|msa_pair_weighted_averaging|outer_product_mean|transition,msa_token,512|640|768,12,"{""msa_token"": [512, 640, 768]}"
layernorm_bwd_split_triton,sm86,bfloat16+float32,shape_key=68720001818,layernorm_native|msa_pair_weighted_averaging|outer_product_mean|transition,atom_single|msa_token,512|640|768|4096|5120|6144|7168,25,"{""atom_single"": [4096, 5120, 6144, 7168], ""msa_token"": [512, 640, 768]}"
layernorm_bwd_split_triton,sm86,bfloat16+float32,shape_key=68722623258,layernorm_native,token_single,128,4,"{""token_single"": [128]}"
layernorm_bwd_split_triton,sm86,bfloat16+float32,shape_key=8591508250,layernorm_native|transition,token_single,512,32,"{""token_single"": [512]}"
layernorm_bwd_split_triton,sm86,bfloat16+float32,shape_key=8591782682,layernorm_native,token_single,512,4,"{""token_single"": [512]}"
layernorm_bwd_split_triton,sm86,bfloat16+float32,shape_key=8593081114,layernorm_native|transition,token_single,512,18,"{""token_single"": [512]}"
layernorm_bwd_split_triton,sm86,bfloat16+float32,shape_key=8600421146,layernorm_native,token_single,512,4,"{""token_single"": [512]}"
layernorm_bwd_split_triton,sm86,bfloat16+float32,shape_key=9895604912922,layernorm_native|transition|triangle_attention_checkpoint,token_pair,768,5,"{""token_pair"": [768]}"
layernorm_bwd_split_triton,sm86,bfloat16+float32,shape_key=9895605175066,layernorm_native|msa_pair_weighted_averaging|pairformer_block|transition|triangle_attention_bidirectional|triangle_attention_heads,msa_token|token_pair,768,11,"{""msa_token"": [768], ""token_pair"": [768]}"
layernorm_bwd_split_triton,sm86,bfloat16+float32,shape_key=9895605699354,layernorm_native|msa_pair_weighted_averaging|transition|triangle_attention_checkpoint|triangle_multiplication_bidirectional,msa_token|token_pair,768,19,"{""msa_token"": [768], ""token_pair"": [768]}"
layernorm_bwd_split_triton,sm86,bfloat16+float32,shape_key=9895606223642,layernorm_native|msa_pair_weighted_averaging|transition|triangle_attention_checkpoint,msa_token|token_pair,768,29,"{""msa_token"": [768], ""token_pair"": [768]}"
layernorm_bwd_split_triton,sm86,bfloat16+float32,shape_key=9895606747930,layernorm_native,token_pair,768,4,"{""token_pair"": [768]}"
layernorm_fwd_saveact_strided_triton,sm86,bfloat16+float32,shape_key=1099512152858,adaptive_layernorm|augmented_attention|conditioned_transition,atom_single,2048,30,"{""atom_single"": [2048]}"
layernorm_fwd_saveact_strided_triton,sm86,bfloat16+float32,shape_key=1099512677146,triangle_multiplication_bidirectional,token_pair,256,13,"{""token_pair"": [256]}"
layernorm_fwd_saveact_strided_triton,sm86,bfloat16+float32,shape_key=137440527130,adaptive_layernorm|augmented_attention|conditioned_transition,token_single,256,30,"{""token_single"": [256]}"
layernorm_fwd_saveact_strided_triton,sm86,bfloat16+float32,shape_key=137442099994,adaptive_layernorm|augmented_attention|conditioned_transition,token_single,256,30,"{""token_single"": [256]}"
layernorm_fwd_saveact_strided_triton,sm86,bfloat16+float32,shape_key=2147746586,triangle_multiplication,token_pair,128|256|384|512|640|768,156,"{""token_pair"": [128, 256, 384, 512, 640, 768]}"
layernorm_fwd_saveact_strided_triton,sm86,bfloat16+float32,shape_key=2148008730,pairformer_block|triangle_multiplication,token_pair,128|256|384|512|640|768,456,"{""token_pair"": [128, 256, 384, 512, 640, 768]}"
layernorm_fwd_saveact_strided_triton,sm86,bfloat16+float32,shape_key=2148533018,triangle_multiplication,token_pair,128|256|384|512|640|768,156,"{""token_pair"": [128, 256, 384, 512, 640, 768]}"
layernorm_fwd_saveact_strided_triton,sm86,bfloat16+float32,shape_key=2149057306,triangle_multiplication,token_pair,128|256|384|512|640|768,156,"{""token_pair"": [128, 256, 384, 512, 640, 768]}"
layernorm_fwd_saveact_strided_triton,sm86,bfloat16+float32,shape_key=2473901687578,adaptive_layernorm|augmented_attention|conditioned_transition,atom_single,3072|4096|5120,90,"{""atom_single"": [3072, 4096, 5120]}"
layernorm_fwd_saveact_strided_triton,sm86,bfloat16+float32,shape_key=2473902211866,triangle_multiplication_bidirectional,token_pair,384,13,"{""token_pair"": [384]}"
layernorm_fwd_saveact_strided_triton,sm86,bfloat16+float32,shape_key=274878432026,adaptive_layernorm|augmented_attention|conditioned_transition,atom_single,1024,30,"{""atom_single"": [1024]}"
layernorm_fwd_saveact_strided_triton,sm86,bfloat16+float32,shape_key=274878956314,triangle_multiplication_bidirectional,token_pair,128,13,"{""token_pair"": [128]}"
layernorm_fwd_saveact_strided_triton,sm86,bfloat16+float32,shape_key=274879480602,adaptive_layernorm|augmented_attention|conditioned_transition,token_single,384|512|640|768,120,"{""token_single"": [384, 512, 640, 768]}"
layernorm_fwd_saveact_strided_triton,sm86,bfloat16+float32,shape_key=274881053466,adaptive_layernorm|augmented_attention|conditioned_transition,token_single,384|512|640|768,120,"{""token_single"": [384, 512, 640, 768]}"
layernorm_fwd_saveact_strided_triton,sm86,bfloat16+float32,shape_key=4398047036186,adaptive_layernorm|augmented_attention|conditioned_transition,atom_single,6144|7168|8192,90,"{""atom_single"": [6144, 7168, 8192]}"
layernorm_fwd_saveact_strided_triton,sm86,bfloat16+float32,shape_key=4398047560474,triangle_multiplication_bidirectional,token_pair,512,13,"{""token_pair"": [512]}"
layernorm_fwd_saveact_strided_triton,sm86,bfloat16+float32,shape_key=6871948722970,triangle_multiplication_bidirectional,token_pair,640,13,"{""token_pair"": [640]}"
layernorm_fwd_saveact_strided_triton,sm86,bfloat16+float32,shape_key=68721050394,adaptive_layernorm|augmented_attention|conditioned_transition,token_single,128,30,"{""token_single"": [128]}"
layernorm_fwd_saveact_strided_triton,sm86,bfloat16+float32,shape_key=68722623258,adaptive_layernorm|augmented_attention|conditioned_transition,token_single,128,30,"{""token_single"": [128]}"
layernorm_fwd_saveact_strided_triton,sm86,bfloat16+float32,shape_key=9895605699354,triangle_multiplication_bidirectional,token_pair,768,13,"{""token_pair"": [768]}"
layernorm_fwd_saveact_strided_triton,sm86,float32,shape_key=1099512152858,adaptive_layernorm|augmented_attention|conditioned_transition,atom_single,2048,30,"{""atom_single"": [2048]}"
layernorm_fwd_saveact_strided_triton,sm86,float32,shape_key=137440527130,adaptive_layernorm|augmented_attention|conditioned_transition,token_single,256,30,"{""token_single"": [256]}"
layernorm_fwd_saveact_strided_triton,sm86,float32,shape_key=137442099994,adaptive_layernorm|augmented_attention|conditioned_transition,token_single,256,30,"{""token_single"": [256]}"
layernorm_fwd_saveact_strided_triton,sm86,float32,shape_key=2473901687578,adaptive_layernorm|augmented_attention|conditioned_transition,atom_single,3072|4096|5120,90,"{""atom_single"": [3072, 4096, 5120]}"
layernorm_fwd_saveact_strided_triton,sm86,float32,shape_key=274878432026,adaptive_layernorm|augmented_attention|conditioned_transition,atom_single,1024,30,"{""atom_single"": [1024]}"
layernorm_fwd_saveact_strided_triton,sm86,float32,shape_key=274879480602,adaptive_layernorm|augmented_attention|conditioned_transition,token_single,384|512|640|768,120,"{""token_single"": [384, 512, 640, 768]}"
layernorm_fwd_saveact_strided_triton,sm86,float32,shape_key=274881053466,adaptive_layernorm|augmented_attention|conditioned_transition,token_single,384|512|640|768,120,"{""token_single"": [384, 512, 640, 768]}"
layernorm_fwd_saveact_strided_triton,sm86,float32,shape_key=4398047036186,adaptive_layernorm|augmented_attention|conditioned_transition,atom_single,6144|7168|8192,90,"{""atom_single"": [6144, 7168, 8192]}"
layernorm_fwd_saveact_strided_triton,sm86,float32,shape_key=68721050394,adaptive_layernorm|augmented_attention|conditioned_transition,token_single,128,30,"{""token_single"": [128]}"
layernorm_fwd_saveact_strided_triton,sm86,float32,shape_key=68722623258,adaptive_layernorm|augmented_attention|conditioned_transition,token_single,128,30,"{""token_single"": [128]}"
layernorm_fwd_saveact_triton,sm86,bfloat16+float32,"HAS_ROWSCALE=0,shape_key=10738991898",layernorm_native|transition,token_single,640,88,"{""token_single"": [640]}"
layernorm_fwd_saveact_triton,sm86,bfloat16+float32,"HAS_ROWSCALE=0,shape_key=10739266330",layernorm_native,token_single,640,6,"{""token_single"": [640]}"
layernorm_fwd_saveact_triton,sm86,bfloat16+float32,"HAS_ROWSCALE=0,shape_key=10740564762",layernorm_native|transition,token_single,128|640,52,"{""token_single"": [128, 640]}"
layernorm_fwd_saveact_triton,sm86,bfloat16+float32,"HAS_ROWSCALE=0,shape_key=10740822810",layernorm_native,token_single,640,6,"{""token_single"": [640]}"
layernorm_fwd_saveact_triton,sm86,bfloat16+float32,"HAS_ROWSCALE=0,shape_key=10740831002",layernorm_native,token_single,640,6,"{""token_single"": [640]}"
layernorm_fwd_saveact_triton,sm86,bfloat16+float32,"HAS_ROWSCALE=0,shape_key=10747904794",layernorm_native,token_single,640,6,"{""token_single"": [640]}"
layernorm_fwd_saveact_triton,sm86,bfloat16+float32,"HAS_ROWSCALE=0,shape_key=1099511694106",layernorm_native,atom_pair,1024,6,"{""atom_pair"": [1024]}"
layernorm_fwd_saveact_triton,sm86,bfloat16+float32,"HAS_ROWSCALE=0,shape_key=1099511890714",layernorm_native|transition|triangle_multiplication,token_pair,256,80,"{""token_pair"": [256]}"
layernorm_fwd_saveact_triton,sm86,bfloat16+float32,"HAS_ROWSCALE=0,shape_key=1099512152858",augmented_attention|layernorm_native|msa_pair_weighted_averaging|pairformer_block|transition|triangle_attention_bidirectional|triangle_multiplication|triangle_multiplication_bidirectional,atom_single|msa_token|token_pair|token_single,256|2048,306,"{""atom_single"": [2048], ""msa_token"": [256], ""token_pair"": [256], ""token_single"": [256]}"
layernorm_fwd_saveact_triton,sm86,bfloat16+float32,"HAS_ROWSCALE=0,shape_key=1099512677146",augmented_attention|layernorm_native|msa_pair_weighted_averaging|transition|triangle_multiplication,msa_token|token_pair|token_single,256,150,"{""msa_token"": [256], ""token_pair"": [256], ""token_single"": [256]}"
layernorm_fwd_saveact_triton,sm86,bfloat16+float32,"HAS_ROWSCALE=0,shape_key=1099512722202",layernorm_native,token_pair,256,6,"{""token_pair"": [256]}"
layernorm_fwd_saveact_triton,sm86,bfloat16+float32,"HAS_ROWSCALE=0,shape_key=1099513201434",layernorm_native|msa_pair_weighted_averaging|transition|triangle_multiplication,msa_token|token_pair,256,93,"{""msa_token"": [256], ""token_pair"": [256]}"
layernorm_fwd_saveact_triton,sm86,bfloat16+float32,"HAS_ROWSCALE=0,shape_key=1099513725722",layernorm_native,token_pair,256,12,"{""token_pair"": [256]}"
layernorm_fwd_saveact_triton,sm86,bfloat16+float32,"HAS_ROWSCALE=0,shape_key=12886475546",layernorm_native|transition,token_single,768,88,"{""token_single"": [768]}"
layernorm_fwd_saveact_triton,sm86,bfloat16+float32,"HAS_ROWSCALE=0,shape_key=12886749978",layernorm_native,token_single,768,6,"{""token_single"": [768]}"
layernorm_fwd_saveact_triton,sm86,bfloat16+float32,"HAS_ROWSCALE=0,shape_key=12888048410",layernorm_native|transition,token_single,768,50,"{""token_single"": [768]}"
layernorm_fwd_saveact_triton,sm86,bfloat16+float32,"HAS_ROWSCALE=0,shape_key=12888306458",layernorm_native,token_single,768,6,"{""token_single"": [768]}"
layernorm_fwd_saveact_triton,sm86,bfloat16+float32,"HAS_ROWSCALE=0,shape_key=12888314650",layernorm_native,token_single,768,6,"{""token_single"": [768]}"
layernorm_fwd_saveact_triton,sm86,bfloat16+float32,"HAS_ROWSCALE=0,shape_key=12895388442",layernorm_native,token_single,768,6,"{""token_single"": [768]}"
layernorm_fwd_saveact_triton,sm86,bfloat16+float32,"HAS_ROWSCALE=0,shape_key=137439478554",layernorm_native,atom_single,2048|3072|8192,16,"{""atom_single"": [2048, 3072, 8192]}"
layernorm_fwd_saveact_triton,sm86,bfloat16+float32,"HAS_ROWSCALE=0,shape_key=137442099994",layernorm_native,token_single,256,10,"{""token_single"": [256]}"
layernorm_fwd_saveact_triton,sm86,bfloat16+float32,"HAS_ROWSCALE=0,shape_key=17180132122",layernorm_native|msa_pair_weighted_averaging|outer_product_mean|transition,msa_token,128,57,"{""msa_token"": [128]}"
layernorm_fwd_saveact_triton,sm86,bfloat16+float32,"HAS_ROWSCALE=0,shape_key=17180394266",layernorm_native|msa_pair_weighted_averaging|outer_product_mean|transition,atom_single|msa_token,128|1024,89,"{""atom_single"": [1024], ""msa_token"": [128]}"
layernorm_fwd_saveact_triton,sm86,bfloat16+float32,"HAS_ROWSCALE=0,shape_key=17183015706",layernorm_native,token_single,256|384,4,"{""token_single"": [256, 384]}"
layernorm_fwd_saveact_triton,sm86,bfloat16+float32,"HAS_ROWSCALE=0,shape_key=2148533018",layernorm_native,noise,1,12,"{""noise"": [1]}"
layernorm_fwd_saveact_triton,sm86,bfloat16+float32,"HAS_ROWSCALE=0,shape_key=2149057306",layernorm_native|transition,token_single,128,88,"{""token_single"": [128]}"
layernorm_fwd_saveact_triton,sm86,bfloat16+float32,"HAS_ROWSCALE=0,shape_key=2149331738",layernorm_native,token_single,128,6,"{""token_single"": [128]}"
layernorm_fwd_saveact_triton,sm86,bfloat16+float32,"HAS_ROWSCALE=0,shape_key=2150630170",layernorm_native|transition,token_single,128,50,"{""token_single"": [128]}"
layernorm_fwd_saveact_triton,sm86,bfloat16+float32,"HAS_ROWSCALE=0,shape_key=2150888218",layernorm_native,token_single,128,6,"{""token_single"": [128]}"
layernorm_fwd_saveact_triton,sm86,bfloat16+float32,"HAS_ROWSCALE=0,shape_key=2150896410",layernorm_native,token_single,128,6,"{""token_single"": [128]}"
layernorm_fwd_saveact_triton,sm86,bfloat16+float32,"HAS_ROWSCALE=0,shape_key=2157970202",layernorm_native,token_single,128,6,"{""token_single"": [128]}"
layernorm_fwd_saveact_triton,sm86,bfloat16+float32,"HAS_ROWSCALE=0,shape_key=2473901425434",layernorm_native|transition|triangle_attention_checkpoint|triangle_multiplication,token_pair,384,116,"{""token_pair"": [384]}"
layernorm_fwd_saveact_triton,sm86,bfloat16+float32,"HAS_ROWSCALE=0,shape_key=2473901687578",augmented_attention|layernorm_native|msa_pair_weighted_averaging|pairformer_block|transition|triangle_attention_bidirectional|triangle_attention_heads|triangle_multiplication|triangle_multiplication_bidirectional,atom_single|msa_token|token_pair|token_single,384|3072|4096|5120,416,"{""atom_single"": [3072, 4096, 5120], ""msa_token"": [384], ""token_pair"": [384], ""token_single"": [384]}"
layernorm_fwd_saveact_triton,sm86,bfloat16+float32,"HAS_ROWSCALE=0,shape_key=2473902211866",augmented_attention|layernorm_native|msa_pair_weighted_averaging|transition|triangle_attention_checkpoint|triangle_multiplication,msa_token|token_pair|token_single,384,162,"{""msa_token"": [384], ""token_pair"": [384], ""token_single"": [384]}"
layernorm_fwd_saveact_triton,sm86,bfloat16+float32,"HAS_ROWSCALE=0,shape_key=2473902256922",layernorm_native,token_pair,384,6,"{""token_pair"": [384]}"
layernorm_fwd_saveact_triton,sm86,bfloat16+float32,"HAS_ROWSCALE=0,shape_key=2473902736154",layernorm_native|msa_pair_weighted_averaging|transition|triangle_attention_checkpoint|triangle_multiplication,msa_token|token_pair,384,105,"{""msa_token"": [384], ""token_pair"": [384]}"
layernorm_fwd_saveact_triton,sm86,bfloat16+float32,"HAS_ROWSCALE=0,shape_key=2473903260442",layernorm_native,token_pair,384,12,"{""token_pair"": [384]}"
layernorm_fwd_saveact_triton,sm86,bfloat16+float32,"HAS_ROWSCALE=0,shape_key=274878169882",layernorm_native|transition|triangle_multiplication,token_pair,128,80,"{""token_pair"": [128]}"
layernorm_fwd_saveact_triton,sm86,bfloat16+float32,"HAS_ROWSCALE=0,shape_key=274878432026",augmented_attention|layernorm_native|msa_pair_weighted_averaging|pairformer_block|transition|triangle_attention_bidirectional|triangle_multiplication|triangle_multiplication_bidirectional,atom_single|msa_token|token_pair|token_single,128|1024|4096|5120|6144|7168|8192,316,"{""atom_single"": [1024, 4096, 5120, 6144, 7168, 8192], ""msa_token"": [128], ""token_pair"": [128], ""token_single"": [128]}"
layernorm_fwd_saveact_triton,sm86,bfloat16+float32,"HAS_ROWSCALE=0,shape_key=274878956314",augmented_attention|layernorm_native|msa_pair_weighted_averaging|transition|triangle_multiplication,msa_token|token_pair|token_single,128,150,"{""msa_token"": [128], ""token_pair"": [128], ""token_single"": [128]}"
layernorm_fwd_saveact_triton,sm86,bfloat16+float32,"HAS_ROWSCALE=0,shape_key=274879001370",layernorm_native,token_pair,128,6,"{""token_pair"": [128]}"
layernorm_fwd_saveact_triton,sm86,bfloat16+float32,"HAS_ROWSCALE=0,shape_key=274879480602",layernorm_native|msa_pair_weighted_averaging|transition|triangle_multiplication,msa_token|token_pair,128,93,"{""msa_token"": [128], ""token_pair"": [128]}"
layernorm_fwd_saveact_triton,sm86,bfloat16+float32,"HAS_ROWSCALE=0,shape_key=274880004890",layernorm_native,token_pair,128,12,"{""token_pair"": [128]}"
layernorm_fwd_saveact_triton,sm86,bfloat16+float32,"HAS_ROWSCALE=0,shape_key=274881053466",layernorm_native,token_single,384|512|640|768,40,"{""token_single"": [384, 512, 640, 768]}"
layernorm_fwd_saveact_triton,sm86,bfloat16+float32,"HAS_ROWSCALE=0,shape_key=34360001306",layernorm_native|msa_pair_weighted_averaging|outer_product_mean|transition,msa_token,256|384,114,"{""msa_token"": [256, 384]}"
layernorm_fwd_saveact_triton,sm86,bfloat16+float32,"HAS_ROWSCALE=0,shape_key=34360263450",layernorm_native|msa_pair_weighted_averaging|outer_product_mean|transition,atom_single|msa_token,256|384|2048|3072,178,"{""atom_single"": [2048, 3072], ""msa_token"": [256, 384]}"
layernorm_fwd_saveact_triton,sm86,bfloat16+float32,"HAS_ROWSCALE=0,shape_key=34362884890",layernorm_native,token_single,512|640|768,6,"{""token_single"": [512, 640, 768]}"
layernorm_fwd_saveact_triton,sm86,bfloat16+float32,"HAS_ROWSCALE=0,shape_key=4296540954",layernorm_native|transition,token_single,256,88,"{""token_single"": [256]}"
layernorm_fwd_saveact_triton,sm86,bfloat16+float32,"HAS_ROWSCALE=0,shape_key=4296815386",layernorm_native,token_single,256,6,"{""token_single"": [256]}"
layernorm_fwd_saveact_triton,sm86,bfloat16+float32,"HAS_ROWSCALE=0,shape_key=4298113818",layernorm_native|transition,token_single,256,50,"{""token_single"": [256]}"
layernorm_fwd_saveact_triton,sm86,bfloat16+float32,"HAS_ROWSCALE=0,shape_key=4298371866",layernorm_native,token_single,256,6,"{""token_single"": [256]}"
layernorm_fwd_saveact_triton,sm86,bfloat16+float32,"HAS_ROWSCALE=0,shape_key=4298380058",layernorm_native,token_single,256,6,"{""token_single"": [256]}"
layernorm_fwd_saveact_triton,sm86,bfloat16+float32,"HAS_ROWSCALE=0,shape_key=4305453850",layernorm_native,token_single,256,6,"{""token_single"": [256]}"
layernorm_fwd_saveact_triton,sm86,bfloat16+float32,"HAS_ROWSCALE=0,shape_key=4398046577434",layernorm_native,atom_pair,2048|3072,12,"{""atom_pair"": [2048, 3072]}"
layernorm_fwd_saveact_triton,sm86,bfloat16+float32,"HAS_ROWSCALE=0,shape_key=4398046774042",layernorm_native|transition|triangle_attention_checkpoint|triangle_multiplication,token_pair,512,116,"{""token_pair"": [512]}"
layernorm_fwd_saveact_triton,sm86,bfloat16+float32,"HAS_ROWSCALE=0,shape_key=4398047036186",augmented_attention|layernorm_native|msa_pair_weighted_averaging|pairformer_block|transition|triangle_attention_bidirectional|triangle_attention_heads|triangle_multiplication|triangle_multiplication_bidirectional,atom_single|msa_token|token_pair|token_single,512|6144|7168|8192,416,"{""atom_single"": [6144, 7168, 8192], ""msa_token"": [512], ""token_pair"": [512], ""token_single"": [512]}"
layernorm_fwd_saveact_triton,sm86,bfloat16+float32,"HAS_ROWSCALE=0,shape_key=4398047560474",augmented_attention|layernorm_native|msa_pair_weighted_averaging|transition|triangle_attention_checkpoint|triangle_multiplication,msa_token|token_pair|token_single,512,162,"{""msa_token"": [512], ""token_pair"": [512], ""token_single"": [512]}"
layernorm_fwd_saveact_triton,sm86,bfloat16+float32,"HAS_ROWSCALE=0,shape_key=4398047605530",layernorm_native,token_pair,512,6,"{""token_pair"": [512]}"
layernorm_fwd_saveact_triton,sm86,bfloat16+float32,"HAS_ROWSCALE=0,shape_key=4398048084762",layernorm_native|msa_pair_weighted_averaging|transition|triangle_attention_checkpoint|triangle_multiplication,msa_token|token_pair,512,105,"{""msa_token"": [512], ""token_pair"": [512]}"
layernorm_fwd_saveact_triton,sm86,bfloat16+float32,"HAS_ROWSCALE=0,shape_key=4398048609050",layernorm_native,token_pair,512,12,"{""token_pair"": [512]}"
layernorm_fwd_saveact_triton,sm86,bfloat16+float32,"HAS_ROWSCALE=0,shape_key=6444024602",layernorm_native|transition,token_single,384,88,"{""token_single"": [384]}"
layernorm_fwd_saveact_triton,sm86,bfloat16+float32,"HAS_ROWSCALE=0,shape_key=6444299034",layernorm_native,token_single,384,6,"{""token_single"": [384]}"
layernorm_fwd_saveact_triton,sm86,bfloat16+float32,"HAS_ROWSCALE=0,shape_key=6445597466",layernorm_native|transition,token_single,384,50,"{""token_single"": [384]}"
layernorm_fwd_saveact_triton,sm86,bfloat16+float32,"HAS_ROWSCALE=0,shape_key=6445855514",layernorm_native,token_single,384,6,"{""token_single"": [384]}"
layernorm_fwd_saveact_triton,sm86,bfloat16+float32,"HAS_ROWSCALE=0,shape_key=6445863706",layernorm_native,token_single,384,6,"{""token_single"": [384]}"
layernorm_fwd_saveact_triton,sm86,bfloat16+float32,"HAS_ROWSCALE=0,shape_key=6452937498",layernorm_native,token_single,384,6,"{""token_single"": [384]}"
layernorm_fwd_saveact_triton,sm86,bfloat16+float32,"HAS_ROWSCALE=0,shape_key=6871947739930",layernorm_native,atom_pair,4096,6,"{""atom_pair"": [4096]}"
layernorm_fwd_saveact_triton,sm86,bfloat16+float32,"HAS_ROWSCALE=0,shape_key=6871947936538",layernorm_native|transition|triangle_attention_checkpoint|triangle_multiplication,token_pair,640,116,"{""token_pair"": [640]}"
layernorm_fwd_saveact_triton,sm86,bfloat16+float32,"HAS_ROWSCALE=0,shape_key=6871948198682",augmented_attention|layernorm_native|msa_pair_weighted_averaging|pairformer_block|transition|triangle_attention_bidirectional|triangle_attention_heads|triangle_multiplication|triangle_multiplication_bidirectional,msa_token|token_pair|token_single,640,386,"{""msa_token"": [640], ""token_pair"": [640], ""token_single"": [640]}"
layernorm_fwd_saveact_triton,sm86,bfloat16+float32,"HAS_ROWSCALE=0,shape_key=6871948722970",augmented_attention|layernorm_native|msa_pair_weighted_averaging|transition|triangle_attention_checkpoint|triangle_multiplication,msa_token|token_pair|token_single,640,162,"{""msa_token"": [640], ""token_pair"": [640], ""token_single"": [640]}"
layernorm_fwd_saveact_triton,sm86,bfloat16+float32,"HAS_ROWSCALE=0,shape_key=6871948768026",layernorm_native,token_pair,640,6,"{""token_pair"": [640]}"
layernorm_fwd_saveact_triton,sm86,bfloat16+float32,"HAS_ROWSCALE=0,shape_key=6871949247258",layernorm_native|msa_pair_weighted_averaging|transition|triangle_attention_checkpoint|triangle_multiplication,msa_token|token_pair,640,105,"{""msa_token"": [640], ""token_pair"": [640]}"
layernorm_fwd_saveact_triton,sm86,bfloat16+float32,"HAS_ROWSCALE=0,shape_key=6871949771546",layernorm_native,token_pair,640,12,"{""token_pair"": [640]}"
layernorm_fwd_saveact_triton,sm86,bfloat16+float32,"HAS_ROWSCALE=0,shape_key=68719739674",layernorm_native|msa_pair_weighted_averaging|outer_product_mean|transition,msa_token,512|640|768,171,"{""msa_token"": [512, 640, 768]}"
layernorm_fwd_saveact_triton,sm86,bfloat16+float32,"HAS_ROWSCALE=0,shape_key=68720001818",layernorm_native|msa_pair_weighted_averaging|outer_product_mean|transition,atom_single|msa_token,512|640|768|1024|4096|5120|6144|7168,281,"{""atom_single"": [1024, 4096, 5120, 6144, 7168], ""msa_token"": [512, 640, 768]}"
layernorm_fwd_saveact_triton,sm86,bfloat16+float32,"HAS_ROWSCALE=0,shape_key=68722623258",layernorm_native,token_single,128,10,"{""token_single"": [128]}"
layernorm_fwd_saveact_triton,sm86,bfloat16+float32,"HAS_ROWSCALE=0,shape_key=8591508250",layernorm_native|transition,token_single,512,88,"{""token_single"": [512]}"
layernorm_fwd_saveact_triton,sm86,bfloat16+float32,"HAS_ROWSCALE=0,shape_key=8591782682",layernorm_native,token_single,512,6,"{""token_single"": [512]}"
layernorm_fwd_saveact_triton,sm86,bfloat16+float32,"HAS_ROWSCALE=0,shape_key=8593081114",layernorm_native|transition,token_single,512,50,"{""token_single"": [512]}"
layernorm_fwd_saveact_triton,sm86,bfloat16+float32,"HAS_ROWSCALE=0,shape_key=8593339162",layernorm_native,token_single,512,6,"{""token_single"": [512]}"
layernorm_fwd_saveact_triton,sm86,bfloat16+float32,"HAS_ROWSCALE=0,shape_key=8593347354",layernorm_native,token_single,512,6,"{""token_single"": [512]}"
layernorm_fwd_saveact_triton,sm86,bfloat16+float32,"HAS_ROWSCALE=0,shape_key=8600421146",layernorm_native,token_single,512,6,"{""token_single"": [512]}"
layernorm_fwd_saveact_triton,sm86,bfloat16+float32,"HAS_ROWSCALE=0,shape_key=9895604716314",augmented_attention|layernorm_native,atom_pair|atom_single,1024|2048|3072|4096|5120|6144|7168|8192,120,"{""atom_pair"": [5120, 6144, 7168, 8192], ""atom_single"": [1024, 2048, 3072, 4096, 5120, 6144, 7168, 8192]}"
layernorm_fwd_saveact_triton,sm86,bfloat16+float32,"HAS_ROWSCALE=0,shape_key=9895604912922",layernorm_native|transition|triangle_attention_checkpoint|triangle_multiplication,token_pair,768,116,"{""token_pair"": [768]}"
layernorm_fwd_saveact_triton,sm86,bfloat16+float32,"HAS_ROWSCALE=0,shape_key=9895605175066",augmented_attention|layernorm_native|msa_pair_weighted_averaging|pairformer_block|transition|triangle_attention_bidirectional|triangle_attention_heads|triangle_multiplication|triangle_multiplication_bidirectional,msa_token|token_pair|token_single,768,386,"{""msa_token"": [768], ""token_pair"": [768], ""token_single"": [768]}"
layernorm_fwd_saveact_triton,sm86,bfloat16+float32,"HAS_ROWSCALE=0,shape_key=9895605699354",augmented_attention|layernorm_native|msa_pair_weighted_averaging|transition|triangle_attention_checkpoint|triangle_multiplication,msa_token|token_pair|token_single,768,162,"{""msa_token"": [768], ""token_pair"": [768], ""token_single"": [768]}"
layernorm_fwd_saveact_triton,sm86,bfloat16+float32,"HAS_ROWSCALE=0,shape_key=9895605744410",layernorm_native,token_pair,768,6,"{""token_pair"": [768]}"
layernorm_fwd_saveact_triton,sm86,bfloat16+float32,"HAS_ROWSCALE=0,shape_key=9895606223642",layernorm_native|msa_pair_weighted_averaging|transition|triangle_attention_checkpoint|triangle_multiplication,msa_token|token_pair,768,105,"{""msa_token"": [768], ""token_pair"": [768]}"
layernorm_fwd_saveact_triton,sm86,bfloat16+float32,"HAS_ROWSCALE=0,shape_key=9895606747930",layernorm_native,token_pair,768,12,"{""token_pair"": [768]}"
layernorm_fwd_saveact_triton,sm86,float32,"HAS_ROWSCALE=0,shape_key=1099512152858",augmented_attention,token_single,256,12,"{""token_single"": [256]}"
layernorm_fwd_saveact_triton,sm86,float32,"HAS_ROWSCALE=0,shape_key=1099512677146",augmented_attention,token_single,256,12,"{""token_single"": [256]}"
layernorm_fwd_saveact_triton,sm86,float32,"HAS_ROWSCALE=0,shape_key=2473901687578",augmented_attention,token_single,384,12,"{""token_single"": [384]}"
layernorm_fwd_saveact_triton,sm86,float32,"HAS_ROWSCALE=0,shape_key=2473902211866",augmented_attention,token_single,384,12,"{""token_single"": [384]}"
layernorm_fwd_saveact_triton,sm86,float32,"HAS_ROWSCALE=0,shape_key=274878432026",augmented_attention,token_single,128,12,"{""token_single"": [128]}"
layernorm_fwd_saveact_triton,sm86,float32,"HAS_ROWSCALE=0,shape_key=274878956314",augmented_attention,token_single,128,12,"{""token_single"": [128]}"
layernorm_fwd_saveact_triton,sm86,float32,"HAS_ROWSCALE=0,shape_key=4398047036186",augmented_attention,token_single,512,12,"{""token_single"": [512]}"
layernorm_fwd_saveact_triton,sm86,float32,"HAS_ROWSCALE=0,shape_key=4398047560474",augmented_attention,token_single,512,12,"{""token_single"": [512]}"
layernorm_fwd_saveact_triton,sm86,float32,"HAS_ROWSCALE=0,shape_key=6871948198682",augmented_attention,token_single,640,12,"{""token_single"": [640]}"
layernorm_fwd_saveact_triton,sm86,float32,"HAS_ROWSCALE=0,shape_key=6871948722970",augmented_attention,token_single,640,12,"{""token_single"": [640]}"
layernorm_fwd_saveact_triton,sm86,float32,"HAS_ROWSCALE=0,shape_key=9895604716314",augmented_attention,atom_single,1024|2048|3072|4096|5120|6144|7168|8192,96,"{""atom_single"": [1024, 2048, 3072, 4096, 5120, 6144, 7168, 8192]}"
layernorm_fwd_saveact_triton,sm86,float32,"HAS_ROWSCALE=0,shape_key=9895605175066",augmented_attention,token_single,768,12,"{""token_single"": [768]}"
layernorm_fwd_saveact_triton,sm86,float32,"HAS_ROWSCALE=0,shape_key=9895605699354",augmented_attention,token_single,768,12,"{""token_single"": [768]}"
layernorm_fwd_strided_triton,sm86,bfloat16,"HAS_W=1,shape_key=10738991898",adaptive_layernorm|augmented_attention|conditioned_transition,token_single,640,7,"{""token_single"": [640]}"
layernorm_fwd_strided_triton,sm86,bfloat16,"HAS_W=1,shape_key=10740564762",adaptive_layernorm|augmented_attention|conditioned_transition,token_single,640,7,"{""token_single"": [640]}"
layernorm_fwd_strided_triton,sm86,bfloat16,"HAS_W=1,shape_key=12886475546",adaptive_layernorm|augmented_attention|conditioned_transition,token_single,768,7,"{""token_single"": [768]}"
layernorm_fwd_strided_triton,sm86,bfloat16,"HAS_W=1,shape_key=12888048410",adaptive_layernorm|augmented_attention|conditioned_transition,token_single,768,7,"{""token_single"": [768]}"
layernorm_fwd_strided_triton,sm86,bfloat16,"HAS_W=1,shape_key=2149057306",adaptive_layernorm|augmented_attention|conditioned_transition,token_single,128,7,"{""token_single"": [128]}"
layernorm_fwd_strided_triton,sm86,bfloat16,"HAS_W=1,shape_key=2150630170",adaptive_layernorm|augmented_attention|conditioned_transition,token_single,128,7,"{""token_single"": [128]}"
layernorm_fwd_strided_triton,sm86,bfloat16,"HAS_W=1,shape_key=4296540954",adaptive_layernorm|augmented_attention|conditioned_transition,token_single,256,7,"{""token_single"": [256]}"
layernorm_fwd_strided_triton,sm86,bfloat16,"HAS_W=1,shape_key=4298113818",adaptive_layernorm|augmented_attention|conditioned_transition,token_single,256,7,"{""token_single"": [256]}"
layernorm_fwd_strided_triton,sm86,bfloat16,"HAS_W=1,shape_key=6444024602",adaptive_layernorm|augmented_attention|conditioned_transition,token_single,384,7,"{""token_single"": [384]}"
layernorm_fwd_strided_triton,sm86,bfloat16,"HAS_W=1,shape_key=6445597466",adaptive_layernorm|augmented_attention|conditioned_transition,token_single,384,7,"{""token_single"": [384]}"
layernorm_fwd_strided_triton,sm86,bfloat16,"HAS_W=1,shape_key=8591508250",adaptive_layernorm|augmented_attention|conditioned_transition,token_single,512,7,"{""token_single"": [512]}"
layernorm_fwd_strided_triton,sm86,bfloat16,"HAS_W=1,shape_key=8593081114",adaptive_layernorm|augmented_attention|conditioned_transition,token_single,512,7,"{""token_single"": [512]}"
layernorm_fwd_strided_triton,sm86,float32,"HAS_W=1,shape_key=10738991898",adaptive_layernorm|augmented_attention|conditioned_transition,token_single,640,7,"{""token_single"": [640]}"
layernorm_fwd_strided_triton,sm86,float32,"HAS_W=1,shape_key=10740564762",adaptive_layernorm|augmented_attention|conditioned_transition,token_single,640,7,"{""token_single"": [640]}"
layernorm_fwd_strided_triton,sm86,float32,"HAS_W=1,shape_key=12886475546",adaptive_layernorm|augmented_attention|conditioned_transition,token_single,768,7,"{""token_single"": [768]}"
layernorm_fwd_strided_triton,sm86,float32,"HAS_W=1,shape_key=12888048410",adaptive_layernorm|augmented_attention|conditioned_transition,token_single,768,7,"{""token_single"": [768]}"
layernorm_fwd_strided_triton,sm86,float32,"HAS_W=1,shape_key=2149057306",adaptive_layernorm|augmented_attention|conditioned_transition,token_single,128,7,"{""token_single"": [128]}"
layernorm_fwd_strided_triton,sm86,float32,"HAS_W=1,shape_key=2150630170",adaptive_layernorm|augmented_attention|conditioned_transition,token_single,128,7,"{""token_single"": [128]}"
layernorm_fwd_strided_triton,sm86,float32,"HAS_W=1,shape_key=4296540954",adaptive_layernorm|augmented_attention|conditioned_transition,token_single,256,7,"{""token_single"": [256]}"
layernorm_fwd_strided_triton,sm86,float32,"HAS_W=1,shape_key=4298113818",adaptive_layernorm|augmented_attention|conditioned_transition,token_single,256,7,"{""token_single"": [256]}"
layernorm_fwd_strided_triton,sm86,float32,"HAS_W=1,shape_key=6444024602",adaptive_layernorm|augmented_attention|conditioned_transition,token_single,384,7,"{""token_single"": [384]}"
layernorm_fwd_strided_triton,sm86,float32,"HAS_W=1,shape_key=6445597466",adaptive_layernorm|augmented_attention|conditioned_transition,token_single,384,7,"{""token_single"": [384]}"
layernorm_fwd_strided_triton,sm86,float32,"HAS_W=1,shape_key=8591508250",adaptive_layernorm|augmented_attention|conditioned_transition,token_single,512,7,"{""token_single"": [512]}"
layernorm_fwd_strided_triton,sm86,float32,"HAS_W=1,shape_key=8593081114",adaptive_layernorm|augmented_attention|conditioned_transition,token_single,512,7,"{""token_single"": [512]}"
layernorm_linear_bwd_fp32_triton,sm86,bfloat16+float32,shape_key=10133100235334847,layernorm_linear_native,token_pair,384,5,"{""token_pair"": [384]}"
layernorm_linear_bwd_fp32_triton,sm86,bfloat16+float32,shape_key=10133100235343039,layernorm_linear_native,token_pair,384,5,"{""token_pair"": [384]}"
layernorm_linear_bwd_fp32_triton,sm86,bfloat16+float32,shape_key=10133101309080767,layernorm_linear_atom_output,atom_single,3072|4096|5120,15,"{""atom_single"": [3072, 4096, 5120]}"
layernorm_linear_bwd_fp32_triton,sm86,bfloat16+float32,shape_key=10133101309084863,layernorm_linear_native,token_pair,384,5,"{""token_pair"": [384]}"
layernorm_linear_bwd_fp32_triton,sm86,bfloat16+float32,shape_key=10133101309101247,layernorm_linear_native,token_pair,384,5,"{""token_pair"": [384]}"
layernorm_linear_bwd_fp32_triton,sm86,bfloat16+float32,shape_key=10133101309134015,layernorm_linear_native,token_pair,384,5,"{""token_pair"": [384]}"
layernorm_linear_bwd_fp32_triton,sm86,bfloat16+float32,shape_key=10133103456584895,layernorm_linear_native,token_pair,384,5,"{""token_pair"": [384]}"
layernorm_linear_bwd_fp32_triton,sm86,bfloat16+float32,shape_key=10133103456617663,layernorm_linear_native,token_pair,384,5,"{""token_pair"": [384]}"
layernorm_linear_bwd_fp32_triton,sm86,bfloat16+float32,shape_key=10133105604068543,layernorm_linear_native,token_pair,384,5,"{""token_pair"": [384]}"
layernorm_linear_bwd_fp32_triton,sm86,bfloat16+float32,shape_key=10133105604084927,layernorm_linear_native,token_pair,384,5,"{""token_pair"": [384]}"
layernorm_linear_bwd_fp32_triton,sm86,bfloat16+float32,shape_key=10133105604101311,layernorm_linear_native,token_pair,384,5,"{""token_pair"": [384]}"
layernorm_linear_bwd_fp32_triton,sm86,bfloat16+float32,shape_key=1125900980593855,layernorm_linear_native,token_pair,128,5,"{""token_pair"": [128]}"
layernorm_linear_bwd_fp32_triton,sm86,bfloat16+float32,shape_key=1125900980602047,layernorm_linear_native,token_pair,128,5,"{""token_pair"": [128]}"
layernorm_linear_bwd_fp32_triton,sm86,bfloat16+float32,shape_key=1125902054339775,layernorm_linear_atom_output,atom_single,1024,5,"{""atom_single"": [1024]}"
layernorm_linear_bwd_fp32_triton,sm86,bfloat16+float32,shape_key=1125902054343871,layernorm_linear_native,token_pair,128,5,"{""token_pair"": [128]}"
layernorm_linear_bwd_fp32_triton,sm86,bfloat16+float32,shape_key=1125902054360255,layernorm_linear_native,token_pair,128,5,"{""token_pair"": [128]}"
layernorm_linear_bwd_fp32_triton,sm86,bfloat16+float32,shape_key=1125902054393023,layernorm_linear_native,token_pair,128,5,"{""token_pair"": [128]}"
layernorm_linear_bwd_fp32_triton,sm86,bfloat16+float32,shape_key=1125904201843903,layernorm_linear_native,token_pair,128,5,"{""token_pair"": [128]}"
layernorm_linear_bwd_fp32_triton,sm86,bfloat16+float32,shape_key=1125904201876671,layernorm_linear_native,token_pair,128,5,"{""token_pair"": [128]}"
layernorm_linear_bwd_fp32_triton,sm86,bfloat16+float32,shape_key=1125906349327551,layernorm_linear_native,token_pair,128,5,"{""token_pair"": [128]}"
layernorm_linear_bwd_fp32_triton,sm86,bfloat16+float32,shape_key=1125906349343935,layernorm_linear_native,token_pair,128,5,"{""token_pair"": [128]}"
layernorm_linear_bwd_fp32_triton,sm86,bfloat16+float32,shape_key=1125906349360319,layernorm_linear_native,token_pair,128,5,"{""token_pair"": [128]}"
layernorm_linear_bwd_fp32_triton,sm86,bfloat16+float32,shape_key=18014398777935039,layernorm_linear_native,atom_pair,2048|3072,10,"{""atom_pair"": [2048, 3072]}"
layernorm_linear_bwd_fp32_triton,sm86,bfloat16+float32,shape_key=18014398777967807,layernorm_linear_native,atom_pair,2048|3072,10,"{""atom_pair"": [2048, 3072]}"
layernorm_linear_bwd_fp32_triton,sm86,bfloat16+float32,shape_key=18014399583233215,layernorm_linear_native,token_pair,512,5,"{""token_pair"": [512]}"
layernorm_linear_bwd_fp32_triton,sm86,bfloat16+float32,shape_key=18014399583241407,layernorm_linear_native,token_pair,512,5,"{""token_pair"": [512]}"
layernorm_linear_bwd_fp32_triton,sm86,bfloat16+float32,shape_key=18014400656979135,layernorm_linear_atom_output,atom_single,6144|7168|8192,15,"{""atom_single"": [6144, 7168, 8192]}"
layernorm_linear_bwd_fp32_triton,sm86,bfloat16+float32,shape_key=18014400656983231,layernorm_linear_native,token_pair,512,5,"{""token_pair"": [512]}"
layernorm_linear_bwd_fp32_triton,sm86,bfloat16+float32,shape_key=18014400656999615,layernorm_linear_native,token_pair,512,5,"{""token_pair"": [512]}"
layernorm_linear_bwd_fp32_triton,sm86,bfloat16+float32,shape_key=18014400657032383,layernorm_linear_native,token_pair,512,5,"{""token_pair"": [512]}"
layernorm_linear_bwd_fp32_triton,sm86,bfloat16+float32,shape_key=18014402804483263,layernorm_linear_native,token_pair,512,5,"{""token_pair"": [512]}"
layernorm_linear_bwd_fp32_triton,sm86,bfloat16+float32,shape_key=18014402804516031,layernorm_linear_native,token_pair,512,5,"{""token_pair"": [512]}"
layernorm_linear_bwd_fp32_triton,sm86,bfloat16+float32,shape_key=18014404951966911,layernorm_linear_native,token_pair,512,5,"{""token_pair"": [512]}"
layernorm_linear_bwd_fp32_triton,sm86,bfloat16+float32,shape_key=18014404951983295,layernorm_linear_native,token_pair,512,5,"{""token_pair"": [512]}"
layernorm_linear_bwd_fp32_triton,sm86,bfloat16+float32,shape_key=18014404951999679,layernorm_linear_native,token_pair,512,5,"{""token_pair"": [512]}"
layernorm_linear_bwd_fp32_triton,sm86,bfloat16+float32,shape_key=28147497939518655,layernorm_linear_native,atom_pair,4096,5,"{""atom_pair"": [4096]}"
layernorm_linear_bwd_fp32_triton,sm86,bfloat16+float32,shape_key=28147497939551423,layernorm_linear_native,atom_pair,4096,5,"{""atom_pair"": [4096]}"
layernorm_linear_bwd_fp32_triton,sm86,bfloat16+float32,shape_key=28147498744816831,layernorm_linear_native,token_pair,640,5,"{""token_pair"": [640]}"
layernorm_linear_bwd_fp32_triton,sm86,bfloat16+float32,shape_key=28147498744825023,layernorm_linear_native,token_pair,640,5,"{""token_pair"": [640]}"
layernorm_linear_bwd_fp32_triton,sm86,bfloat16+float32,shape_key=28147499818566847,layernorm_linear_native,token_pair,640,5,"{""token_pair"": [640]}"
layernorm_linear_bwd_fp32_triton,sm86,bfloat16+float32,shape_key=28147499818583231,layernorm_linear_native,token_pair,640,5,"{""token_pair"": [640]}"
layernorm_linear_bwd_fp32_triton,sm86,bfloat16+float32,shape_key=28147499818615999,layernorm_linear_native,token_pair,640,5,"{""token_pair"": [640]}"
layernorm_linear_bwd_fp32_triton,sm86,bfloat16+float32,shape_key=28147501966066879,layernorm_linear_native,token_pair,640,5,"{""token_pair"": [640]}"
layernorm_linear_bwd_fp32_triton,sm86,bfloat16+float32,shape_key=28147501966099647,layernorm_linear_native,token_pair,640,5,"{""token_pair"": [640]}"
layernorm_linear_bwd_fp32_triton,sm86,bfloat16+float32,shape_key=28147504113550527,layernorm_linear_native,token_pair,640,5,"{""token_pair"": [640]}"
layernorm_linear_bwd_fp32_triton,sm86,bfloat16+float32,shape_key=28147504113566911,layernorm_linear_native,token_pair,640,5,"{""token_pair"": [640]}"
layernorm_linear_bwd_fp32_triton,sm86,bfloat16+float32,shape_key=28147504113583295,layernorm_linear_native,token_pair,640,5,"{""token_pair"": [640]}"
layernorm_linear_bwd_fp32_triton,sm86,bfloat16+float32,shape_key=40532396914787519,layernorm_linear_native,atom_pair,5120|6144|7168|8192,20,"{""atom_pair"": [5120, 6144, 7168, 8192]}"
layernorm_linear_bwd_fp32_triton,sm86,bfloat16+float32,shape_key=40532396914820287,layernorm_linear_native,atom_pair,5120|6144|7168|8192,20,"{""atom_pair"": [5120, 6144, 7168, 8192]}"
layernorm_linear_bwd_fp32_triton,sm86,bfloat16+float32,shape_key=40532397720085695,layernorm_linear_native,token_pair,768,5,"{""token_pair"": [768]}"
layernorm_linear_bwd_fp32_triton,sm86,bfloat16+float32,shape_key=40532397720093887,layernorm_linear_native,token_pair,768,5,"{""token_pair"": [768]}"
layernorm_linear_bwd_fp32_triton,sm86,bfloat16+float32,shape_key=40532398793835711,layernorm_linear_native,token_pair,768,5,"{""token_pair"": [768]}"
layernorm_linear_bwd_fp32_triton,sm86,bfloat16+float32,shape_key=40532398793852095,layernorm_linear_native,token_pair,768,5,"{""token_pair"": [768]}"
layernorm_linear_bwd_fp32_triton,sm86,bfloat16+float32,shape_key=40532398793884863,layernorm_linear_native,token_pair,768,5,"{""token_pair"": [768]}"
layernorm_linear_bwd_fp32_triton,sm86,bfloat16+float32,shape_key=40532400941335743,layernorm_linear_native,token_pair,768,5,"{""token_pair"": [768]}"
layernorm_linear_bwd_fp32_triton,sm86,bfloat16+float32,shape_key=40532400941368511,layernorm_linear_native,token_pair,768,5,"{""token_pair"": [768]}"
layernorm_linear_bwd_fp32_triton,sm86,bfloat16+float32,shape_key=40532403088819391,layernorm_linear_native,token_pair,768,5,"{""token_pair"": [768]}"
layernorm_linear_bwd_fp32_triton,sm86,bfloat16+float32,shape_key=40532403088835775,layernorm_linear_native,token_pair,768,5,"{""token_pair"": [768]}"
layernorm_linear_bwd_fp32_triton,sm86,bfloat16+float32,shape_key=40532403088852159,layernorm_linear_native,token_pair,768,5,"{""token_pair"": [768]}"
layernorm_linear_bwd_fp32_triton,sm86,bfloat16+float32,shape_key=4503599895823551,layernorm_linear_native,atom_pair,1024,5,"{""atom_pair"": [1024]}"
layernorm_linear_bwd_fp32_triton,sm86,bfloat16+float32,shape_key=4503599895856319,layernorm_linear_native,atom_pair,1024,5,"{""atom_pair"": [1024]}"
layernorm_linear_bwd_fp32_triton,sm86,bfloat16+float32,shape_key=4503600701121727,layernorm_linear_native,token_pair,256,5,"{""token_pair"": [256]}"
layernorm_linear_bwd_fp32_triton,sm86,bfloat16+float32,shape_key=4503600701129919,layernorm_linear_native,token_pair,256,5,"{""token_pair"": [256]}"
layernorm_linear_bwd_fp32_triton,sm86,bfloat16+float32,shape_key=4503601774867647,layernorm_linear_atom_output,atom_single,2048,5,"{""atom_single"": [2048]}"
layernorm_linear_bwd_fp32_triton,sm86,bfloat16+float32,shape_key=4503601774871743,layernorm_linear_native,token_pair,256,5,"{""token_pair"": [256]}"
layernorm_linear_bwd_fp32_triton,sm86,bfloat16+float32,shape_key=4503601774888127,layernorm_linear_native,token_pair,256,5,"{""token_pair"": [256]}"
layernorm_linear_bwd_fp32_triton,sm86,bfloat16+float32,shape_key=4503601774920895,layernorm_linear_native,token_pair,256,5,"{""token_pair"": [256]}"
layernorm_linear_bwd_fp32_triton,sm86,bfloat16+float32,shape_key=4503603922371775,layernorm_linear_native,token_pair,256,5,"{""token_pair"": [256]}"
layernorm_linear_bwd_fp32_triton,sm86,bfloat16+float32,shape_key=4503603922404543,layernorm_linear_native,token_pair,256,5,"{""token_pair"": [256]}"
layernorm_linear_bwd_fp32_triton,sm86,bfloat16+float32,shape_key=4503606069855423,layernorm_linear_native,token_pair,256,5,"{""token_pair"": [256]}"
layernorm_linear_bwd_fp32_triton,sm86,bfloat16+float32,shape_key=4503606069871807,layernorm_linear_native,token_pair,256,5,"{""token_pair"": [256]}"
layernorm_linear_bwd_fp32_triton,sm86,bfloat16+float32,shape_key=4503606069888191,layernorm_linear_native,token_pair,256,5,"{""token_pair"": [256]}"
layernorm_linear_fwd_fp32_triton,sm86,bfloat16+float32,shape_key=10133100235334847,layernorm_linear_native,token_pair,384,6,"{""token_pair"": [384]}"
layernorm_linear_fwd_fp32_triton,sm86,bfloat16+float32,shape_key=10133100235343039,layernorm_linear_native,token_pair,384,6,"{""token_pair"": [384]}"
layernorm_linear_fwd_fp32_triton,sm86,bfloat16+float32,shape_key=10133101309080767,layernorm_linear_atom_output,atom_single,3072|4096|5120,15,"{""atom_single"": [3072, 4096, 5120]}"
layernorm_linear_fwd_fp32_triton,sm86,bfloat16+float32,shape_key=10133101309084863,layernorm_linear_native,token_pair,384,6,"{""token_pair"": [384]}"
layernorm_linear_fwd_fp32_triton,sm86,bfloat16+float32,shape_key=10133101309101247,layernorm_linear_native,token_pair,384,6,"{""token_pair"": [384]}"
layernorm_linear_fwd_fp32_triton,sm86,bfloat16+float32,shape_key=10133101309134015,layernorm_linear_native,token_pair,384,6,"{""token_pair"": [384]}"
layernorm_linear_fwd_fp32_triton,sm86,bfloat16+float32,shape_key=10133103456584895,layernorm_linear_native,token_pair,384,6,"{""token_pair"": [384]}"
layernorm_linear_fwd_fp32_triton,sm86,bfloat16+float32,shape_key=10133103456617663,layernorm_linear_native,token_pair,384,6,"{""token_pair"": [384]}"
layernorm_linear_fwd_fp32_triton,sm86,bfloat16+float32,shape_key=10133105604068543,layernorm_linear_native,token_pair,384,6,"{""token_pair"": [384]}"
layernorm_linear_fwd_fp32_triton,sm86,bfloat16+float32,shape_key=10133105604084927,layernorm_linear_native,token_pair,384,6,"{""token_pair"": [384]}"
layernorm_linear_fwd_fp32_triton,sm86,bfloat16+float32,shape_key=10133105604101311,layernorm_linear_native,token_pair,384,6,"{""token_pair"": [384]}"
layernorm_linear_fwd_fp32_triton,sm86,bfloat16+float32,shape_key=1125900980593855,layernorm_linear_native,token_pair,128,6,"{""token_pair"": [128]}"
layernorm_linear_fwd_fp32_triton,sm86,bfloat16+float32,shape_key=1125900980602047,layernorm_linear_native,token_pair,128,6,"{""token_pair"": [128]}"
layernorm_linear_fwd_fp32_triton,sm86,bfloat16+float32,shape_key=1125902054339775,layernorm_linear_atom_output,atom_single,1024|4096|5120|6144|7168|8192,10,"{""atom_single"": [1024, 4096, 5120, 6144, 7168, 8192]}"
layernorm_linear_fwd_fp32_triton,sm86,bfloat16+float32,shape_key=1125902054343871,layernorm_linear_native,token_pair,128,6,"{""token_pair"": [128]}"
layernorm_linear_fwd_fp32_triton,sm86,bfloat16+float32,shape_key=1125902054360255,layernorm_linear_native,token_pair,128,6,"{""token_pair"": [128]}"
layernorm_linear_fwd_fp32_triton,sm86,bfloat16+float32,shape_key=1125902054393023,layernorm_linear_native,token_pair,128,6,"{""token_pair"": [128]}"
layernorm_linear_fwd_fp32_triton,sm86,bfloat16+float32,shape_key=1125904201843903,layernorm_linear_native,token_pair,128,6,"{""token_pair"": [128]}"
layernorm_linear_fwd_fp32_triton,sm86,bfloat16+float32,shape_key=1125904201876671,layernorm_linear_native,token_pair,128,6,"{""token_pair"": [128]}"
layernorm_linear_fwd_fp32_triton,sm86,bfloat16+float32,shape_key=1125906349327551,layernorm_linear_native,token_pair,128,6,"{""token_pair"": [128]}"
layernorm_linear_fwd_fp32_triton,sm86,bfloat16+float32,shape_key=1125906349343935,layernorm_linear_native,token_pair,128,6,"{""token_pair"": [128]}"
layernorm_linear_fwd_fp32_triton,sm86,bfloat16+float32,shape_key=1125906349360319,layernorm_linear_native,token_pair,128,6,"{""token_pair"": [128]}"
layernorm_linear_fwd_fp32_triton,sm86,bfloat16+float32,shape_key=18014398777935039,layernorm_linear_native,atom_pair,2048|3072,12,"{""atom_pair"": [2048, 3072]}"
layernorm_linear_fwd_fp32_triton,sm86,bfloat16+float32,shape_key=18014398777967807,layernorm_linear_native,atom_pair,2048|3072,12,"{""atom_pair"": [2048, 3072]}"
layernorm_linear_fwd_fp32_triton,sm86,bfloat16+float32,shape_key=18014399583233215,layernorm_linear_native,token_pair,512,6,"{""token_pair"": [512]}"
layernorm_linear_fwd_fp32_triton,sm86,bfloat16+float32,shape_key=18014399583241407,layernorm_linear_native,token_pair,512,6,"{""token_pair"": [512]}"
layernorm_linear_fwd_fp32_triton,sm86,bfloat16+float32,shape_key=18014400656979135,layernorm_linear_atom_output,atom_single,6144|7168|8192,15,"{""atom_single"": [6144, 7168, 8192]}"
layernorm_linear_fwd_fp32_triton,sm86,bfloat16+float32,shape_key=18014400656983231,layernorm_linear_native,token_pair,512,6,"{""token_pair"": [512]}"
layernorm_linear_fwd_fp32_triton,sm86,bfloat16+float32,shape_key=18014400656999615,layernorm_linear_native,token_pair,512,6,"{""token_pair"": [512]}"
layernorm_linear_fwd_fp32_triton,sm86,bfloat16+float32,shape_key=18014400657032383,layernorm_linear_native,token_pair,512,6,"{""token_pair"": [512]}"
layernorm_linear_fwd_fp32_triton,sm86,bfloat16+float32,shape_key=18014402804483263,layernorm_linear_native,token_pair,512,6,"{""token_pair"": [512]}"
layernorm_linear_fwd_fp32_triton,sm86,bfloat16+float32,shape_key=18014402804516031,layernorm_linear_native,token_pair,512,6,"{""token_pair"": [512]}"
layernorm_linear_fwd_fp32_triton,sm86,bfloat16+float32,shape_key=18014404951966911,layernorm_linear_native,token_pair,512,6,"{""token_pair"": [512]}"
layernorm_linear_fwd_fp32_triton,sm86,bfloat16+float32,shape_key=18014404951983295,layernorm_linear_native,token_pair,512,6,"{""token_pair"": [512]}"
layernorm_linear_fwd_fp32_triton,sm86,bfloat16+float32,shape_key=18014404951999679,layernorm_linear_native,token_pair,512,6,"{""token_pair"": [512]}"
layernorm_linear_fwd_fp32_triton,sm86,bfloat16+float32,shape_key=28147497939518655,layernorm_linear_native,atom_pair,4096,6,"{""atom_pair"": [4096]}"
layernorm_linear_fwd_fp32_triton,sm86,bfloat16+float32,shape_key=28147497939551423,layernorm_linear_native,atom_pair,4096,6,"{""atom_pair"": [4096]}"
layernorm_linear_fwd_fp32_triton,sm86,bfloat16+float32,shape_key=28147498744816831,layernorm_linear_native,token_pair,640,6,"{""token_pair"": [640]}"
layernorm_linear_fwd_fp32_triton,sm86,bfloat16+float32,shape_key=28147498744825023,layernorm_linear_native,token_pair,640,6,"{""token_pair"": [640]}"
layernorm_linear_fwd_fp32_triton,sm86,bfloat16+float32,shape_key=28147499818566847,layernorm_linear_native,token_pair,640,6,"{""token_pair"": [640]}"
layernorm_linear_fwd_fp32_triton,sm86,bfloat16+float32,shape_key=28147499818583231,layernorm_linear_native,token_pair,640,6,"{""token_pair"": [640]}"
layernorm_linear_fwd_fp32_triton,sm86,bfloat16+float32,shape_key=28147499818615999,layernorm_linear_native,token_pair,640,6,"{""token_pair"": [640]}"
layernorm_linear_fwd_fp32_triton,sm86,bfloat16+float32,shape_key=28147501966066879,layernorm_linear_native,token_pair,640,6,"{""token_pair"": [640]}"
layernorm_linear_fwd_fp32_triton,sm86,bfloat16+float32,shape_key=28147501966099647,layernorm_linear_native,token_pair,640,6,"{""token_pair"": [640]}"
layernorm_linear_fwd_fp32_triton,sm86,bfloat16+float32,shape_key=28147504113550527,layernorm_linear_native,token_pair,640,6,"{""token_pair"": [640]}"
layernorm_linear_fwd_fp32_triton,sm86,bfloat16+float32,shape_key=28147504113566911,layernorm_linear_native,token_pair,640,6,"{""token_pair"": [640]}"
layernorm_linear_fwd_fp32_triton,sm86,bfloat16+float32,shape_key=28147504113583295,layernorm_linear_native,token_pair,640,6,"{""token_pair"": [640]}"
layernorm_linear_fwd_fp32_triton,sm86,bfloat16+float32,shape_key=281477124207807,layernorm_linear_atom_output,atom_single,1024,1,"{""atom_single"": [1024]}"
layernorm_linear_fwd_fp32_triton,sm86,bfloat16+float32,shape_key=40532396914787519,layernorm_linear_native,atom_pair,5120|6144|7168|8192,24,"{""atom_pair"": [5120, 6144, 7168, 8192]}"
layernorm_linear_fwd_fp32_triton,sm86,bfloat16+float32,shape_key=40532396914820287,layernorm_linear_native,atom_pair,5120|6144|7168|8192,24,"{""atom_pair"": [5120, 6144, 7168, 8192]}"
layernorm_linear_fwd_fp32_triton,sm86,bfloat16+float32,shape_key=40532397720085695,layernorm_linear_native,token_pair,768,6,"{""token_pair"": [768]}"
layernorm_linear_fwd_fp32_triton,sm86,bfloat16+float32,shape_key=40532397720093887,layernorm_linear_native,token_pair,768,6,"{""token_pair"": [768]}"
layernorm_linear_fwd_fp32_triton,sm86,bfloat16+float32,shape_key=40532398793835711,layernorm_linear_native,token_pair,768,6,"{""token_pair"": [768]}"
layernorm_linear_fwd_fp32_triton,sm86,bfloat16+float32,shape_key=40532398793852095,layernorm_linear_native,token_pair,768,6,"{""token_pair"": [768]}"
layernorm_linear_fwd_fp32_triton,sm86,bfloat16+float32,shape_key=40532398793884863,layernorm_linear_native,token_pair,768,6,"{""token_pair"": [768]}"
layernorm_linear_fwd_fp32_triton,sm86,bfloat16+float32,shape_key=40532400941335743,layernorm_linear_native,token_pair,768,6,"{""token_pair"": [768]}"
layernorm_linear_fwd_fp32_triton,sm86,bfloat16+float32,shape_key=40532400941368511,layernorm_linear_native,token_pair,768,6,"{""token_pair"": [768]}"
layernorm_linear_fwd_fp32_triton,sm86,bfloat16+float32,shape_key=40532403088819391,layernorm_linear_native,token_pair,768,6,"{""token_pair"": [768]}"
layernorm_linear_fwd_fp32_triton,sm86,bfloat16+float32,shape_key=40532403088835775,layernorm_linear_native,token_pair,768,6,"{""token_pair"": [768]}"
layernorm_linear_fwd_fp32_triton,sm86,bfloat16+float32,shape_key=40532403088852159,layernorm_linear_native,token_pair,768,6,"{""token_pair"": [768]}"
layernorm_linear_fwd_fp32_triton,sm86,bfloat16+float32,shape_key=4503599895823551,layernorm_linear_native,atom_pair,1024,6,"{""atom_pair"": [1024]}"
layernorm_linear_fwd_fp32_triton,sm86,bfloat16+float32,shape_key=4503599895856319,layernorm_linear_native,atom_pair,1024,6,"{""atom_pair"": [1024]}"
layernorm_linear_fwd_fp32_triton,sm86,bfloat16+float32,shape_key=4503600701121727,layernorm_linear_native,token_pair,256,6,"{""token_pair"": [256]}"
layernorm_linear_fwd_fp32_triton,sm86,bfloat16+float32,shape_key=4503600701129919,layernorm_linear_native,token_pair,256,6,"{""token_pair"": [256]}"
layernorm_linear_fwd_fp32_triton,sm86,bfloat16+float32,shape_key=4503601774867647,layernorm_linear_atom_output,atom_single,2048,5,"{""atom_single"": [2048]}"
layernorm_linear_fwd_fp32_triton,sm86,bfloat16+float32,shape_key=4503601774871743,layernorm_linear_native,token_pair,256,6,"{""token_pair"": [256]}"
layernorm_linear_fwd_fp32_triton,sm86,bfloat16+float32,shape_key=4503601774888127,layernorm_linear_native,token_pair,256,6,"{""token_pair"": [256]}"
layernorm_linear_fwd_fp32_triton,sm86,bfloat16+float32,shape_key=4503601774920895,layernorm_linear_native,token_pair,256,6,"{""token_pair"": [256]}"
layernorm_linear_fwd_fp32_triton,sm86,bfloat16+float32,shape_key=4503603922371775,layernorm_linear_native,token_pair,256,6,"{""token_pair"": [256]}"
layernorm_linear_fwd_fp32_triton,sm86,bfloat16+float32,shape_key=4503603922404543,layernorm_linear_native,token_pair,256,6,"{""token_pair"": [256]}"
layernorm_linear_fwd_fp32_triton,sm86,bfloat16+float32,shape_key=4503606069855423,layernorm_linear_native,token_pair,256,6,"{""token_pair"": [256]}"
layernorm_linear_fwd_fp32_triton,sm86,bfloat16+float32,shape_key=4503606069871807,layernorm_linear_native,token_pair,256,6,"{""token_pair"": [256]}"
layernorm_linear_fwd_fp32_triton,sm86,bfloat16+float32,shape_key=4503606069888191,layernorm_linear_native,token_pair,256,6,"{""token_pair"": [256]}"
layernorm_linear_fwd_fp32_triton,sm86,bfloat16+float32,shape_key=562952100918463,layernorm_linear_atom_output,atom_single,2048|3072,2,"{""atom_single"": [2048, 3072]}"
layernorm_linear_fwd_triton,sm86,bfloat16+float32,"HAS_BIAS=0,shape_key=10133101311200266",triangle_attention_bidirectional,token_pair,384,8,"{""token_pair"": [384]}"
layernorm_linear_fwd_triton,sm86,bfloat16+float32,"HAS_BIAS=0,shape_key=18014400659098634",triangle_attention_bidirectional,token_pair,512,8,"{""token_pair"": [512]}"
layernorm_linear_fwd_triton,sm86,bfloat16+float32,"HAS_BIAS=0,shape_key=28147499820682250",triangle_attention_bidirectional,token_pair,640,8,"{""token_pair"": [640]}"
layernorm_linear_fwd_triton,sm86,bfloat16+float32,"HAS_BIAS=0,shape_key=40532398795951114",triangle_attention_bidirectional,token_pair,768,8,"{""token_pair"": [768]}"
layernorm_stats_triton,sm86,bfloat16+float32,shape_key=10740565909,adaptive_layernorm|augmented_attention|conditioned_transition,token_single,640,74,"{""token_single"": [640]}"
layernorm_stats_triton,sm86,bfloat16+float32,shape_key=12888049557,adaptive_layernorm|augmented_attention|conditioned_transition,token_single,768,74,"{""token_single"": [768]}"
layernorm_stats_triton,sm86,bfloat16+float32,shape_key=2150631317,adaptive_layernorm|augmented_attention|conditioned_transition,token_single,128,74,"{""token_single"": [128]}"
layernorm_stats_triton,sm86,bfloat16+float32,shape_key=4298114965,adaptive_layernorm|augmented_attention|conditioned_transition,token_single,256,74,"{""token_single"": [256]}"
layernorm_stats_triton,sm86,bfloat16+float32,shape_key=6445598613,adaptive_layernorm|augmented_attention|conditioned_transition,token_single,384,74,"{""token_single"": [384]}"
layernorm_stats_triton,sm86,bfloat16+float32,shape_key=8593082261,adaptive_layernorm|augmented_attention|conditioned_transition,token_single,512,74,"{""token_single"": [512]}"
qk_norm_rope_bwd_triton,sm86,bfloat16+float32,shape_key=10133099698522197,swa_atom_attention,atom_single,1024,1,"{""atom_single"": [1024]}"
qk_norm_rope_bwd_triton,sm86,bfloat16+float32,shape_key=18014399046420565,swa_atom_attention,atom_single,2048,1,"{""atom_single"": [2048]}"
qk_norm_rope_bwd_triton,sm86,bfloat16+float32,shape_key=40532397183273045,swa_atom_attention,atom_single,3072|4096|5120|6144|7168|8192,6,"{""atom_single"": [3072, 4096, 5120, 6144, 7168, 8192]}"
qk_norm_rope_fwd_triton,sm86,bfloat16+float32,shape_key=10133099698522197,swa_atom_attention,atom_single,1024|8192,2,"{""atom_single"": [1024, 8192]}"
qk_norm_rope_fwd_triton,sm86,bfloat16+float32,shape_key=1125900443781205,swa_atom_attention,atom_single,1024|2048|3072,3,"{""atom_single"": [1024, 2048, 3072]}"
qk_norm_rope_fwd_triton,sm86,bfloat16+float32,shape_key=18014399046420565,swa_atom_attention,atom_single,2048,1,"{""atom_single"": [2048]}"
qk_norm_rope_fwd_triton,sm86,bfloat16+float32,shape_key=40532397183273045,swa_atom_attention,atom_single,3072|4096|5120|6144|7168|8192,6,"{""atom_single"": [3072, 4096, 5120, 6144, 7168, 8192]}"
qk_norm_rope_fwd_triton,sm86,bfloat16+float32,shape_key=4503600164309077,swa_atom_attention,atom_single,4096|5120|6144|7168,4,"{""atom_single"": [4096, 5120, 6144, 7168]}"
rmsnorm_adamod_bwd_triton,sm86,bfloat16+float32,"HAS_WEIGHT=0,shape_key=10133101309594634",rms_norm_modulation,atom_single,3072|4096|5120,3,"{""atom_single"": [3072, 4096, 5120]}"
rmsnorm_adamod_bwd_triton,sm86,bfloat16+float32,"HAS_WEIGHT=0,shape_key=1125902054853642",rms_norm_modulation,atom_single,1024,1,"{""atom_single"": [1024]}"
rmsnorm_adamod_bwd_triton,sm86,bfloat16+float32,"HAS_WEIGHT=0,shape_key=18014400657493002",rms_norm_modulation,atom_single,6144|7168|8192,3,"{""atom_single"": [6144, 7168, 8192]}"
rmsnorm_adamod_bwd_triton,sm86,bfloat16+float32,"HAS_WEIGHT=0,shape_key=4503601775381514",rms_norm_modulation,atom_single,2048,1,"{""atom_single"": [2048]}"
rmsnorm_adamod_fwd_triton,sm86,bfloat16+float32,"HAS_WEIGHT=0,shape_key=10133101309594634",rms_norm_modulation,atom_single,3072|4096|5120,3,"{""atom_single"": [3072, 4096, 5120]}"
rmsnorm_adamod_fwd_triton,sm86,bfloat16+float32,"HAS_WEIGHT=0,shape_key=1125902054853642",rms_norm_modulation,atom_single,1024|4096|5120|6144|7168|8192,6,"{""atom_single"": [1024, 4096, 5120, 6144, 7168, 8192]}"
rmsnorm_adamod_fwd_triton,sm86,bfloat16+float32,"HAS_WEIGHT=0,shape_key=18014400657493002",rms_norm_modulation,atom_single,6144|7168|8192,3,"{""atom_single"": [6144, 7168, 8192]}"
rmsnorm_adamod_fwd_triton,sm86,bfloat16+float32,"HAS_WEIGHT=0,shape_key=281477124721674",rms_norm_modulation,atom_single,1024,1,"{""atom_single"": [1024]}"
rmsnorm_adamod_fwd_triton,sm86,bfloat16+float32,"HAS_WEIGHT=0,shape_key=4503601775381514",rms_norm_modulation,atom_single,2048,1,"{""atom_single"": [2048]}"
rmsnorm_adamod_fwd_triton,sm86,bfloat16+float32,"HAS_WEIGHT=0,shape_key=562952101432330",rms_norm_modulation,atom_single,2048|3072,2,"{""atom_single"": [2048, 3072]}"
swa_gate_out_fwd_triton,sm86,bfloat16,shape_key=1125902054853431,swa_atom_attention,atom_single,4096|5120|6144|7168|8192,5,"{""atom_single"": [4096, 5120, 6144, 7168, 8192]}"
swa_gate_out_fwd_triton,sm86,bfloat16,shape_key=281477124721463,swa_atom_attention,atom_single,1024,1,"{""atom_single"": [1024]}"
swa_gate_out_fwd_triton,sm86,bfloat16,shape_key=562952101432119,swa_atom_attention,atom_single,2048|3072,2,"{""atom_single"": [2048, 3072]}"
transition_bwd_swiglu_recompute_triton,sm86,bfloat16,"NORMALIZE=0,STORE_H=1,shape_key=10133100235851942",transition,token_pair,384,30,"{""token_pair"": [384]}"
transition_bwd_swiglu_recompute_triton,sm86,bfloat16,"NORMALIZE=0,STORE_H=1,shape_key=10133101310118054",swiglu_ffn|transition,atom_single|token_pair,384|3072|4096|5120,34,"{""atom_single"": [3072, 4096, 5120], ""token_pair"": [384]}"
transition_bwd_swiglu_recompute_triton,sm86,bfloat16,"NORMALIZE=0,STORE_H=1,shape_key=10133101311166630",pairformer_block|transition,token_pair,384,55,"{""token_pair"": [384]}"
transition_bwd_swiglu_recompute_triton,sm86,bfloat16,"NORMALIZE=0,STORE_H=1,shape_key=10133103458650278",transition,token_pair,384,30,"{""token_pair"": [384]}"
transition_bwd_swiglu_recompute_triton,sm86,bfloat16,"NORMALIZE=0,STORE_H=1,shape_key=10133103460747430",transition,token_pair,384,30,"{""token_pair"": [384]}"
transition_bwd_swiglu_recompute_triton,sm86,bfloat16,"NORMALIZE=0,STORE_H=1,shape_key=10133105610328230",transition,token_pair,384,30,"{""token_pair"": [384]}"
transition_bwd_swiglu_recompute_triton,sm86,bfloat16,"NORMALIZE=0,STORE_H=1,shape_key=1125900981110950",transition,token_pair,128,30,"{""token_pair"": [128]}"
transition_bwd_swiglu_recompute_triton,sm86,bfloat16,"NORMALIZE=0,STORE_H=1,shape_key=1125902055377062",swiglu_ffn|transition,atom_single|token_pair,128|1024,32,"{""atom_single"": [1024], ""token_pair"": [128]}"
transition_bwd_swiglu_recompute_triton,sm86,bfloat16,"NORMALIZE=0,STORE_H=1,shape_key=1125902056425638",pairformer_block|transition,token_pair,128,55,"{""token_pair"": [128]}"
transition_bwd_swiglu_recompute_triton,sm86,bfloat16,"NORMALIZE=0,STORE_H=1,shape_key=1125904203909286",transition,token_pair,128,30,"{""token_pair"": [128]}"
transition_bwd_swiglu_recompute_triton,sm86,bfloat16,"NORMALIZE=0,STORE_H=1,shape_key=1125904206006438",transition,token_pair,128,30,"{""token_pair"": [128]}"
transition_bwd_swiglu_recompute_triton,sm86,bfloat16,"NORMALIZE=0,STORE_H=1,shape_key=1125906355587238",transition,token_pair,128,30,"{""token_pair"": [128]}"
transition_bwd_swiglu_recompute_triton,sm86,bfloat16,"NORMALIZE=0,STORE_H=1,shape_key=140738563147942",transition,msa_token,256|384,60,"{""msa_token"": [256, 384]}"
transition_bwd_swiglu_recompute_triton,sm86,bfloat16,"NORMALIZE=0,STORE_H=1,shape_key=140739637938342",transition,msa_token,256|384,60,"{""msa_token"": [256, 384]}"
transition_bwd_swiglu_recompute_triton,sm86,bfloat16,"NORMALIZE=0,STORE_H=1,shape_key=17598631643302",swiglu_ffn|transition,token_single,256,31,"{""token_single"": [256]}"
transition_bwd_swiglu_recompute_triton,sm86,bfloat16,"NORMALIZE=0,STORE_H=1,shape_key=17598634789030",transition,token_single,256,30,"{""token_single"": [256]}"
transition_bwd_swiglu_recompute_triton,sm86,bfloat16,"NORMALIZE=0,STORE_H=1,shape_key=17605077239974",transition,token_single,256,30,"{""token_single"": [256]}"
transition_bwd_swiglu_recompute_triton,sm86,bfloat16,"NORMALIZE=0,STORE_H=1,shape_key=18014399583750310",transition,token_pair,512,30,"{""token_pair"": [512]}"
transition_bwd_swiglu_recompute_triton,sm86,bfloat16,"NORMALIZE=0,STORE_H=1,shape_key=18014400658016422",swiglu_ffn|transition,atom_single|token_pair,512|6144|7168|8192,34,"{""atom_single"": [6144, 7168, 8192], ""token_pair"": [512]}"
transition_bwd_swiglu_recompute_triton,sm86,bfloat16,"NORMALIZE=0,STORE_H=1,shape_key=18014400659064998",pairformer_block|transition,token_pair,512,55,"{""token_pair"": [512]}"
transition_bwd_swiglu_recompute_triton,sm86,bfloat16,"NORMALIZE=0,STORE_H=1,shape_key=18014402806548646",transition,token_pair,512,30,"{""token_pair"": [512]}"
transition_bwd_swiglu_recompute_triton,sm86,bfloat16,"NORMALIZE=0,STORE_H=1,shape_key=18014402808645798",transition,token_pair,512,30,"{""token_pair"": [512]}"
transition_bwd_swiglu_recompute_triton,sm86,bfloat16,"NORMALIZE=0,STORE_H=1,shape_key=18014404958226598",transition,token_pair,512,30,"{""token_pair"": [512]}"
transition_bwd_swiglu_recompute_triton,sm86,bfloat16,"NORMALIZE=0,STORE_H=1,shape_key=26394724665510",swiglu_ffn|transition,token_single,384,31,"{""token_single"": [384]}"
transition_bwd_swiglu_recompute_triton,sm86,bfloat16,"NORMALIZE=0,STORE_H=1,shape_key=26394727811238",transition,token_single,384,30,"{""token_single"": [384]}"
transition_bwd_swiglu_recompute_triton,sm86,bfloat16,"NORMALIZE=0,STORE_H=1,shape_key=26401170262182",transition,token_single,384,30,"{""token_single"": [384]}"
transition_bwd_swiglu_recompute_triton,sm86,bfloat16,"NORMALIZE=0,STORE_H=1,shape_key=28147498745333926",transition,token_pair,640,30,"{""token_pair"": [640]}"
transition_bwd_swiglu_recompute_triton,sm86,bfloat16,"NORMALIZE=0,STORE_H=1,shape_key=28147499819600038",swiglu_ffn|transition,token_pair,640,31,"{""token_pair"": [640]}"
transition_bwd_swiglu_recompute_triton,sm86,bfloat16,"NORMALIZE=0,STORE_H=1,shape_key=28147499820648614",pairformer_block|transition,token_pair,640,55,"{""token_pair"": [640]}"
transition_bwd_swiglu_recompute_triton,sm86,bfloat16,"NORMALIZE=0,STORE_H=1,shape_key=28147501968132262",transition,token_pair,640,30,"{""token_pair"": [640]}"
transition_bwd_swiglu_recompute_triton,sm86,bfloat16,"NORMALIZE=0,STORE_H=1,shape_key=28147501970229414",transition,token_pair,640,30,"{""token_pair"": [640]}"
transition_bwd_swiglu_recompute_triton,sm86,bfloat16,"NORMALIZE=0,STORE_H=1,shape_key=28147504119810214",transition,token_pair,640,30,"{""token_pair"": [640]}"
transition_bwd_swiglu_recompute_triton,sm86,bfloat16,"NORMALIZE=0,STORE_H=1,shape_key=281476051503270",transition,msa_token,512|640|768,90,"{""msa_token"": [512, 640, 768]}"
transition_bwd_swiglu_recompute_triton,sm86,bfloat16,"NORMALIZE=0,STORE_H=1,shape_key=281477126293670",transition,msa_token,512|640|768,90,"{""msa_token"": [512, 640, 768]}"
transition_bwd_swiglu_recompute_triton,sm86,bfloat16,"NORMALIZE=0,STORE_H=1,shape_key=35190817687718",swiglu_ffn|transition,token_single,512,31,"{""token_single"": [512]}"
transition_bwd_swiglu_recompute_triton,sm86,bfloat16,"NORMALIZE=0,STORE_H=1,shape_key=35190820833446",transition,token_single,512,30,"{""token_single"": [512]}"
transition_bwd_swiglu_recompute_triton,sm86,bfloat16,"NORMALIZE=0,STORE_H=1,shape_key=35197263284390",transition,token_single,512,30,"{""token_single"": [512]}"
transition_bwd_swiglu_recompute_triton,sm86,bfloat16,"NORMALIZE=0,STORE_H=1,shape_key=40532397720602790",transition,token_pair,768,30,"{""token_pair"": [768]}"
transition_bwd_swiglu_recompute_triton,sm86,bfloat16,"NORMALIZE=0,STORE_H=1,shape_key=40532398794868902",swiglu_ffn|transition,token_pair,768,31,"{""token_pair"": [768]}"
transition_bwd_swiglu_recompute_triton,sm86,bfloat16,"NORMALIZE=0,STORE_H=1,shape_key=40532398795917478",pairformer_block|transition,token_pair,768,55,"{""token_pair"": [768]}"
transition_bwd_swiglu_recompute_triton,sm86,bfloat16,"NORMALIZE=0,STORE_H=1,shape_key=40532400943401126",transition,token_pair,768,30,"{""token_pair"": [768]}"
transition_bwd_swiglu_recompute_triton,sm86,bfloat16,"NORMALIZE=0,STORE_H=1,shape_key=40532400945498278",transition,token_pair,768,30,"{""token_pair"": [768]}"
transition_bwd_swiglu_recompute_triton,sm86,bfloat16,"NORMALIZE=0,STORE_H=1,shape_key=40532403095079078",transition,token_pair,768,30,"{""token_pair"": [768]}"
transition_bwd_swiglu_recompute_triton,sm86,bfloat16,"NORMALIZE=0,STORE_H=1,shape_key=43986910709926",swiglu_ffn|transition,token_single,640,31,"{""token_single"": [640]}"
transition_bwd_swiglu_recompute_triton,sm86,bfloat16,"NORMALIZE=0,STORE_H=1,shape_key=43986913855654",transition,token_single,640,30,"{""token_single"": [640]}"
transition_bwd_swiglu_recompute_triton,sm86,bfloat16,"NORMALIZE=0,STORE_H=1,shape_key=43993356306598",transition,token_single,640,30,"{""token_single"": [640]}"
transition_bwd_swiglu_recompute_triton,sm86,bfloat16,"NORMALIZE=0,STORE_H=1,shape_key=4503600701638822",transition,token_pair,256,30,"{""token_pair"": [256]}"
transition_bwd_swiglu_recompute_triton,sm86,bfloat16,"NORMALIZE=0,STORE_H=1,shape_key=4503601775904934",swiglu_ffn|transition,atom_single|token_pair,256|2048,32,"{""atom_single"": [2048], ""token_pair"": [256]}"
transition_bwd_swiglu_recompute_triton,sm86,bfloat16,"NORMALIZE=0,STORE_H=1,shape_key=4503601776953510",pairformer_block|transition,token_pair,256,55,"{""token_pair"": [256]}"
transition_bwd_swiglu_recompute_triton,sm86,bfloat16,"NORMALIZE=0,STORE_H=1,shape_key=4503603924437158",transition,token_pair,256,30,"{""token_pair"": [256]}"
transition_bwd_swiglu_recompute_triton,sm86,bfloat16,"NORMALIZE=0,STORE_H=1,shape_key=4503603926534310",transition,token_pair,256,30,"{""token_pair"": [256]}"
transition_bwd_swiglu_recompute_triton,sm86,bfloat16,"NORMALIZE=0,STORE_H=1,shape_key=4503606076115110",transition,token_pair,256,30,"{""token_pair"": [256]}"
transition_bwd_swiglu_recompute_triton,sm86,bfloat16,"NORMALIZE=0,STORE_H=1,shape_key=52783003732134",swiglu_ffn|transition,token_single,768,31,"{""token_single"": [768]}"
transition_bwd_swiglu_recompute_triton,sm86,bfloat16,"NORMALIZE=0,STORE_H=1,shape_key=52783006877862",transition,token_single,768,30,"{""token_single"": [768]}"
transition_bwd_swiglu_recompute_triton,sm86,bfloat16,"NORMALIZE=0,STORE_H=1,shape_key=52789449328806",transition,token_single,768,30,"{""token_single"": [768]}"
transition_bwd_swiglu_recompute_triton,sm86,bfloat16,"NORMALIZE=0,STORE_H=1,shape_key=70369818970278",transition,msa_token,128,30,"{""msa_token"": [128]}"
transition_bwd_swiglu_recompute_triton,sm86,bfloat16,"NORMALIZE=0,STORE_H=1,shape_key=70370893760678",transition,msa_token,128,30,"{""msa_token"": [128]}"
transition_bwd_swiglu_recompute_triton,sm86,bfloat16,"NORMALIZE=0,STORE_H=1,shape_key=8802538621094",swiglu_ffn|transition,token_single,128,31,"{""token_single"": [128]}"
transition_bwd_swiglu_recompute_triton,sm86,bfloat16,"NORMALIZE=0,STORE_H=1,shape_key=8802541766822",transition,token_single,128,30,"{""token_single"": [128]}"
transition_bwd_swiglu_recompute_triton,sm86,bfloat16,"NORMALIZE=0,STORE_H=1,shape_key=8808984217766",transition,token_single,128,30,"{""token_single"": [128]}"
transition_expand_swiglu_triton,sm86,bfloat16,shape_key=10133100235851942,transition,token_pair,384,38,"{""token_pair"": [384]}"
transition_expand_swiglu_triton,sm86,bfloat16,shape_key=10133101310118054,swiglu_ffn|transition,atom_single|token_pair,384|3072|4096|5120,43,"{""atom_single"": [3072, 4096, 5120], ""token_pair"": [384]}"
transition_expand_swiglu_triton,sm86,bfloat16,shape_key=10133101311166630,pairformer_block|transition,token_pair,384,75,"{""token_pair"": [384]}"
transition_expand_swiglu_triton,sm86,bfloat16,shape_key=10133103458650278,transition,token_pair,384,38,"{""token_pair"": [384]}"
transition_expand_swiglu_triton,sm86,bfloat16,shape_key=10133103460747430,transition,token_pair,384,38,"{""token_pair"": [384]}"
transition_expand_swiglu_triton,sm86,bfloat16,shape_key=10133105610328230,transition,token_pair,384,38,"{""token_pair"": [384]}"
transition_expand_swiglu_triton,sm86,bfloat16,shape_key=1125900981110950,transition,token_pair,128,38,"{""token_pair"": [128]}"
transition_expand_swiglu_triton,sm86,bfloat16,shape_key=1125902055377062,swiglu_ffn|transition,atom_single|token_pair,128|1024|4096|5120|6144|7168|8192,46,"{""atom_single"": [1024, 4096, 5120, 6144, 7168, 8192], ""token_pair"": [128]}"
transition_expand_swiglu_triton,sm86,bfloat16,shape_key=1125902056425638,pairformer_block|transition,token_pair,128,75,"{""token_pair"": [128]}"
transition_expand_swiglu_triton,sm86,bfloat16,shape_key=1125904203909286,transition,token_pair,128,38,"{""token_pair"": [128]}"
transition_expand_swiglu_triton,sm86,bfloat16,shape_key=1125904206006438,transition,token_pair,128,38,"{""token_pair"": [128]}"
transition_expand_swiglu_triton,sm86,bfloat16,shape_key=1125906355587238,transition,token_pair,128,38,"{""token_pair"": [128]}"
transition_expand_swiglu_triton,sm86,bfloat16,shape_key=140738563147942,transition,msa_token,256|384,76,"{""msa_token"": [256, 384]}"
transition_expand_swiglu_triton,sm86,bfloat16,shape_key=140739637938342,transition,msa_token,256|384,76,"{""msa_token"": [256, 384]}"
transition_expand_swiglu_triton,sm86,bfloat16,shape_key=17598631643302,swiglu_ffn|transition,token_single,256,40,"{""token_single"": [256]}"
transition_expand_swiglu_triton,sm86,bfloat16,shape_key=17598634789030,transition,token_single,256,38,"{""token_single"": [256]}"
transition_expand_swiglu_triton,sm86,bfloat16,shape_key=17605077239974,transition,token_single,256,38,"{""token_single"": [256]}"
transition_expand_swiglu_triton,sm86,bfloat16,shape_key=18014399583750310,transition,token_pair,512,38,"{""token_pair"": [512]}"
transition_expand_swiglu_triton,sm86,bfloat16,shape_key=18014400658016422,swiglu_ffn|transition,atom_single|token_pair,512|6144|7168|8192,43,"{""atom_single"": [6144, 7168, 8192], ""token_pair"": [512]}"
transition_expand_swiglu_triton,sm86,bfloat16,shape_key=18014400659064998,pairformer_block|transition,token_pair,512,75,"{""token_pair"": [512]}"
transition_expand_swiglu_triton,sm86,bfloat16,shape_key=18014402806548646,transition,token_pair,512,38,"{""token_pair"": [512]}"
transition_expand_swiglu_triton,sm86,bfloat16,shape_key=18014402808645798,transition,token_pair,512,38,"{""token_pair"": [512]}"
transition_expand_swiglu_triton,sm86,bfloat16,shape_key=18014404958226598,transition,token_pair,512,38,"{""token_pair"": [512]}"
transition_expand_swiglu_triton,sm86,bfloat16,shape_key=26394724665510,swiglu_ffn|transition,token_single,384,40,"{""token_single"": [384]}"
transition_expand_swiglu_triton,sm86,bfloat16,shape_key=26394727811238,transition,token_single,384,38,"{""token_single"": [384]}"
transition_expand_swiglu_triton,sm86,bfloat16,shape_key=26401170262182,transition,token_single,384,38,"{""token_single"": [384]}"
transition_expand_swiglu_triton,sm86,bfloat16,shape_key=28147498745333926,transition,token_pair,640,38,"{""token_pair"": [640]}"
transition_expand_swiglu_triton,sm86,bfloat16,shape_key=28147499819600038,swiglu_ffn|transition,token_pair,640,40,"{""token_pair"": [640]}"
transition_expand_swiglu_triton,sm86,bfloat16,shape_key=28147499820648614,pairformer_block|transition,token_pair,640,75,"{""token_pair"": [640]}"
transition_expand_swiglu_triton,sm86,bfloat16,shape_key=28147501968132262,transition,token_pair,640,38,"{""token_pair"": [640]}"
transition_expand_swiglu_triton,sm86,bfloat16,shape_key=28147501970229414,transition,token_pair,640,38,"{""token_pair"": [640]}"
transition_expand_swiglu_triton,sm86,bfloat16,shape_key=28147504119810214,transition,token_pair,640,38,"{""token_pair"": [640]}"
transition_expand_swiglu_triton,sm86,bfloat16,shape_key=281476051503270,transition,msa_token,512|640|768,114,"{""msa_token"": [512, 640, 768]}"
transition_expand_swiglu_triton,sm86,bfloat16,shape_key=281477125245094,swiglu_ffn,atom_single,1024,1,"{""atom_single"": [1024]}"
transition_expand_swiglu_triton,sm86,bfloat16,shape_key=281477126293670,transition,msa_token,512|640|768,114,"{""msa_token"": [512, 640, 768]}"
transition_expand_swiglu_triton,sm86,bfloat16,shape_key=35190817687718,swiglu_ffn|transition,token_single,512,40,"{""token_single"": [512]}"
transition_expand_swiglu_triton,sm86,bfloat16,shape_key=35190820833446,transition,token_single,512,38,"{""token_single"": [512]}"
transition_expand_swiglu_triton,sm86,bfloat16,shape_key=35197263284390,transition,token_single,512,38,"{""token_single"": [512]}"
transition_expand_swiglu_triton,sm86,bfloat16,shape_key=40532397720602790,transition,token_pair,768,38,"{""token_pair"": [768]}"
transition_expand_swiglu_triton,sm86,bfloat16,shape_key=40532398794868902,swiglu_ffn|transition,token_pair,768,40,"{""token_pair"": [768]}"
transition_expand_swiglu_triton,sm86,bfloat16,shape_key=40532398795917478,pairformer_block|transition,token_pair,768,75,"{""token_pair"": [768]}"
transition_expand_swiglu_triton,sm86,bfloat16,shape_key=40532400943401126,transition,token_pair,768,38,"{""token_pair"": [768]}"
transition_expand_swiglu_triton,sm86,bfloat16,shape_key=40532400945498278,transition,token_pair,768,38,"{""token_pair"": [768]}"
transition_expand_swiglu_triton,sm86,bfloat16,shape_key=40532403095079078,transition,token_pair,768,38,"{""token_pair"": [768]}"
transition_expand_swiglu_triton,sm86,bfloat16,shape_key=43986910709926,swiglu_ffn|transition,token_single,640,40,"{""token_single"": [640]}"
transition_expand_swiglu_triton,sm86,bfloat16,shape_key=43986913855654,transition,token_single,640,38,"{""token_single"": [640]}"
transition_expand_swiglu_triton,sm86,bfloat16,shape_key=43993356306598,transition,token_single,640,38,"{""token_single"": [640]}"
transition_expand_swiglu_triton,sm86,bfloat16,shape_key=4503600701638822,transition,token_pair,256,38,"{""token_pair"": [256]}"
transition_expand_swiglu_triton,sm86,bfloat16,shape_key=4503601775904934,swiglu_ffn|transition,atom_single|token_pair,256|2048,41,"{""atom_single"": [2048], ""token_pair"": [256]}"
transition_expand_swiglu_triton,sm86,bfloat16,shape_key=4503601776953510,pairformer_block|transition,token_pair,256,75,"{""token_pair"": [256]}"
transition_expand_swiglu_triton,sm86,bfloat16,shape_key=4503603924437158,transition,token_pair,256,38,"{""token_pair"": [256]}"
transition_expand_swiglu_triton,sm86,bfloat16,shape_key=4503603926534310,transition,token_pair,256,38,"{""token_pair"": [256]}"
transition_expand_swiglu_triton,sm86,bfloat16,shape_key=4503606076115110,transition,token_pair,256,38,"{""token_pair"": [256]}"
transition_expand_swiglu_triton,sm86,bfloat16,shape_key=52783003732134,swiglu_ffn|transition,token_single,768,40,"{""token_single"": [768]}"
transition_expand_swiglu_triton,sm86,bfloat16,shape_key=52783006877862,transition,token_single,768,38,"{""token_single"": [768]}"
transition_expand_swiglu_triton,sm86,bfloat16,shape_key=52789449328806,transition,token_single,768,38,"{""token_single"": [768]}"
transition_expand_swiglu_triton,sm86,bfloat16,shape_key=562952101955750,swiglu_ffn,atom_single,2048|3072,2,"{""atom_single"": [2048, 3072]}"
transition_expand_swiglu_triton,sm86,bfloat16,shape_key=70369818970278,transition,msa_token,128,38,"{""msa_token"": [128]}"
transition_expand_swiglu_triton,sm86,bfloat16,shape_key=70370893760678,transition,msa_token,128,38,"{""msa_token"": [128]}"
transition_expand_swiglu_triton,sm86,bfloat16,shape_key=8802538621094,swiglu_ffn|transition,token_single,128,40,"{""token_single"": [128]}"
transition_expand_swiglu_triton,sm86,bfloat16,shape_key=8802541766822,transition,token_single,128,38,"{""token_single"": [128]}"
transition_expand_swiglu_triton,sm86,bfloat16,shape_key=8808984217766,transition,token_single,128,38,"{""token_single"": [128]}"
triangle_attention_bwd_dkdv_triton,sm86,bfloat16+float32,shape_key=10737485862,triangle_attention_checkpoint,token_pair,640,7,"{""token_pair"": [640]}"
triangle_attention_bwd_dkdv_triton,sm86,bfloat16+float32,shape_key=10737551398,pairformer_block|triangle_attention_checkpoint|triangle_attention_heads,token_pair,640,92,"{""token_pair"": [640]}"
triangle_attention_bwd_dkdv_triton,sm86,bfloat16+float32,shape_key=12884969510,triangle_attention_checkpoint,token_pair,768,7,"{""token_pair"": [768]}"
triangle_attention_bwd_dkdv_triton,sm86,bfloat16+float32,shape_key=12885035046,pairformer_block|triangle_attention_checkpoint|triangle_attention_heads,token_pair,768,92,"{""token_pair"": [768]}"
triangle_attention_bwd_dkdv_triton,sm86,bfloat16+float32,shape_key=2147551270,triangle_attention_checkpoint,token_pair,128,7,"{""token_pair"": [128]}"
triangle_attention_bwd_dkdv_triton,sm86,bfloat16+float32,shape_key=2147616806,pairformer_block|triangle_attention_checkpoint|triangle_attention_heads,token_pair,128,92,"{""token_pair"": [128]}"
triangle_attention_bwd_dkdv_triton,sm86,bfloat16+float32,shape_key=4295034918,triangle_attention_checkpoint,token_pair,256,7,"{""token_pair"": [256]}"
triangle_attention_bwd_dkdv_triton,sm86,bfloat16+float32,shape_key=4295100454,pairformer_block|triangle_attention_checkpoint|triangle_attention_heads,token_pair,256,92,"{""token_pair"": [256]}"
triangle_attention_bwd_dkdv_triton,sm86,bfloat16+float32,shape_key=6442518566,triangle_attention_checkpoint,token_pair,384,7,"{""token_pair"": [384]}"
triangle_attention_bwd_dkdv_triton,sm86,bfloat16+float32,shape_key=6442584102,pairformer_block|triangle_attention_checkpoint|triangle_attention_heads,token_pair,384,92,"{""token_pair"": [384]}"
triangle_attention_bwd_dkdv_triton,sm86,bfloat16+float32,shape_key=8590002214,triangle_attention_checkpoint,token_pair,512,7,"{""token_pair"": [512]}"
triangle_attention_bwd_dkdv_triton,sm86,bfloat16+float32,shape_key=8590067750,pairformer_block|triangle_attention_checkpoint|triangle_attention_heads,token_pair,512,92,"{""token_pair"": [512]}"
triangle_attention_bwd_dq_triton,sm86,bfloat16+float32,shape_key=10737485862,triangle_attention_checkpoint,token_pair,640,7,"{""token_pair"": [640]}"
triangle_attention_bwd_dq_triton,sm86,bfloat16+float32,shape_key=10737551398,pairformer_block|triangle_attention_checkpoint|triangle_attention_heads,token_pair,640,92,"{""token_pair"": [640]}"
triangle_attention_bwd_dq_triton,sm86,bfloat16+float32,shape_key=12884969510,triangle_attention_checkpoint,token_pair,768,7,"{""token_pair"": [768]}"
triangle_attention_bwd_dq_triton,sm86,bfloat16+float32,shape_key=12885035046,pairformer_block|triangle_attention_checkpoint|triangle_attention_heads,token_pair,768,92,"{""token_pair"": [768]}"
triangle_attention_bwd_dq_triton,sm86,bfloat16+float32,shape_key=2147551270,triangle_attention_checkpoint,token_pair,128,7,"{""token_pair"": [128]}"
triangle_attention_bwd_dq_triton,sm86,bfloat16+float32,shape_key=2147616806,pairformer_block|triangle_attention_checkpoint|triangle_attention_heads,token_pair,128,92,"{""token_pair"": [128]}"
triangle_attention_bwd_dq_triton,sm86,bfloat16+float32,shape_key=4295034918,triangle_attention_checkpoint,token_pair,256,7,"{""token_pair"": [256]}"
triangle_attention_bwd_dq_triton,sm86,bfloat16+float32,shape_key=4295100454,pairformer_block|triangle_attention_checkpoint|triangle_attention_heads,token_pair,256,92,"{""token_pair"": [256]}"
triangle_attention_bwd_dq_triton,sm86,bfloat16+float32,shape_key=6442518566,triangle_attention_checkpoint,token_pair,384,7,"{""token_pair"": [384]}"
triangle_attention_bwd_dq_triton,sm86,bfloat16+float32,shape_key=6442584102,pairformer_block|triangle_attention_checkpoint|triangle_attention_heads,token_pair,384,92,"{""token_pair"": [384]}"
triangle_attention_bwd_dq_triton,sm86,bfloat16+float32,shape_key=8590002214,triangle_attention_checkpoint,token_pair,512,7,"{""token_pair"": [512]}"
triangle_attention_bwd_dq_triton,sm86,bfloat16+float32,shape_key=8590067750,pairformer_block|triangle_attention_checkpoint|triangle_attention_heads,token_pair,512,92,"{""token_pair"": [512]}"
triangle_attention_bwd_pre_triton,sm86,bfloat16+float32,shape_key=10737485862,triangle_attention_checkpoint,token_pair,640,7,"{""token_pair"": [640]}"
triangle_attention_bwd_pre_triton,sm86,bfloat16+float32,shape_key=10737551398,pairformer_block|triangle_attention_checkpoint|triangle_attention_heads,token_pair,640,92,"{""token_pair"": [640]}"
triangle_attention_bwd_pre_triton,sm86,bfloat16+float32,shape_key=12884969510,triangle_attention_checkpoint,token_pair,768,7,"{""token_pair"": [768]}"
triangle_attention_bwd_pre_triton,sm86,bfloat16+float32,shape_key=12885035046,pairformer_block|triangle_attention_checkpoint|triangle_attention_heads,token_pair,768,92,"{""token_pair"": [768]}"
triangle_attention_bwd_pre_triton,sm86,bfloat16+float32,shape_key=2147551270,triangle_attention_checkpoint,token_pair,128,7,"{""token_pair"": [128]}"
triangle_attention_bwd_pre_triton,sm86,bfloat16+float32,shape_key=2147616806,pairformer_block|triangle_attention_checkpoint|triangle_attention_heads,token_pair,128,92,"{""token_pair"": [128]}"
triangle_attention_bwd_pre_triton,sm86,bfloat16+float32,shape_key=4295034918,triangle_attention_checkpoint,token_pair,256,7,"{""token_pair"": [256]}"
triangle_attention_bwd_pre_triton,sm86,bfloat16+float32,shape_key=4295100454,pairformer_block|triangle_attention_checkpoint|triangle_attention_heads,token_pair,256,92,"{""token_pair"": [256]}"
triangle_attention_bwd_pre_triton,sm86,bfloat16+float32,shape_key=6442518566,triangle_attention_checkpoint,token_pair,384,7,"{""token_pair"": [384]}"
triangle_attention_bwd_pre_triton,sm86,bfloat16+float32,shape_key=6442584102,pairformer_block|triangle_attention_checkpoint|triangle_attention_heads,token_pair,384,92,"{""token_pair"": [384]}"
triangle_attention_bwd_pre_triton,sm86,bfloat16+float32,shape_key=8590002214,triangle_attention_checkpoint,token_pair,512,7,"{""token_pair"": [512]}"
triangle_attention_bwd_pre_triton,sm86,bfloat16+float32,shape_key=8590067750,pairformer_block|triangle_attention_checkpoint|triangle_attention_heads,token_pair,512,92,"{""token_pair"": [512]}"
triangle_attention_fwd_triton,sm86,bfloat16+float32,shape_key=17592219732442,triangle_attention_checkpoint,token_pair,256,12,"{""token_pair"": [256]}"
triangle_attention_fwd_triton,sm86,bfloat16+float32,shape_key=17592253221338,triangle_attention_checkpoint,token_pair,256,12,"{""token_pair"": [256]}"
triangle_attention_fwd_triton,sm86,bfloat16+float32,shape_key=17592253286874,pairformer_block|triangle_attention_checkpoint|triangle_attention_heads,token_pair,256,110,"{""token_pair"": [256]}"
triangle_attention_fwd_triton,sm86,bfloat16+float32,shape_key=17592320395738,triangle_attention_checkpoint,token_pair,256,12,"{""token_pair"": [256]}"
triangle_attention_fwd_triton,sm86,bfloat16+float32,shape_key=17592387504602,triangle_attention_checkpoint,token_pair,256,12,"{""token_pair"": [256]}"
triangle_attention_fwd_triton,sm86,bfloat16+float32,shape_key=26388312754650,triangle_attention_checkpoint,token_pair,384,12,"{""token_pair"": [384]}"
triangle_attention_fwd_triton,sm86,bfloat16+float32,shape_key=26388346243546,triangle_attention_checkpoint,token_pair,384,12,"{""token_pair"": [384]}"
triangle_attention_fwd_triton,sm86,bfloat16+float32,shape_key=26388346309082,pairformer_block|triangle_attention_checkpoint|triangle_attention_heads,token_pair,384,110,"{""token_pair"": [384]}"
triangle_attention_fwd_triton,sm86,bfloat16+float32,shape_key=26388413417946,triangle_attention_checkpoint,token_pair,384,12,"{""token_pair"": [384]}"
triangle_attention_fwd_triton,sm86,bfloat16+float32,shape_key=26388480526810,triangle_attention_checkpoint,token_pair,384,12,"{""token_pair"": [384]}"
triangle_attention_fwd_triton,sm86,bfloat16+float32,shape_key=35184405776858,triangle_attention_checkpoint,token_pair,512,12,"{""token_pair"": [512]}"
triangle_attention_fwd_triton,sm86,bfloat16+float32,shape_key=35184439265754,triangle_attention_checkpoint,token_pair,512,12,"{""token_pair"": [512]}"
triangle_attention_fwd_triton,sm86,bfloat16+float32,shape_key=35184439331290,pairformer_block|triangle_attention_checkpoint|triangle_attention_heads,token_pair,512,110,"{""token_pair"": [512]}"
triangle_attention_fwd_triton,sm86,bfloat16+float32,shape_key=35184506440154,triangle_attention_checkpoint,token_pair,512,12,"{""token_pair"": [512]}"
triangle_attention_fwd_triton,sm86,bfloat16+float32,shape_key=35184573549018,triangle_attention_checkpoint,token_pair,512,12,"{""token_pair"": [512]}"
triangle_attention_fwd_triton,sm86,bfloat16+float32,shape_key=43980498799066,triangle_attention_checkpoint,token_pair,640,12,"{""token_pair"": [640]}"
triangle_attention_fwd_triton,sm86,bfloat16+float32,shape_key=43980532287962,triangle_attention_checkpoint,token_pair,640,12,"{""token_pair"": [640]}"
triangle_attention_fwd_triton,sm86,bfloat16+float32,shape_key=43980532353498,pairformer_block|triangle_attention_checkpoint|triangle_attention_heads,token_pair,640,110,"{""token_pair"": [640]}"
triangle_attention_fwd_triton,sm86,bfloat16+float32,shape_key=43980599462362,triangle_attention_checkpoint,token_pair,640,12,"{""token_pair"": [640]}"
triangle_attention_fwd_triton,sm86,bfloat16+float32,shape_key=43980666571226,triangle_attention_checkpoint,token_pair,640,12,"{""token_pair"": [640]}"
triangle_attention_fwd_triton,sm86,bfloat16+float32,shape_key=52776591821274,triangle_attention_checkpoint,token_pair,768,12,"{""token_pair"": [768]}"
triangle_attention_fwd_triton,sm86,bfloat16+float32,shape_key=52776625310170,triangle_attention_checkpoint,token_pair,768,12,"{""token_pair"": [768]}"
triangle_attention_fwd_triton,sm86,bfloat16+float32,shape_key=52776625375706,pairformer_block|triangle_attention_checkpoint|triangle_attention_heads,token_pair,768,110,"{""token_pair"": [768]}"
triangle_attention_fwd_triton,sm86,bfloat16+float32,shape_key=52776692484570,triangle_attention_checkpoint,token_pair,768,12,"{""token_pair"": [768]}"
triangle_attention_fwd_triton,sm86,bfloat16+float32,shape_key=52776759593434,triangle_attention_checkpoint,token_pair,768,12,"{""token_pair"": [768]}"
triangle_attention_fwd_triton,sm86,bfloat16+float32,shape_key=8796126710234,triangle_attention_checkpoint,token_pair,128,12,"{""token_pair"": [128]}"
triangle_attention_fwd_triton,sm86,bfloat16+float32,shape_key=8796160199130,triangle_attention_checkpoint,token_pair,128,12,"{""token_pair"": [128]}"
triangle_attention_fwd_triton,sm86,bfloat16+float32,shape_key=8796160264666,pairformer_block|triangle_attention_checkpoint|triangle_attention_heads,token_pair,128,110,"{""token_pair"": [128]}"
triangle_attention_fwd_triton,sm86,bfloat16+float32,shape_key=8796227373530,triangle_attention_checkpoint,token_pair,128,12,"{""token_pair"": [128]}"
triangle_attention_fwd_triton,sm86,bfloat16+float32,shape_key=8796294482394,triangle_attention_checkpoint,token_pair,128,12,"{""token_pair"": [128]}"
trimul_bwd_gate_packed_triton,sm86,bfloat16,shape_key=10737682948,triangle_multiplication,token_pair,640,26,"{""token_pair"": [640]}"
trimul_bwd_gate_packed_triton,sm86,bfloat16,shape_key=10737945092,pairformer_block|triangle_multiplication,token_pair,640,76,"{""token_pair"": [640]}"
trimul_bwd_gate_packed_triton,sm86,bfloat16,shape_key=10738469380,triangle_multiplication|triangle_multiplication_bidirectional,token_pair,640,39,"{""token_pair"": [640]}"
trimul_bwd_gate_packed_triton,sm86,bfloat16,shape_key=10738993668,triangle_multiplication,token_pair,640,26,"{""token_pair"": [640]}"
trimul_bwd_gate_packed_triton,sm86,bfloat16,shape_key=12885166596,triangle_multiplication,token_pair,768,26,"{""token_pair"": [768]}"
trimul_bwd_gate_packed_triton,sm86,bfloat16,shape_key=12885428740,pairformer_block|triangle_multiplication,token_pair,768,76,"{""token_pair"": [768]}"
trimul_bwd_gate_packed_triton,sm86,bfloat16,shape_key=12885953028,triangle_multiplication|triangle_multiplication_bidirectional,token_pair,768,39,"{""token_pair"": [768]}"
trimul_bwd_gate_packed_triton,sm86,bfloat16,shape_key=12886477316,triangle_multiplication,token_pair,768,26,"{""token_pair"": [768]}"
trimul_bwd_gate_packed_triton,sm86,bfloat16,shape_key=2147748356,triangle_multiplication,token_pair,128,26,"{""token_pair"": [128]}"
trimul_bwd_gate_packed_triton,sm86,bfloat16,shape_key=2148010500,pairformer_block|triangle_multiplication,token_pair,128,76,"{""token_pair"": [128]}"
trimul_bwd_gate_packed_triton,sm86,bfloat16,shape_key=2148534788,triangle_multiplication|triangle_multiplication_bidirectional,token_pair,128,39,"{""token_pair"": [128]}"
trimul_bwd_gate_packed_triton,sm86,bfloat16,shape_key=2149059076,triangle_multiplication,token_pair,128,26,"{""token_pair"": [128]}"
trimul_bwd_gate_packed_triton,sm86,bfloat16,shape_key=4295232004,triangle_multiplication,token_pair,256,26,"{""token_pair"": [256]}"
trimul_bwd_gate_packed_triton,sm86,bfloat16,shape_key=4295494148,pairformer_block|triangle_multiplication,token_pair,256,76,"{""token_pair"": [256]}"
trimul_bwd_gate_packed_triton,sm86,bfloat16,shape_key=4296018436,triangle_multiplication|triangle_multiplication_bidirectional,token_pair,256,39,"{""token_pair"": [256]}"
trimul_bwd_gate_packed_triton,sm86,bfloat16,shape_key=4296542724,triangle_multiplication,token_pair,256,26,"{""token_pair"": [256]}"
trimul_bwd_gate_packed_triton,sm86,bfloat16,shape_key=6442715652,triangle_multiplication,token_pair,384,26,"{""token_pair"": [384]}"
trimul_bwd_gate_packed_triton,sm86,bfloat16,shape_key=6442977796,pairformer_block|triangle_multiplication,token_pair,384,76,"{""token_pair"": [384]}"
trimul_bwd_gate_packed_triton,sm86,bfloat16,shape_key=6443502084,triangle_multiplication|triangle_multiplication_bidirectional,token_pair,384,39,"{""token_pair"": [384]}"
trimul_bwd_gate_packed_triton,sm86,bfloat16,shape_key=6444026372,triangle_multiplication,token_pair,384,26,"{""token_pair"": [384]}"
trimul_bwd_gate_packed_triton,sm86,bfloat16,shape_key=8590199300,triangle_multiplication,token_pair,512,26,"{""token_pair"": [512]}"
trimul_bwd_gate_packed_triton,sm86,bfloat16,shape_key=8590461444,pairformer_block|triangle_multiplication,token_pair,512,76,"{""token_pair"": [512]}"
trimul_bwd_gate_packed_triton,sm86,bfloat16,shape_key=8590985732,triangle_multiplication|triangle_multiplication_bidirectional,token_pair,512,39,"{""token_pair"": [512]}"
trimul_bwd_gate_packed_triton,sm86,bfloat16,shape_key=8591510020,triangle_multiplication,token_pair,512,26,"{""token_pair"": [512]}"
trimul_gemm_gate_mmajor_triton,sm86,bfloat16,"SAVE_PREACT=0,shape_key=17593260051846",triangle_multiplication,token_pair,256,10,"{""token_pair"": [256]}"
trimul_gemm_gate_mmajor_triton,sm86,bfloat16,"SAVE_PREACT=0,shape_key=17594334055814",pairformer_block|triangle_multiplication,token_pair,256,34,"{""token_pair"": [256]}"
trimul_gemm_gate_mmajor_triton,sm86,bfloat16,"SAVE_PREACT=0,shape_key=17596481539462",triangle_multiplication_bidirectional,token_pair,256,5,"{""token_pair"": [256]}"
trimul_gemm_gate_mmajor_triton,sm86,bfloat16,"SAVE_PREACT=0,shape_key=17596482063750",triangle_multiplication,token_pair,256,10,"{""token_pair"": [256]}"
trimul_gemm_gate_mmajor_triton,sm86,bfloat16,"SAVE_PREACT=0,shape_key=17598630071686",triangle_multiplication,token_pair,256,10,"{""token_pair"": [256]}"
trimul_gemm_gate_mmajor_triton,sm86,bfloat16,"SAVE_PREACT=0,shape_key=26389353074054",triangle_multiplication,token_pair,384,10,"{""token_pair"": [384]}"
trimul_gemm_gate_mmajor_triton,sm86,bfloat16,"SAVE_PREACT=0,shape_key=26390427078022",pairformer_block|triangle_multiplication,token_pair,384,34,"{""token_pair"": [384]}"
trimul_gemm_gate_mmajor_triton,sm86,bfloat16,"SAVE_PREACT=0,shape_key=26392574561670",triangle_multiplication_bidirectional,token_pair,384,5,"{""token_pair"": [384]}"
trimul_gemm_gate_mmajor_triton,sm86,bfloat16,"SAVE_PREACT=0,shape_key=26392575085958",triangle_multiplication,token_pair,384,10,"{""token_pair"": [384]}"
trimul_gemm_gate_mmajor_triton,sm86,bfloat16,"SAVE_PREACT=0,shape_key=26394723093894",triangle_multiplication,token_pair,384,10,"{""token_pair"": [384]}"
trimul_gemm_gate_mmajor_triton,sm86,bfloat16,"SAVE_PREACT=0,shape_key=35185446096262",triangle_multiplication,token_pair,512,10,"{""token_pair"": [512]}"
trimul_gemm_gate_mmajor_triton,sm86,bfloat16,"SAVE_PREACT=0,shape_key=35186520100230",pairformer_block|triangle_multiplication,token_pair,512,34,"{""token_pair"": [512]}"
trimul_gemm_gate_mmajor_triton,sm86,bfloat16,"SAVE_PREACT=0,shape_key=35188667583878",triangle_multiplication_bidirectional,token_pair,512,5,"{""token_pair"": [512]}"
trimul_gemm_gate_mmajor_triton,sm86,bfloat16,"SAVE_PREACT=0,shape_key=35188668108166",triangle_multiplication,token_pair,512,10,"{""token_pair"": [512]}"
trimul_gemm_gate_mmajor_triton,sm86,bfloat16,"SAVE_PREACT=0,shape_key=35190816116102",triangle_multiplication,token_pair,512,10,"{""token_pair"": [512]}"
trimul_gemm_gate_mmajor_triton,sm86,bfloat16,"SAVE_PREACT=0,shape_key=43981539118470",triangle_multiplication,token_pair,640,10,"{""token_pair"": [640]}"
trimul_gemm_gate_mmajor_triton,sm86,bfloat16,"SAVE_PREACT=0,shape_key=43982613122438",pairformer_block|triangle_multiplication,token_pair,640,34,"{""token_pair"": [640]}"
trimul_gemm_gate_mmajor_triton,sm86,bfloat16,"SAVE_PREACT=0,shape_key=43984760606086",triangle_multiplication_bidirectional,token_pair,640,5,"{""token_pair"": [640]}"
trimul_gemm_gate_mmajor_triton,sm86,bfloat16,"SAVE_PREACT=0,shape_key=43984761130374",triangle_multiplication,token_pair,640,10,"{""token_pair"": [640]}"
trimul_gemm_gate_mmajor_triton,sm86,bfloat16,"SAVE_PREACT=0,shape_key=43986909138310",triangle_multiplication,token_pair,640,10,"{""token_pair"": [640]}"
trimul_gemm_gate_mmajor_triton,sm86,bfloat16,"SAVE_PREACT=0,shape_key=52777632140678",triangle_multiplication,token_pair,768,10,"{""token_pair"": [768]}"
trimul_gemm_gate_mmajor_triton,sm86,bfloat16,"SAVE_PREACT=0,shape_key=52778706144646",pairformer_block|triangle_multiplication,token_pair,768,34,"{""token_pair"": [768]}"
trimul_gemm_gate_mmajor_triton,sm86,bfloat16,"SAVE_PREACT=0,shape_key=52780853628294",triangle_multiplication_bidirectional,token_pair,768,5,"{""token_pair"": [768]}"
trimul_gemm_gate_mmajor_triton,sm86,bfloat16,"SAVE_PREACT=0,shape_key=52780854152582",triangle_multiplication,token_pair,768,10,"{""token_pair"": [768]}"
trimul_gemm_gate_mmajor_triton,sm86,bfloat16,"SAVE_PREACT=0,shape_key=52783002160518",triangle_multiplication,token_pair,768,10,"{""token_pair"": [768]}"
trimul_gemm_gate_mmajor_triton,sm86,bfloat16,"SAVE_PREACT=0,shape_key=8797167029638",triangle_multiplication,token_pair,128,10,"{""token_pair"": [128]}"
trimul_gemm_gate_mmajor_triton,sm86,bfloat16,"SAVE_PREACT=0,shape_key=8798241033606",pairformer_block|triangle_multiplication,token_pair,128,34,"{""token_pair"": [128]}"
trimul_gemm_gate_mmajor_triton,sm86,bfloat16,"SAVE_PREACT=0,shape_key=8800388517254",triangle_multiplication_bidirectional,token_pair,128,5,"{""token_pair"": [128]}"
trimul_gemm_gate_mmajor_triton,sm86,bfloat16,"SAVE_PREACT=0,shape_key=8800389041542",triangle_multiplication,token_pair,128,10,"{""token_pair"": [128]}"
trimul_gemm_gate_mmajor_triton,sm86,bfloat16,"SAVE_PREACT=0,shape_key=8802537049478",triangle_multiplication,token_pair,128,10,"{""token_pair"": [128]}"
trimul_gemm_gate_mmajor_triton,sm86,bfloat16,"SAVE_PREACT=1,shape_key=17593260051846",triangle_multiplication,token_pair,256,26,"{""token_pair"": [256]}"
trimul_gemm_gate_mmajor_triton,sm86,bfloat16,"SAVE_PREACT=1,shape_key=17594334055814",pairformer_block|triangle_multiplication,token_pair,256,76,"{""token_pair"": [256]}"
trimul_gemm_gate_mmajor_triton,sm86,bfloat16,"SAVE_PREACT=1,shape_key=17596481539462",triangle_multiplication_bidirectional,token_pair,256,13,"{""token_pair"": [256]}"
trimul_gemm_gate_mmajor_triton,sm86,bfloat16,"SAVE_PREACT=1,shape_key=17596482063750",triangle_multiplication,token_pair,256,26,"{""token_pair"": [256]}"
trimul_gemm_gate_mmajor_triton,sm86,bfloat16,"SAVE_PREACT=1,shape_key=17598630071686",triangle_multiplication,token_pair,256,26,"{""token_pair"": [256]}"
trimul_gemm_gate_mmajor_triton,sm86,bfloat16,"SAVE_PREACT=1,shape_key=26389353074054",triangle_multiplication,token_pair,384,26,"{""token_pair"": [384]}"
trimul_gemm_gate_mmajor_triton,sm86,bfloat16,"SAVE_PREACT=1,shape_key=26390427078022",pairformer_block|triangle_multiplication,token_pair,384,76,"{""token_pair"": [384]}"
trimul_gemm_gate_mmajor_triton,sm86,bfloat16,"SAVE_PREACT=1,shape_key=26392574561670",triangle_multiplication_bidirectional,token_pair,384,13,"{""token_pair"": [384]}"
trimul_gemm_gate_mmajor_triton,sm86,bfloat16,"SAVE_PREACT=1,shape_key=26392575085958",triangle_multiplication,token_pair,384,26,"{""token_pair"": [384]}"
trimul_gemm_gate_mmajor_triton,sm86,bfloat16,"SAVE_PREACT=1,shape_key=26394723093894",triangle_multiplication,token_pair,384,26,"{""token_pair"": [384]}"
trimul_gemm_gate_mmajor_triton,sm86,bfloat16,"SAVE_PREACT=1,shape_key=35185446096262",triangle_multiplication,token_pair,512,26,"{""token_pair"": [512]}"
trimul_gemm_gate_mmajor_triton,sm86,bfloat16,"SAVE_PREACT=1,shape_key=35186520100230",pairformer_block|triangle_multiplication,token_pair,512,76,"{""token_pair"": [512]}"
trimul_gemm_gate_mmajor_triton,sm86,bfloat16,"SAVE_PREACT=1,shape_key=35188667583878",triangle_multiplication_bidirectional,token_pair,512,13,"{""token_pair"": [512]}"
trimul_gemm_gate_mmajor_triton,sm86,bfloat16,"SAVE_PREACT=1,shape_key=35188668108166",triangle_multiplication,token_pair,512,26,"{""token_pair"": [512]}"
trimul_gemm_gate_mmajor_triton,sm86,bfloat16,"SAVE_PREACT=1,shape_key=35190816116102",triangle_multiplication,token_pair,512,26,"{""token_pair"": [512]}"
trimul_gemm_gate_mmajor_triton,sm86,bfloat16,"SAVE_PREACT=1,shape_key=43981539118470",triangle_multiplication,token_pair,640,26,"{""token_pair"": [640]}"
trimul_gemm_gate_mmajor_triton,sm86,bfloat16,"SAVE_PREACT=1,shape_key=43982613122438",pairformer_block|triangle_multiplication,token_pair,640,76,"{""token_pair"": [640]}"
trimul_gemm_gate_mmajor_triton,sm86,bfloat16,"SAVE_PREACT=1,shape_key=43984760606086",triangle_multiplication_bidirectional,token_pair,640,13,"{""token_pair"": [640]}"
trimul_gemm_gate_mmajor_triton,sm86,bfloat16,"SAVE_PREACT=1,shape_key=43984761130374",triangle_multiplication,token_pair,640,26,"{""token_pair"": [640]}"
trimul_gemm_gate_mmajor_triton,sm86,bfloat16,"SAVE_PREACT=1,shape_key=43986909138310",triangle_multiplication,token_pair,640,26,"{""token_pair"": [640]}"
trimul_gemm_gate_mmajor_triton,sm86,bfloat16,"SAVE_PREACT=1,shape_key=52777632140678",triangle_multiplication,token_pair,768,26,"{""token_pair"": [768]}"
trimul_gemm_gate_mmajor_triton,sm86,bfloat16,"SAVE_PREACT=1,shape_key=52778706144646",pairformer_block|triangle_multiplication,token_pair,768,76,"{""token_pair"": [768]}"
trimul_gemm_gate_mmajor_triton,sm86,bfloat16,"SAVE_PREACT=1,shape_key=52780853628294",triangle_multiplication_bidirectional,token_pair,768,13,"{""token_pair"": [768]}"
trimul_gemm_gate_mmajor_triton,sm86,bfloat16,"SAVE_PREACT=1,shape_key=52780854152582",triangle_multiplication,token_pair,768,26,"{""token_pair"": [768]}"
trimul_gemm_gate_mmajor_triton,sm86,bfloat16,"SAVE_PREACT=1,shape_key=52783002160518",triangle_multiplication,token_pair,768,26,"{""token_pair"": [768]}"
trimul_gemm_gate_mmajor_triton,sm86,bfloat16,"SAVE_PREACT=1,shape_key=8797167029638",triangle_multiplication,token_pair,128,26,"{""token_pair"": [128]}"
trimul_gemm_gate_mmajor_triton,sm86,bfloat16,"SAVE_PREACT=1,shape_key=8798241033606",pairformer_block|triangle_multiplication,token_pair,128,76,"{""token_pair"": [128]}"
trimul_gemm_gate_mmajor_triton,sm86,bfloat16,"SAVE_PREACT=1,shape_key=8800388517254",triangle_multiplication_bidirectional,token_pair,128,13,"{""token_pair"": [128]}"
trimul_gemm_gate_mmajor_triton,sm86,bfloat16,"SAVE_PREACT=1,shape_key=8800389041542",triangle_multiplication,token_pair,128,26,"{""token_pair"": [128]}"
trimul_gemm_gate_mmajor_triton,sm86,bfloat16,"SAVE_PREACT=1,shape_key=8802537049478",triangle_multiplication,token_pair,128,26,"{""token_pair"": [128]}"
trimul_input_dual_bwd_triton,sm86,bfloat16,"M=147456,fs0=1,fs1=147456,gs0=128,gs1=1,shape_key=108095204330307737,vs0=128,vs1=1,ws0=1,ws1=128",triangle_multiplication_bidirectional,token_pair,384,13,"{""token_pair"": [384]}"
trimul_input_dual_bwd_triton,sm86,bfloat16,"M=16384,fs0=1,fs1=16384,gs0=128,gs1=1,shape_key=36037610292379801,vs0=128,vs1=1,ws0=1,ws1=128",triangle_multiplication_bidirectional,token_pair,128,13,"{""token_pair"": [128]}"
trimul_input_dual_bwd_triton,sm86,bfloat16,"M=262144,fs0=1,fs1=262144,gs0=128,gs1=1,shape_key=144124001349271705,vs0=128,vs1=1,ws0=1,ws1=128",triangle_multiplication_bidirectional,token_pair,512,13,"{""token_pair"": [512]}"
trimul_input_dual_bwd_triton,sm86,bfloat16,"M=409600,fs0=1,fs1=409600,gs0=128,gs1=1,shape_key=180152798368235673,vs0=128,vs1=1,ws0=1,ws1=128",triangle_multiplication_bidirectional,token_pair,640,13,"{""token_pair"": [640]}"
trimul_input_dual_bwd_triton,sm86,bfloat16,"M=589824,fs0=1,fs1=589824,gs0=128,gs1=1,shape_key=216181595387199641,vs0=128,vs1=1,ws0=1,ws1=128",triangle_multiplication_bidirectional,token_pair,768,13,"{""token_pair"": [768]}"
trimul_input_dual_bwd_triton,sm86,bfloat16,"M=65536,fs0=1,fs1=65536,gs0=128,gs1=1,shape_key=72066407311343769,vs0=128,vs1=1,ws0=1,ws1=128",triangle_multiplication_bidirectional,token_pair,256,13,"{""token_pair"": [256]}"
trimul_input_ln_residual_bwd_triton,sm86,bfloat16+float32,"HAS_ROWSCALE=0,shape_key=1099512152858",triangle_multiplication_bidirectional,token_pair,256,13,"{""token_pair"": [256]}"
trimul_input_ln_residual_bwd_triton,sm86,bfloat16+float32,"HAS_ROWSCALE=0,shape_key=2473901687578",triangle_multiplication_bidirectional,token_pair,384,13,"{""token_pair"": [384]}"
trimul_input_ln_residual_bwd_triton,sm86,bfloat16+float32,"HAS_ROWSCALE=0,shape_key=274878432026",triangle_multiplication_bidirectional,token_pair,128,13,"{""token_pair"": [128]}"
trimul_input_ln_residual_bwd_triton,sm86,bfloat16+float32,"HAS_ROWSCALE=0,shape_key=4398047036186",triangle_multiplication_bidirectional,token_pair,512,13,"{""token_pair"": [512]}"
trimul_input_ln_residual_bwd_triton,sm86,bfloat16+float32,"HAS_ROWSCALE=0,shape_key=6871948198682",triangle_multiplication_bidirectional,token_pair,640,13,"{""token_pair"": [640]}"
trimul_input_ln_residual_bwd_triton,sm86,bfloat16+float32,"HAS_ROWSCALE=0,shape_key=9895605175066",triangle_multiplication_bidirectional,token_pair,768,13,"{""token_pair"": [768]}"
trimul_outproj_layernorm_gemm_gate_triton,sm86,bfloat16+float32,shape_key=17593260051801,triangle_multiplication,token_pair,256,10,"{""token_pair"": [256]}"
trimul_outproj_layernorm_gemm_gate_triton,sm86,bfloat16+float32,shape_key=17594334055769,pairformer_block|triangle_multiplication,token_pair,256,34,"{""token_pair"": [256]}"
trimul_outproj_layernorm_gemm_gate_triton,sm86,bfloat16+float32,shape_key=17596481539417,triangle_multiplication_bidirectional,token_pair,256,5,"{""token_pair"": [256]}"
trimul_outproj_layernorm_gemm_gate_triton,sm86,bfloat16+float32,shape_key=17596482063705,triangle_multiplication,token_pair,256,10,"{""token_pair"": [256]}"
trimul_outproj_layernorm_gemm_gate_triton,sm86,bfloat16+float32,shape_key=17598630071641,triangle_multiplication,token_pair,256,10,"{""token_pair"": [256]}"
trimul_outproj_layernorm_gemm_gate_triton,sm86,bfloat16+float32,shape_key=26389353074009,triangle_multiplication,token_pair,384,10,"{""token_pair"": [384]}"
trimul_outproj_layernorm_gemm_gate_triton,sm86,bfloat16+float32,shape_key=26390427077977,pairformer_block|triangle_multiplication,token_pair,384,34,"{""token_pair"": [384]}"
trimul_outproj_layernorm_gemm_gate_triton,sm86,bfloat16+float32,shape_key=26392574561625,triangle_multiplication_bidirectional,token_pair,384,5,"{""token_pair"": [384]}"
trimul_outproj_layernorm_gemm_gate_triton,sm86,bfloat16+float32,shape_key=26392575085913,triangle_multiplication,token_pair,384,10,"{""token_pair"": [384]}"
trimul_outproj_layernorm_gemm_gate_triton,sm86,bfloat16+float32,shape_key=26394723093849,triangle_multiplication,token_pair,384,10,"{""token_pair"": [384]}"
trimul_outproj_layernorm_gemm_gate_triton,sm86,bfloat16+float32,shape_key=35185446096217,triangle_multiplication,token_pair,512,10,"{""token_pair"": [512]}"
trimul_outproj_layernorm_gemm_gate_triton,sm86,bfloat16+float32,shape_key=35186520100185,pairformer_block|triangle_multiplication,token_pair,512,34,"{""token_pair"": [512]}"
trimul_outproj_layernorm_gemm_gate_triton,sm86,bfloat16+float32,shape_key=35188667583833,triangle_multiplication_bidirectional,token_pair,512,5,"{""token_pair"": [512]}"
trimul_outproj_layernorm_gemm_gate_triton,sm86,bfloat16+float32,shape_key=35188668108121,triangle_multiplication,token_pair,512,10,"{""token_pair"": [512]}"
trimul_outproj_layernorm_gemm_gate_triton,sm86,bfloat16+float32,shape_key=35190816116057,triangle_multiplication,token_pair,512,10,"{""token_pair"": [512]}"
trimul_outproj_layernorm_gemm_gate_triton,sm86,bfloat16+float32,shape_key=43981539118425,triangle_multiplication,token_pair,640,10,"{""token_pair"": [640]}"
trimul_outproj_layernorm_gemm_gate_triton,sm86,bfloat16+float32,shape_key=43982613122393,pairformer_block|triangle_multiplication,token_pair,640,34,"{""token_pair"": [640]}"
trimul_outproj_layernorm_gemm_gate_triton,sm86,bfloat16+float32,shape_key=43984760606041,triangle_multiplication_bidirectional,token_pair,640,5,"{""token_pair"": [640]}"
trimul_outproj_layernorm_gemm_gate_triton,sm86,bfloat16+float32,shape_key=43984761130329,triangle_multiplication,token_pair,640,10,"{""token_pair"": [640]}"
trimul_outproj_layernorm_gemm_gate_triton,sm86,bfloat16+float32,shape_key=43986909138265,triangle_multiplication,token_pair,640,10,"{""token_pair"": [640]}"
trimul_outproj_layernorm_gemm_gate_triton,sm86,bfloat16+float32,shape_key=52777632140633,triangle_multiplication,token_pair,768,10,"{""token_pair"": [768]}"
trimul_outproj_layernorm_gemm_gate_triton,sm86,bfloat16+float32,shape_key=52778706144601,pairformer_block|triangle_multiplication,token_pair,768,34,"{""token_pair"": [768]}"
trimul_outproj_layernorm_gemm_gate_triton,sm86,bfloat16+float32,shape_key=52780853628249,triangle_multiplication_bidirectional,token_pair,768,5,"{""token_pair"": [768]}"
trimul_outproj_layernorm_gemm_gate_triton,sm86,bfloat16+float32,shape_key=52780854152537,triangle_multiplication,token_pair,768,10,"{""token_pair"": [768]}"
trimul_outproj_layernorm_gemm_gate_triton,sm86,bfloat16+float32,shape_key=52783002160473,triangle_multiplication,token_pair,768,10,"{""token_pair"": [768]}"
trimul_outproj_layernorm_gemm_gate_triton,sm86,bfloat16+float32,shape_key=8797167029593,triangle_multiplication,token_pair,128,10,"{""token_pair"": [128]}"
trimul_outproj_layernorm_gemm_gate_triton,sm86,bfloat16+float32,shape_key=8798241033561,pairformer_block|triangle_multiplication,token_pair,128,34,"{""token_pair"": [128]}"
trimul_outproj_layernorm_gemm_gate_triton,sm86,bfloat16+float32,shape_key=8800388517209,triangle_multiplication_bidirectional,token_pair,128,5,"{""token_pair"": [128]}"
trimul_outproj_layernorm_gemm_gate_triton,sm86,bfloat16+float32,shape_key=8800389041497,triangle_multiplication,token_pair,128,10,"{""token_pair"": [128]}"
trimul_outproj_layernorm_gemm_gate_triton,sm86,bfloat16+float32,shape_key=8802537049433,triangle_multiplication,token_pair,128,10,"{""token_pair"": [128]}"
trimul_output_f567_train_triton,sm86,bfloat16,"L=128,M=16384,shape_key=36037597407477913,wg0=128,wg1=1,wp0=256,wp1=1",triangle_multiplication_bidirectional,token_pair,128,13,"{""token_pair"": [128]}"
trimul_output_f567_train_triton,sm86,bfloat16,"L=256,M=65536,shape_key=72066394426441881,wg0=128,wg1=1,wp0=256,wp1=1",triangle_multiplication_bidirectional,token_pair,256,13,"{""token_pair"": [256]}"
trimul_output_f567_train_triton,sm86,bfloat16,"L=384,M=147456,shape_key=108095191445405849,wg0=128,wg1=1,wp0=256,wp1=1",triangle_multiplication_bidirectional,token_pair,384,13,"{""token_pair"": [384]}"
trimul_output_f567_train_triton,sm86,bfloat16,"L=512,M=262144,shape_key=144123988464369817,wg0=128,wg1=1,wp0=256,wp1=1",triangle_multiplication_bidirectional,token_pair,512,13,"{""token_pair"": [512]}"
trimul_output_f567_train_triton,sm86,bfloat16,"L=640,M=409600,shape_key=180152785483333785,wg0=128,wg1=1,wp0=256,wp1=1",triangle_multiplication_bidirectional,token_pair,640,13,"{""token_pair"": [640]}"
trimul_output_f567_train_triton,sm86,bfloat16,"L=768,M=589824,shape_key=216181582502297753,wg0=128,wg1=1,wp0=256,wp1=1",triangle_multiplication_bidirectional,token_pair,768,13,"{""token_pair"": [768]}"
